"Profile","Id","Path","Slice Name","Alias(s)","Label","Min","Max","Must Support?","Is Modifier?","Is Summary?","Type(s)","Short","Definition","Comments","Requirements","Default Value","Meaning When Missing","Fixed Value","Pattern","Example","Minimum Value","Maximum Value","Maximum Length","Binding Strength","Binding Description","Binding Value Set","Code","Slicing Discriminator","Slicing Description","Slicing Ordered","Slicing Rules","Base Path","Base Min","Base Max","Condition(s)","Constraint(s)"
"Akteur-hi","Akteur-hi","Akteur-hi","","","",0,*,"","","","null {[]} {[]}
","Akteur (HI)","Strukturdaten der beteiligten Einrichtungen/Akteure

Refer to the **[mapping from the logical model of HI to the logical model based on the International Patient Summary (IPS)](mappings.html#akteur)** in order to get an idea how the IPS can be used in this context.","","","","","","","","","",,,,,"",,,,"Base",0,*,"",""
"Akteur-hi","Akteur-hi.Einrichtung","Akteur-hi.Einrichtung","","","",1,1,"","","","string {[]} {[]}
","Einrichtungsbezeichnung","Einrichtungsbezeichnung","","","","","","","","","",,,,,"",,,,"Akteur-hi.Einrichtung",1,1,"",""
"Akteur-hi","Akteur-hi.Einrichtungsart","Akteur-hi.Einrichtungsart","","","",1,1,"","","","CodeableConcept {[]} {[]}
","extramural | intramural","extramural | intramural","","","","","","","","","",,"required","","https://hi.iv.elga.gv.at/ValueSet/facilitytype","",,,,"Akteur-hi.Einrichtungsart",1,1,"",""
"Akteur-hi","Akteur-hi.Fachrichtung","Akteur-hi.Fachrichtung","","","",1,1,"","","","CodeableConcept {[]} {[]}
","Fachrichtung (AM | IM | etc.)","Fachrichtung (AM | IM | etc.)","","","","","","","","","",,"required","","https://termgit.elga.gv.at/ValueSet/elga-authorspeciality","",,,,"Akteur-hi.Fachrichtung",1,1,"",""
"Akteur-hi","Akteur-hi.Adresse","Akteur-hi.Adresse","","","",1,*,"","","","Address {[]} {[]}
","Adresse/politischer Bezirk","Adresse/politischer Bezirk","","","","","","","","","",,,,,"",,,,"Akteur-hi.Adresse",1,*,"",""
"Akteur-hi","Akteur-hi.Personalstand","Akteur-hi.Personalstand","","","",1,*,"","","","BackboneElement {[]} {[]}
","Personalstand (Quartalsende) - Anzahl der VZÄ/Köpfe je Berufsgruppe, die am DMP aktiv beteiligt sind","Personalstand (Quartalsende) - Anzahl der VZÄ/Köpfe je Berufsgruppe, die am DMP aktiv beteiligt sind","","","","","","","","","",,,,,"",,,,"Akteur-hi.Personalstand",1,*,"","ele-1:All FHIR elements must have a @value or children {hasValue() or (children().count() > id.count())}
"
"Akteur-hi","Akteur-hi.Personalstand.id","Akteur-hi.Personalstand.id","","","",0,1,"","","","string {[]} {[]}
","Unique id for inter-element referencing","Unique id for the element within a resource (for internal references). This may be any string value that does not contain spaces.","","","","","","","","","",,,,,"",,,,"Element.id",0,1,"",""
"Akteur-hi","Akteur-hi.Personalstand.extension","Akteur-hi.Personalstand.extension","","extensions
user content","",0,*,"","","","Extension {[]} {[]}
","Additional content defined by implementations","May be used to represent additional information that is not part of the basic definition of the element. To make the use of extensions safe and manageable, there is a strict set of governance  applied to the definition and use of extensions. Though any implementer can define an extension, there is a set of requirements that SHALL be met as part of the definition of the extension.","There can be no stigma associated with the use of extensions by any application, project, or standard - regardless of the institution or jurisdiction that uses or defines the extensions.  The use of extensions is what allows the FHIR specification to retain a core level of simplicity for everyone.","","","","","","","","",,,,,"","value:url}
","Extensions are always sliced by (at least) url",,"open","Element.extension",0,*,"","ele-1:All FHIR elements must have a @value or children {hasValue() or (children().count() > id.count())}
ext-1:Must have either extensions or value[x], not both {extension.exists() != value.exists()}"
"Akteur-hi","Akteur-hi.Personalstand.modifierExtension","Akteur-hi.Personalstand.modifierExtension","","extensions
user contentmodifiers","",0,*,"","Y","Y","Extension {[]} {[]}
","Extensions that cannot be ignored even if unrecognized","May be used to represent additional information that is not part of the basic definition of the element and that modifies the understanding of the element in which it is contained and/or the understanding of the containing element's descendants. Usually modifier elements provide negation or qualification. To make the use of extensions safe and manageable, there is a strict set of governance applied to the definition and use of extensions. Though any implementer can define an extension, there is a set of requirements that SHALL be met as part of the definition of the extension. Applications processing a resource are required to check for modifier extensions.

Modifier extensions SHALL NOT change the meaning of any elements on Resource or DomainResource (including cannot change the meaning of modifierExtension itself).","There can be no stigma associated with the use of extensions by any application, project, or standard - regardless of the institution or jurisdiction that uses or defines the extensions.  The use of extensions is what allows the FHIR specification to retain a core level of simplicity for everyone.","Modifier extensions allow for extensions that *cannot* be safely ignored to be clearly distinguished from the vast majority of extensions which can be safely ignored.  This promotes interoperability by eliminating the need for implementers to prohibit the presence of extensions. For further information, see the [definition of modifier extensions](http://hl7.org/fhir/R4/extensibility.html#modifierExtension).","","","","","","","",,,,,"",,,,"BackboneElement.modifierExtension",0,*,"","ele-1:All FHIR elements must have a @value or children {hasValue() or (children().count() > id.count())}
ext-1:Must have either extensions or value[x], not both {extension.exists() != value.exists()}"
"Akteur-hi","Akteur-hi.Personalstand.Anzahl","Akteur-hi.Personalstand.Anzahl","","","",1,1,"","","","integer {[]} {[]}
","Anzahl","Anzahl","","","","","","","","","",,,,,"",,,,"Akteur-hi.Personalstand.Anzahl",1,1,"",""
"Akteur-hi","Akteur-hi.Personalstand.Berufsgruppe","Akteur-hi.Personalstand.Berufsgruppe","","","",1,1,"","","","CodeableConcept {[]} {[]}
","Berufsgruppe","Berufsgruppe","","","","","","","","","",,"required","","https://termgit.elga.gv.at/ValueSet/elga-authorspeciality","",,,,"Akteur-hi.Personalstand.Berufsgruppe",1,1,"",""
"Akteur-hi","Akteur-hi.GDL","Akteur-hi.GDL","","","",1,*,"","","","BackboneElement {[]} {[]}
","GDL","GDL","","","","","","","","","",,,,,"",,,,"Akteur-hi.GDL",1,*,"","ele-1:All FHIR elements must have a @value or children {hasValue() or (children().count() > id.count())}
"
"Akteur-hi","Akteur-hi.GDL.id","Akteur-hi.GDL.id","","","",0,1,"","","","string {[]} {[]}
","Unique id for inter-element referencing","Unique id for the element within a resource (for internal references). This may be any string value that does not contain spaces.","","","","","","","","","",,,,,"",,,,"Element.id",0,1,"",""
"Akteur-hi","Akteur-hi.GDL.extension","Akteur-hi.GDL.extension","","extensions
user content","",0,*,"","","","Extension {[]} {[]}
","Additional content defined by implementations","May be used to represent additional information that is not part of the basic definition of the element. To make the use of extensions safe and manageable, there is a strict set of governance  applied to the definition and use of extensions. Though any implementer can define an extension, there is a set of requirements that SHALL be met as part of the definition of the extension.","There can be no stigma associated with the use of extensions by any application, project, or standard - regardless of the institution or jurisdiction that uses or defines the extensions.  The use of extensions is what allows the FHIR specification to retain a core level of simplicity for everyone.","","","","","","","","",,,,,"","value:url}
","Extensions are always sliced by (at least) url",,"open","Element.extension",0,*,"","ele-1:All FHIR elements must have a @value or children {hasValue() or (children().count() > id.count())}
ext-1:Must have either extensions or value[x], not both {extension.exists() != value.exists()}"
"Akteur-hi","Akteur-hi.GDL.modifierExtension","Akteur-hi.GDL.modifierExtension","","extensions
user contentmodifiers","",0,*,"","Y","Y","Extension {[]} {[]}
","Extensions that cannot be ignored even if unrecognized","May be used to represent additional information that is not part of the basic definition of the element and that modifies the understanding of the element in which it is contained and/or the understanding of the containing element's descendants. Usually modifier elements provide negation or qualification. To make the use of extensions safe and manageable, there is a strict set of governance applied to the definition and use of extensions. Though any implementer can define an extension, there is a set of requirements that SHALL be met as part of the definition of the extension. Applications processing a resource are required to check for modifier extensions.

Modifier extensions SHALL NOT change the meaning of any elements on Resource or DomainResource (including cannot change the meaning of modifierExtension itself).","There can be no stigma associated with the use of extensions by any application, project, or standard - regardless of the institution or jurisdiction that uses or defines the extensions.  The use of extensions is what allows the FHIR specification to retain a core level of simplicity for everyone.","Modifier extensions allow for extensions that *cannot* be safely ignored to be clearly distinguished from the vast majority of extensions which can be safely ignored.  This promotes interoperability by eliminating the need for implementers to prohibit the presence of extensions. For further information, see the [definition of modifier extensions](http://hl7.org/fhir/R4/extensibility.html#modifierExtension).","","","","","","","",,,,,"",,,,"BackboneElement.modifierExtension",0,*,"","ele-1:All FHIR elements must have a @value or children {hasValue() or (children().count() > id.count())}
ext-1:Must have either extensions or value[x], not both {extension.exists() != value.exists()}"
"Akteur-hi","Akteur-hi.GDL.Vorname","Akteur-hi.GDL.Vorname","","","",1,*,"","","","string {[]} {[]}
","Vorname GDL","Vorname GDL","","","","","","","","","",,,,,"",,,,"Akteur-hi.GDL.Vorname",1,*,"",""
"Akteur-hi","Akteur-hi.GDL.Zuname","Akteur-hi.GDL.Zuname","","","",1,*,"","","","string {[]} {[]}
","Zuname GDL","Zuname GDL","","","","","","","","","",,,,,"",,,,"Akteur-hi.GDL.Zuname",1,*,"",""
"Akteur-hi","Akteur-hi.GDL.Vertragspartnernummer","Akteur-hi.GDL.Vertragspartnernummer","","","",1,1,"","","","integer {[]} {[]}
","Vertragspartnernummer","Vertragspartnernummer","","","","","","","","","",,,,,"",,,,"Akteur-hi.GDL.Vertragspartnernummer",1,1,"",""
"Akteur-hi","Akteur-hi.GDL.Teilnahmebeginn","Akteur-hi.GDL.Teilnahmebeginn","","","",1,1,"","","","date {[]} {[]}
","Teilnahmebeginn","Teilnahmebeginn","","","","","","","","","",,,,,"",,,,"Akteur-hi.GDL.Teilnahmebeginn",1,1,"",""
"Akteur-hi","Akteur-hi.GDL.Schulungsnachweis","Akteur-hi.GDL.Schulungsnachweis","","","",1,1,"","","","boolean {[]} {[]}
","Schulungsnachweis","Schulungsnachweis","","","","","","","","","",,,,,"",,,,"Akteur-hi.GDL.Schulungsnachweis",1,1,"",""
"Akteur-hi","Akteur-hi.GDL.Austritt","Akteur-hi.GDL.Austritt","","","",0,1,"","","","BackboneElement {[]} {[]}
","Austritt","Austritt","","","","","","","","","",,,,,"",,,,"Akteur-hi.GDL.Austritt",0,1,"","ele-1:All FHIR elements must have a @value or children {hasValue() or (children().count() > id.count())}
"
"Akteur-hi","Akteur-hi.GDL.Austritt.id","Akteur-hi.GDL.Austritt.id","","","",0,1,"","","","string {[]} {[]}
","Unique id for inter-element referencing","Unique id for the element within a resource (for internal references). This may be any string value that does not contain spaces.","","","","","","","","","",,,,,"",,,,"Element.id",0,1,"",""
"Akteur-hi","Akteur-hi.GDL.Austritt.extension","Akteur-hi.GDL.Austritt.extension","","extensions
user content","",0,*,"","","","Extension {[]} {[]}
","Additional content defined by implementations","May be used to represent additional information that is not part of the basic definition of the element. To make the use of extensions safe and manageable, there is a strict set of governance  applied to the definition and use of extensions. Though any implementer can define an extension, there is a set of requirements that SHALL be met as part of the definition of the extension.","There can be no stigma associated with the use of extensions by any application, project, or standard - regardless of the institution or jurisdiction that uses or defines the extensions.  The use of extensions is what allows the FHIR specification to retain a core level of simplicity for everyone.","","","","","","","","",,,,,"","value:url}
","Extensions are always sliced by (at least) url",,"open","Element.extension",0,*,"","ele-1:All FHIR elements must have a @value or children {hasValue() or (children().count() > id.count())}
ext-1:Must have either extensions or value[x], not both {extension.exists() != value.exists()}"
"Akteur-hi","Akteur-hi.GDL.Austritt.modifierExtension","Akteur-hi.GDL.Austritt.modifierExtension","","extensions
user contentmodifiers","",0,*,"","Y","Y","Extension {[]} {[]}
","Extensions that cannot be ignored even if unrecognized","May be used to represent additional information that is not part of the basic definition of the element and that modifies the understanding of the element in which it is contained and/or the understanding of the containing element's descendants. Usually modifier elements provide negation or qualification. To make the use of extensions safe and manageable, there is a strict set of governance applied to the definition and use of extensions. Though any implementer can define an extension, there is a set of requirements that SHALL be met as part of the definition of the extension. Applications processing a resource are required to check for modifier extensions.

Modifier extensions SHALL NOT change the meaning of any elements on Resource or DomainResource (including cannot change the meaning of modifierExtension itself).","There can be no stigma associated with the use of extensions by any application, project, or standard - regardless of the institution or jurisdiction that uses or defines the extensions.  The use of extensions is what allows the FHIR specification to retain a core level of simplicity for everyone.","Modifier extensions allow for extensions that *cannot* be safely ignored to be clearly distinguished from the vast majority of extensions which can be safely ignored.  This promotes interoperability by eliminating the need for implementers to prohibit the presence of extensions. For further information, see the [definition of modifier extensions](http://hl7.org/fhir/R4/extensibility.html#modifierExtension).","","","","","","","",,,,,"",,,,"BackboneElement.modifierExtension",0,*,"","ele-1:All FHIR elements must have a @value or children {hasValue() or (children().count() > id.count())}
ext-1:Must have either extensions or value[x], not both {extension.exists() != value.exists()}"
"Akteur-hi","Akteur-hi.GDL.Austritt.Austrittsanfrage","Akteur-hi.GDL.Austritt.Austrittsanfrage","","","",0,1,"","","","boolean {[]} {[]}
","Austrittsanfrage","Austrittsanfrage","","","","","","","","","",,,,,"",,,,"Akteur-hi.GDL.Austritt.Austrittsanfrage",0,1,"",""
"Akteur-hi","Akteur-hi.GDL.Austritt.Teilnahmeende","Akteur-hi.GDL.Austritt.Teilnahmeende","","","",0,1,"","","","date {[]} {[]}
","Teilnahmeende","Teilnahmeende","","","","","","","","","",,,,,"",,,,"Akteur-hi.GDL.Austritt.Teilnahmeende",0,1,"",""
"Akteur-hi","Akteur-hi.Schulungen","Akteur-hi.Schulungen","","","",1,1,"","","","BackboneElement {[]} {[]}
","Schulung","Schulung","","","","","","","","","",,,,,"",,,,"Akteur-hi.Schulungen",1,1,"","ele-1:All FHIR elements must have a @value or children {hasValue() or (children().count() > id.count())}
"
"Akteur-hi","Akteur-hi.Schulungen.id","Akteur-hi.Schulungen.id","","","",0,1,"","","","string {[]} {[]}
","Unique id for inter-element referencing","Unique id for the element within a resource (for internal references). This may be any string value that does not contain spaces.","","","","","","","","","",,,,,"",,,,"Element.id",0,1,"",""
"Akteur-hi","Akteur-hi.Schulungen.extension","Akteur-hi.Schulungen.extension","","extensions
user content","",0,*,"","","","Extension {[]} {[]}
","Additional content defined by implementations","May be used to represent additional information that is not part of the basic definition of the element. To make the use of extensions safe and manageable, there is a strict set of governance  applied to the definition and use of extensions. Though any implementer can define an extension, there is a set of requirements that SHALL be met as part of the definition of the extension.","There can be no stigma associated with the use of extensions by any application, project, or standard - regardless of the institution or jurisdiction that uses or defines the extensions.  The use of extensions is what allows the FHIR specification to retain a core level of simplicity for everyone.","","","","","","","","",,,,,"","value:url}
","Extensions are always sliced by (at least) url",,"open","Element.extension",0,*,"","ele-1:All FHIR elements must have a @value or children {hasValue() or (children().count() > id.count())}
ext-1:Must have either extensions or value[x], not both {extension.exists() != value.exists()}"
"Akteur-hi","Akteur-hi.Schulungen.modifierExtension","Akteur-hi.Schulungen.modifierExtension","","extensions
user contentmodifiers","",0,*,"","Y","Y","Extension {[]} {[]}
","Extensions that cannot be ignored even if unrecognized","May be used to represent additional information that is not part of the basic definition of the element and that modifies the understanding of the element in which it is contained and/or the understanding of the containing element's descendants. Usually modifier elements provide negation or qualification. To make the use of extensions safe and manageable, there is a strict set of governance applied to the definition and use of extensions. Though any implementer can define an extension, there is a set of requirements that SHALL be met as part of the definition of the extension. Applications processing a resource are required to check for modifier extensions.

Modifier extensions SHALL NOT change the meaning of any elements on Resource or DomainResource (including cannot change the meaning of modifierExtension itself).","There can be no stigma associated with the use of extensions by any application, project, or standard - regardless of the institution or jurisdiction that uses or defines the extensions.  The use of extensions is what allows the FHIR specification to retain a core level of simplicity for everyone.","Modifier extensions allow for extensions that *cannot* be safely ignored to be clearly distinguished from the vast majority of extensions which can be safely ignored.  This promotes interoperability by eliminating the need for implementers to prohibit the presence of extensions. For further information, see the [definition of modifier extensions](http://hl7.org/fhir/R4/extensibility.html#modifierExtension).","","","","","","","",,,,,"",,,,"BackboneElement.modifierExtension",0,*,"","ele-1:All FHIR elements must have a @value or children {hasValue() or (children().count() > id.count())}
ext-1:Must have either extensions or value[x], not both {extension.exists() != value.exists()}"
"Akteur-hi","Akteur-hi.Schulungen.aktiv","Akteur-hi.Schulungen.aktiv","","","",1,1,"","","","boolean {[]} {[]}
","Schulungsaktivitäten","Schulungsaktivitäten","","","","","","","","","",,,,,"",,,,"Akteur-hi.Schulungen.aktiv",1,1,"",""
"Akteur-hi","Akteur-hi.Schulungen.Anzahl","Akteur-hi.Schulungen.Anzahl","","","",0,1,"","","","integer {[]} {[]}
","Anzahl der durchgeführten DM(P)-spezifischen Patientenschulungen","Anzahl der durchgeführten DM(P)-spezifischen Patientenschulungen","","","","","","","","","",,,,,"",,,,"Akteur-hi.Schulungen.Anzahl",0,1,"",""
"Akteur-hi","Akteur-hi.Konsultationen","Akteur-hi.Konsultationen","","","",1,1,"","","","date {[]} {[]}
","Datum e-card-Steckung","Datum e-card-Steckung","","","","","","","","","",,,,,"",,,,"Akteur-hi.Konsultationen",1,1,"",""
"DiagnosticResults-ips","DiagnosticResults-ips","DiagnosticResults-ips","","","",0,*,"","","","null {[]} {[]}
","Diagnostic Results (IPS)","Abbildung der Datenfelder, die für den Entwurf der Datenspezifikation des modularen Rahmenkonzepts für
Österreich für das Disease-Management bei chronischer Herzinsuffizienz erforderlich sind, auf dem des IPS-Modul ""Diagnostic Results"".

Refer to the **[mapping from the logical model of HI to the logical model based on the International Patient Summary (IPS)](mappings.html)** in order to get an idea how the IPS relates to HI.","","","","","","","","","",,,,,"",,,,"Base",0,*,"",""
"DiagnosticResults-ips","DiagnosticResults-ips.code","DiagnosticResults-ips.code","","","",1,1,"","","","CodeableConcept {[]} {[]}
","Type of observation (code / type)","Type of observation (code / type)","","","","","","","","","",,,,,"",,,,"DiagnosticResults-ips.code",1,1,"",""
"DiagnosticResults-ips","DiagnosticResults-ips.subject","DiagnosticResults-ips.subject","","","",1,1,"","","","https://hi.iv.elga.gv.at/StructureDefinition/Subject-ips {[]} {[]}
","Who and/or what the observation is about","Who and/or what the observation is about","","","","","","","","","",,,,,"",,,,"DiagnosticResults-ips.subject",1,1,"",""
"DiagnosticResults-ips","DiagnosticResults-ips.effective[x]","DiagnosticResults-ips.effective[x]","","","",1,1,"","","","dateTime {[]} {[]}
Period {[]} {[]}","Clinically relevant time/time-period for observation","Clinically relevant time/time-period for observation","","","","","","","","","",,,,,"",,,,"DiagnosticResults-ips.effective[x]",1,1,"",""
"DiagnosticResults-ips","DiagnosticResults-ips.performer","DiagnosticResults-ips.performer","","","",1,1,"","","","Reference {[]} {[CanonicalType[http://hl7.org/fhir/StructureDefinition/Practitioner], CanonicalType[http://hl7.org/fhir/StructureDefinition/PractitionerRole]]}
","Who is responsible for the observation","Who is responsible for the observation","","","","","","","","","",,,,,"",,,,"DiagnosticResults-ips.performer",1,1,"",""
"DiagnosticResults-ips","DiagnosticResults-ips.value[x]","DiagnosticResults-ips.value[x]","","","",1,1,"","","","Quantity {[]} {[]}
CodeableConcept {[]} {[]}string {[]} {[]}boolean {[]} {[]}integer {[]} {[]}Range {[]} {[]}Ratio {[]} {[]}SampledData {[]} {[]}time {[]} {[]}dateTime {[]} {[]}Period {[]} {[]}","Actual result","Actual result","","","","","","","","","",,,,,"",,,,"DiagnosticResults-ips.value[x]",1,1,"",""
"Erstdokumentation-hi","Erstdokumentation-hi","Erstdokumentation-hi","","","",0,*,"","","","null {[]} {[]}
","Erstdokumentation (HI)","Medizinische Datensätze - Erstdokumentation (im Rahmen der Erstabklärung erhoben/durchgeführt)

Refer to the **[mapping from the logical model of HI to the logical model based on the International Patient Summary (IPS)](mappings.html#erstdokumentation)** in order to get an idea how the IPS can be used in this context.","","","","","","","","","",,,,,"",,,,"Base",0,*,"",""
"Erstdokumentation-hi","Erstdokumentation-hi.VPNR","Erstdokumentation-hi.VPNR","","","",1,1,"","","","https://hi.iv.elga.gv.at/StructureDefinition/Akteur-hi {[]} {[]}
","Beteiligter Akteur","Beteiligter Akteur","","","","","","","","","",,,,,"",,,,"Erstdokumentation-hi.VPNR",1,1,"",""
"Erstdokumentation-hi","Erstdokumentation-hi.Untersuchungsdatum","Erstdokumentation-hi.Untersuchungsdatum","","","",1,1,"","","","date {[]} {[]}
","Untersuchungsdatum","Untersuchungsdatum","","","","","","","","","",,,,,"",,,,"Erstdokumentation-hi.Untersuchungsdatum",1,1,"",""
"Erstdokumentation-hi","Erstdokumentation-hi.Patient","Erstdokumentation-hi.Patient","","","",1,1,"","","","https://hi.iv.elga.gv.at/StructureDefinition/Patient-hi {[]} {[]}
","Patient","Patient","","","","","","","","","",,,,,"",,,,"Erstdokumentation-hi.Patient",1,1,"",""
"Erstdokumentation-hi","Erstdokumentation-hi.Erstabklaerung","Erstdokumentation-hi.Erstabklaerung","","","",1,1,"","","","BackboneElement {[]} {[]}
","Diagnostische Erstabklärung","Diagnostische Erstabklärung","","","","","","","","","",,,,,"",,,,"Erstdokumentation-hi.Erstabklaerung",1,1,"","ele-1:All FHIR elements must have a @value or children {hasValue() or (children().count() > id.count())}
"
"Erstdokumentation-hi","Erstdokumentation-hi.Erstabklaerung.id","Erstdokumentation-hi.Erstabklaerung.id","","","",0,1,"","","","string {[]} {[]}
","Unique id for inter-element referencing","Unique id for the element within a resource (for internal references). This may be any string value that does not contain spaces.","","","","","","","","","",,,,,"",,,,"Element.id",0,1,"",""
"Erstdokumentation-hi","Erstdokumentation-hi.Erstabklaerung.extension","Erstdokumentation-hi.Erstabklaerung.extension","","extensions
user content","",0,*,"","","","Extension {[]} {[]}
","Additional content defined by implementations","May be used to represent additional information that is not part of the basic definition of the element. To make the use of extensions safe and manageable, there is a strict set of governance  applied to the definition and use of extensions. Though any implementer can define an extension, there is a set of requirements that SHALL be met as part of the definition of the extension.","There can be no stigma associated with the use of extensions by any application, project, or standard - regardless of the institution or jurisdiction that uses or defines the extensions.  The use of extensions is what allows the FHIR specification to retain a core level of simplicity for everyone.","","","","","","","","",,,,,"","value:url}
","Extensions are always sliced by (at least) url",,"open","Element.extension",0,*,"","ele-1:All FHIR elements must have a @value or children {hasValue() or (children().count() > id.count())}
ext-1:Must have either extensions or value[x], not both {extension.exists() != value.exists()}"
"Erstdokumentation-hi","Erstdokumentation-hi.Erstabklaerung.modifierExtension","Erstdokumentation-hi.Erstabklaerung.modifierExtension","","extensions
user contentmodifiers","",0,*,"","Y","Y","Extension {[]} {[]}
","Extensions that cannot be ignored even if unrecognized","May be used to represent additional information that is not part of the basic definition of the element and that modifies the understanding of the element in which it is contained and/or the understanding of the containing element's descendants. Usually modifier elements provide negation or qualification. To make the use of extensions safe and manageable, there is a strict set of governance applied to the definition and use of extensions. Though any implementer can define an extension, there is a set of requirements that SHALL be met as part of the definition of the extension. Applications processing a resource are required to check for modifier extensions.

Modifier extensions SHALL NOT change the meaning of any elements on Resource or DomainResource (including cannot change the meaning of modifierExtension itself).","There can be no stigma associated with the use of extensions by any application, project, or standard - regardless of the institution or jurisdiction that uses or defines the extensions.  The use of extensions is what allows the FHIR specification to retain a core level of simplicity for everyone.","Modifier extensions allow for extensions that *cannot* be safely ignored to be clearly distinguished from the vast majority of extensions which can be safely ignored.  This promotes interoperability by eliminating the need for implementers to prohibit the presence of extensions. For further information, see the [definition of modifier extensions](http://hl7.org/fhir/R4/extensibility.html#modifierExtension).","","","","","","","",,,,,"",,,,"BackboneElement.modifierExtension",0,*,"","ele-1:All FHIR elements must have a @value or children {hasValue() or (children().count() > id.count())}
ext-1:Must have either extensions or value[x], not both {extension.exists() != value.exists()}"
"Erstdokumentation-hi","Erstdokumentation-hi.Erstabklaerung.Untersuchung","Erstdokumentation-hi.Erstabklaerung.Untersuchung","","","",1,1,"","","","boolean {[]} {[]}
","Spezifische körperliche Untersuchung","Spezifische körperliche Untersuchung","","","","","","","","","",,,,,"",,,,"Erstdokumentation-hi.Erstabklaerung.Untersuchung",1,1,"",""
"Erstdokumentation-hi","Erstdokumentation-hi.Erstabklaerung.Komorbiditaet","Erstdokumentation-hi.Erstabklaerung.Komorbiditaet","","","",0,*,"","","","CodeableConcept {[]} {[]}
","Komorbidität","Komorbidität","","","","","","","","","",,"example","","https://hi.iv.elga.gv.at/ValueSet/comorbidities","",,,,"Erstdokumentation-hi.Erstabklaerung.Komorbiditaet",0,*,"",""
"Erstdokumentation-hi","Erstdokumentation-hi.Erstabklaerung.EKG","Erstdokumentation-hi.Erstabklaerung.EKG","","","",1,1,"","","","boolean {[]} {[]}
","EKG (mit 12 Ableitungen)","EKG (mit 12 Ableitungen)","","","","","","","","","",,,,,"",,,,"Erstdokumentation-hi.Erstabklaerung.EKG",1,1,"",""
"Erstdokumentation-hi","Erstdokumentation-hi.Erstabklaerung.Echokardiogramm","Erstdokumentation-hi.Erstabklaerung.Echokardiogramm","","","",1,1,"","","","boolean {[]} {[]}
","Echokardiographie/LVEF Messung","Echokardiographie/LVEF Messung","","","","","","","","","",,,,,"",,,,"Erstdokumentation-hi.Erstabklaerung.Echokardiogramm",1,1,"",""
"Erstdokumentation-hi","Erstdokumentation-hi.Erstabklaerung.NTproBNP","Erstdokumentation-hi.Erstabklaerung.NTproBNP","","","",0,1,"","","","string {[]} {[]}
","NT-proBNP","Mit Blick auf die aktuelle Versorgungssituation muss festgehalten werden, dass die Bestimmung des
NT-proBNP als wichtiger Parameter im Rahmen der Diagnostik sowie als wesentlicher Marker im Krankheitsverlauf für die Primärversorgung
österreichweit nicht einheitlich geregelt ist. Auch in den CHI-Projekten gibt es unterschiedliche Vorgehensweisen. Die einheitliche
Regelung in Bezug auf NT-proBNP ist unabdingbar und sollte entsprechend priorisiert werden.","","","","","","","","","",,,,,"",,,,"Erstdokumentation-hi.Erstabklaerung.NTproBNP",0,1,"",""
"Erstdokumentation-hi","Erstdokumentation-hi.Erstabklaerung.Symptomatik","Erstdokumentation-hi.Erstabklaerung.Symptomatik","","","",1,1,"","","","CodeableConcept {[]} {[]}
","Symptomatik/klinischer Status (NYHA I | NYHA II | NYHA III | NYHA IV)","Symptomatik/klinischer Status (NYHA I | NYHA II | NYHA III | NYHA IV)","","","","","","","","","",,"required","","https://hi.iv.elga.gv.at/ValueSet/symptoms","",,,,"Erstdokumentation-hi.Erstabklaerung.Symptomatik",1,1,"",""
"Erstdokumentation-hi","Erstdokumentation-hi.Erstabklaerung.Kardiologe","Erstdokumentation-hi.Erstabklaerung.Kardiologe","","","",1,1,"","","","boolean {[]} {[]}
","Überweisung an Kardiologin bzw. Kardiologen im Rahmen der Erstdiagnose","Der Begriff 'Kardiologe' wird hier der Einfachheit halber synonym für Fachärztin bzw. -arzt für Innere Medizin und Kardiologie
(Ärzteausbildungsordnung 2015) bzw. Fachärztin bzw. -arzt für Innere Medizin mit Additivfach Kardiologie (Ärzteausbildungsordnung
2006) verwendet.","","","","","","","","","",,,,,"",,,,"Erstdokumentation-hi.Erstabklaerung.Kardiologe",1,1,"",""
"Erstdokumentation-hi","Erstdokumentation-hi.Erstabklaerung.Diagnose","Erstdokumentation-hi.Erstabklaerung.Diagnose","","","",1,1,"","","","CodeableConcept {[]} {[]}
","HFrEF | HFmrEF | HFpEF","HFrEF | HFmrEF | HFpEF","","","","","","","","","",,"required","","https://hi.iv.elga.gv.at/ValueSet/diagnosis","",,,,"Erstdokumentation-hi.Erstabklaerung.Diagnose",1,1,"",""
"Erstdokumentation-hi","Erstdokumentation-hi.Erstabklaerung.Behandlungsziel","Erstdokumentation-hi.Erstabklaerung.Behandlungsziel","","","",1,1,"","","","CodeableConcept {[]} {[]}
","1 | 2 | 3a | 3b","1 | 2 | 3a | 3b","","","","","","","","","",,"required","","https://hi.iv.elga.gv.at/ValueSet/behandlungsziel","",,,,"Erstdokumentation-hi.Erstabklaerung.Behandlungsziel",1,1,"",""
"Erstdokumentation-hi","Erstdokumentation-hi.Labor","Erstdokumentation-hi.Labor","","","",1,1,"","","","date {[]} {[]}
","Laborkontrolle entsprechend Betreuungspfad (mind. halbjährlich zu erheben)","Laborkontrolle entsprechend Betreuungspfad (mind. halbjährlich zu erheben)","","","","","","","","","",,,,,"",,,,"Erstdokumentation-hi.Labor",1,1,"",""
"Erstdokumentation-hi","Erstdokumentation-hi.Therapie","Erstdokumentation-hi.Therapie","","","",1,1,"","","","BackboneElement {[]} {[]}
","Therapie","Therapie","","","","","","","","","",,,,,"",,,,"Erstdokumentation-hi.Therapie",1,1,"","ele-1:All FHIR elements must have a @value or children {hasValue() or (children().count() > id.count())}
"
"Erstdokumentation-hi","Erstdokumentation-hi.Therapie.id","Erstdokumentation-hi.Therapie.id","","","",0,1,"","","","string {[]} {[]}
","Unique id for inter-element referencing","Unique id for the element within a resource (for internal references). This may be any string value that does not contain spaces.","","","","","","","","","",,,,,"",,,,"Element.id",0,1,"",""
"Erstdokumentation-hi","Erstdokumentation-hi.Therapie.extension","Erstdokumentation-hi.Therapie.extension","","extensions
user content","",0,*,"","","","Extension {[]} {[]}
","Additional content defined by implementations","May be used to represent additional information that is not part of the basic definition of the element. To make the use of extensions safe and manageable, there is a strict set of governance  applied to the definition and use of extensions. Though any implementer can define an extension, there is a set of requirements that SHALL be met as part of the definition of the extension.","There can be no stigma associated with the use of extensions by any application, project, or standard - regardless of the institution or jurisdiction that uses or defines the extensions.  The use of extensions is what allows the FHIR specification to retain a core level of simplicity for everyone.","","","","","","","","",,,,,"","value:url}
","Extensions are always sliced by (at least) url",,"open","Element.extension",0,*,"","ele-1:All FHIR elements must have a @value or children {hasValue() or (children().count() > id.count())}
ext-1:Must have either extensions or value[x], not both {extension.exists() != value.exists()}"
"Erstdokumentation-hi","Erstdokumentation-hi.Therapie.modifierExtension","Erstdokumentation-hi.Therapie.modifierExtension","","extensions
user contentmodifiers","",0,*,"","Y","Y","Extension {[]} {[]}
","Extensions that cannot be ignored even if unrecognized","May be used to represent additional information that is not part of the basic definition of the element and that modifies the understanding of the element in which it is contained and/or the understanding of the containing element's descendants. Usually modifier elements provide negation or qualification. To make the use of extensions safe and manageable, there is a strict set of governance applied to the definition and use of extensions. Though any implementer can define an extension, there is a set of requirements that SHALL be met as part of the definition of the extension. Applications processing a resource are required to check for modifier extensions.

Modifier extensions SHALL NOT change the meaning of any elements on Resource or DomainResource (including cannot change the meaning of modifierExtension itself).","There can be no stigma associated with the use of extensions by any application, project, or standard - regardless of the institution or jurisdiction that uses or defines the extensions.  The use of extensions is what allows the FHIR specification to retain a core level of simplicity for everyone.","Modifier extensions allow for extensions that *cannot* be safely ignored to be clearly distinguished from the vast majority of extensions which can be safely ignored.  This promotes interoperability by eliminating the need for implementers to prohibit the presence of extensions. For further information, see the [definition of modifier extensions](http://hl7.org/fhir/R4/extensibility.html#modifierExtension).","","","","","","","",,,,,"",,,,"BackboneElement.modifierExtension",0,*,"","ele-1:All FHIR elements must have a @value or children {hasValue() or (children().count() > id.count())}
ext-1:Must have either extensions or value[x], not both {extension.exists() != value.exists()}"
"Erstdokumentation-hi","Erstdokumentation-hi.Therapie.HITherapie","Erstdokumentation-hi.Therapie.HITherapie","","","",1,1,"","","","BackboneElement {[]} {[]}
","HI-spezifische Therapie","HI-spezifische Therapie","","","","","","","","","",,,,,"",,,,"Erstdokumentation-hi.Therapie.HITherapie",1,1,"","ele-1:All FHIR elements must have a @value or children {hasValue() or (children().count() > id.count())}
"
"Erstdokumentation-hi","Erstdokumentation-hi.Therapie.HITherapie.id","Erstdokumentation-hi.Therapie.HITherapie.id","","","",0,1,"","","","string {[]} {[]}
","Unique id for inter-element referencing","Unique id for the element within a resource (for internal references). This may be any string value that does not contain spaces.","","","","","","","","","",,,,,"",,,,"Element.id",0,1,"",""
"Erstdokumentation-hi","Erstdokumentation-hi.Therapie.HITherapie.extension","Erstdokumentation-hi.Therapie.HITherapie.extension","","extensions
user content","",0,*,"","","","Extension {[]} {[]}
","Additional content defined by implementations","May be used to represent additional information that is not part of the basic definition of the element. To make the use of extensions safe and manageable, there is a strict set of governance  applied to the definition and use of extensions. Though any implementer can define an extension, there is a set of requirements that SHALL be met as part of the definition of the extension.","There can be no stigma associated with the use of extensions by any application, project, or standard - regardless of the institution or jurisdiction that uses or defines the extensions.  The use of extensions is what allows the FHIR specification to retain a core level of simplicity for everyone.","","","","","","","","",,,,,"","value:url}
","Extensions are always sliced by (at least) url",,"open","Element.extension",0,*,"","ele-1:All FHIR elements must have a @value or children {hasValue() or (children().count() > id.count())}
ext-1:Must have either extensions or value[x], not both {extension.exists() != value.exists()}"
"Erstdokumentation-hi","Erstdokumentation-hi.Therapie.HITherapie.modifierExtension","Erstdokumentation-hi.Therapie.HITherapie.modifierExtension","","extensions
user contentmodifiers","",0,*,"","Y","Y","Extension {[]} {[]}
","Extensions that cannot be ignored even if unrecognized","May be used to represent additional information that is not part of the basic definition of the element and that modifies the understanding of the element in which it is contained and/or the understanding of the containing element's descendants. Usually modifier elements provide negation or qualification. To make the use of extensions safe and manageable, there is a strict set of governance applied to the definition and use of extensions. Though any implementer can define an extension, there is a set of requirements that SHALL be met as part of the definition of the extension. Applications processing a resource are required to check for modifier extensions.

Modifier extensions SHALL NOT change the meaning of any elements on Resource or DomainResource (including cannot change the meaning of modifierExtension itself).","There can be no stigma associated with the use of extensions by any application, project, or standard - regardless of the institution or jurisdiction that uses or defines the extensions.  The use of extensions is what allows the FHIR specification to retain a core level of simplicity for everyone.","Modifier extensions allow for extensions that *cannot* be safely ignored to be clearly distinguished from the vast majority of extensions which can be safely ignored.  This promotes interoperability by eliminating the need for implementers to prohibit the presence of extensions. For further information, see the [definition of modifier extensions](http://hl7.org/fhir/R4/extensibility.html#modifierExtension).","","","","","","","",,,,,"",,,,"BackboneElement.modifierExtension",0,*,"","ele-1:All FHIR elements must have a @value or children {hasValue() or (children().count() > id.count())}
ext-1:Must have either extensions or value[x], not both {extension.exists() != value.exists()}"
"Erstdokumentation-hi","Erstdokumentation-hi.Therapie.HITherapie.Therapie","Erstdokumentation-hi.Therapie.HITherapie.Therapie","","","",1,1,"","","","CodeableConcept {[]} {[]}
","Ja | Nein | Kontraindikation","Ja | Nein | Kontraindikation","","","","","","","","","",,"required","","https://hi.iv.elga.gv.at/ValueSet/therapie","",,,,"Erstdokumentation-hi.Therapie.HITherapie.Therapie",1,1,"",""
"Erstdokumentation-hi","Erstdokumentation-hi.Therapie.HITherapie.Zieldosis","Erstdokumentation-hi.Therapie.HITherapie.Zieldosis","","","",1,1,"","","","CodeableConcept {[]} {[]}
","Evidenzbasierte Zieldosis (Erreicht | Nicht erreicht | Titrationsphase | Max. tolerierte Dosis erreicht)","Evidenzbasierte Zieldosis (Erreicht | Nicht erreicht | Titrationsphase | Max. tolerierte Dosis erreicht)","","","","","","","","","",,"required","","https://hi.iv.elga.gv.at/ValueSet/targetdose","",,,,"Erstdokumentation-hi.Therapie.HITherapie.Zieldosis",1,1,"",""
"Erstdokumentation-hi","Erstdokumentation-hi.Therapie.Komedikation","Erstdokumentation-hi.Therapie.Komedikation","","","",1,1,"","","","CodeableConcept {[]} {[]}
","Wesentliche Ko-Medikationen (Ja | Nein | Kontraindikation)","Wesentliche Ko-Medikationen (Ja | Nein | Kontraindikation)","","","","","","","","","",,"required","","https://hi.iv.elga.gv.at/ValueSet/therapie","",,,,"Erstdokumentation-hi.Therapie.Komedikation",1,1,"",""
"Erstdokumentation-hi","Erstdokumentation-hi.Selbstmanagement","Erstdokumentation-hi.Selbstmanagement","","","",1,1,"","","","BackboneElement {[]} {[]}
","Selbstmanagement (SM)/Schulung","Selbstmanagement (SM)/Schulung","","","","","","","","","",,,,,"",,,,"Erstdokumentation-hi.Selbstmanagement",1,1,"","ele-1:All FHIR elements must have a @value or children {hasValue() or (children().count() > id.count())}
"
"Erstdokumentation-hi","Erstdokumentation-hi.Selbstmanagement.id","Erstdokumentation-hi.Selbstmanagement.id","","","",0,1,"","","","string {[]} {[]}
","Unique id for inter-element referencing","Unique id for the element within a resource (for internal references). This may be any string value that does not contain spaces.","","","","","","","","","",,,,,"",,,,"Element.id",0,1,"",""
"Erstdokumentation-hi","Erstdokumentation-hi.Selbstmanagement.extension","Erstdokumentation-hi.Selbstmanagement.extension","","extensions
user content","",0,*,"","","","Extension {[]} {[]}
","Additional content defined by implementations","May be used to represent additional information that is not part of the basic definition of the element. To make the use of extensions safe and manageable, there is a strict set of governance  applied to the definition and use of extensions. Though any implementer can define an extension, there is a set of requirements that SHALL be met as part of the definition of the extension.","There can be no stigma associated with the use of extensions by any application, project, or standard - regardless of the institution or jurisdiction that uses or defines the extensions.  The use of extensions is what allows the FHIR specification to retain a core level of simplicity for everyone.","","","","","","","","",,,,,"","value:url}
","Extensions are always sliced by (at least) url",,"open","Element.extension",0,*,"","ele-1:All FHIR elements must have a @value or children {hasValue() or (children().count() > id.count())}
ext-1:Must have either extensions or value[x], not both {extension.exists() != value.exists()}"
"Erstdokumentation-hi","Erstdokumentation-hi.Selbstmanagement.modifierExtension","Erstdokumentation-hi.Selbstmanagement.modifierExtension","","extensions
user contentmodifiers","",0,*,"","Y","Y","Extension {[]} {[]}
","Extensions that cannot be ignored even if unrecognized","May be used to represent additional information that is not part of the basic definition of the element and that modifies the understanding of the element in which it is contained and/or the understanding of the containing element's descendants. Usually modifier elements provide negation or qualification. To make the use of extensions safe and manageable, there is a strict set of governance applied to the definition and use of extensions. Though any implementer can define an extension, there is a set of requirements that SHALL be met as part of the definition of the extension. Applications processing a resource are required to check for modifier extensions.

Modifier extensions SHALL NOT change the meaning of any elements on Resource or DomainResource (including cannot change the meaning of modifierExtension itself).","There can be no stigma associated with the use of extensions by any application, project, or standard - regardless of the institution or jurisdiction that uses or defines the extensions.  The use of extensions is what allows the FHIR specification to retain a core level of simplicity for everyone.","Modifier extensions allow for extensions that *cannot* be safely ignored to be clearly distinguished from the vast majority of extensions which can be safely ignored.  This promotes interoperability by eliminating the need for implementers to prohibit the presence of extensions. For further information, see the [definition of modifier extensions](http://hl7.org/fhir/R4/extensibility.html#modifierExtension).","","","","","","","",,,,,"",,,,"BackboneElement.modifierExtension",0,*,"","ele-1:All FHIR elements must have a @value or children {hasValue() or (children().count() > id.count())}
ext-1:Must have either extensions or value[x], not both {extension.exists() != value.exists()}"
"Erstdokumentation-hi","Erstdokumentation-hi.Selbstmanagement.Ressourcen","Erstdokumentation-hi.Selbstmanagement.Ressourcen","","","",1,1,"","","","CodeableConcept {[]} {[]}
","Ressourcen der Patienten/Angehörigen (Selbstmanagement möglich (regelmäßiges Monitoring wichtiger Parameter) | prinzipiell Selbstmanagement (Überprüfung in definierten Zeitintervallen) | Kontinuierliche Supervision)","Ressourcen der Patienten/Angehörigen (Selbstmanagement möglich (regelmäßiges Monitoring wichtiger Parameter) | prinzipiell Selbstmanagement (Überprüfung in definierten Zeitintervallen) | Kontinuierliche Supervision)","","","","","","","","","",,"required","","https://hi.iv.elga.gv.at/ValueSet/ressourcen","",,,,"Erstdokumentation-hi.Selbstmanagement.Ressourcen",1,1,"",""
"Erstdokumentation-hi","Erstdokumentation-hi.Selbstmanagement.Betreuung","Erstdokumentation-hi.Selbstmanagement.Betreuung","","","",1,1,"","","","string {[]} {[]}
","Betreuungssituation (Angehörige, Pflege, Heimhilfe etc.)","Betreuungssituation (Angehörige, Pflege, Heimhilfe etc.)","","","","","","","","","",,,,,"",,,,"Erstdokumentation-hi.Selbstmanagement.Betreuung",1,1,"",""
"Erstdokumentation-hi","Erstdokumentation-hi.Selbstmanagement.DMPSchulung","Erstdokumentation-hi.Selbstmanagement.DMPSchulung","","","",1,1,"","","","BackboneElement {[]} {[]}
","DM(P)-spezifische Patientenschulung","DM(P)-spezifische Patientenschulung","","","","","","","","","",,,,,"",,,,"Erstdokumentation-hi.Selbstmanagement.DMPSchulung",1,1,"","ele-1:All FHIR elements must have a @value or children {hasValue() or (children().count() > id.count())}
"
"Erstdokumentation-hi","Erstdokumentation-hi.Selbstmanagement.DMPSchulung.id","Erstdokumentation-hi.Selbstmanagement.DMPSchulung.id","","","",0,1,"","","","string {[]} {[]}
","Unique id for inter-element referencing","Unique id for the element within a resource (for internal references). This may be any string value that does not contain spaces.","","","","","","","","","",,,,,"",,,,"Element.id",0,1,"",""
"Erstdokumentation-hi","Erstdokumentation-hi.Selbstmanagement.DMPSchulung.extension","Erstdokumentation-hi.Selbstmanagement.DMPSchulung.extension","","extensions
user content","",0,*,"","","","Extension {[]} {[]}
","Additional content defined by implementations","May be used to represent additional information that is not part of the basic definition of the element. To make the use of extensions safe and manageable, there is a strict set of governance  applied to the definition and use of extensions. Though any implementer can define an extension, there is a set of requirements that SHALL be met as part of the definition of the extension.","There can be no stigma associated with the use of extensions by any application, project, or standard - regardless of the institution or jurisdiction that uses or defines the extensions.  The use of extensions is what allows the FHIR specification to retain a core level of simplicity for everyone.","","","","","","","","",,,,,"","value:url}
","Extensions are always sliced by (at least) url",,"open","Element.extension",0,*,"","ele-1:All FHIR elements must have a @value or children {hasValue() or (children().count() > id.count())}
ext-1:Must have either extensions or value[x], not both {extension.exists() != value.exists()}"
"Erstdokumentation-hi","Erstdokumentation-hi.Selbstmanagement.DMPSchulung.modifierExtension","Erstdokumentation-hi.Selbstmanagement.DMPSchulung.modifierExtension","","extensions
user contentmodifiers","",0,*,"","Y","Y","Extension {[]} {[]}
","Extensions that cannot be ignored even if unrecognized","May be used to represent additional information that is not part of the basic definition of the element and that modifies the understanding of the element in which it is contained and/or the understanding of the containing element's descendants. Usually modifier elements provide negation or qualification. To make the use of extensions safe and manageable, there is a strict set of governance applied to the definition and use of extensions. Though any implementer can define an extension, there is a set of requirements that SHALL be met as part of the definition of the extension. Applications processing a resource are required to check for modifier extensions.

Modifier extensions SHALL NOT change the meaning of any elements on Resource or DomainResource (including cannot change the meaning of modifierExtension itself).","There can be no stigma associated with the use of extensions by any application, project, or standard - regardless of the institution or jurisdiction that uses or defines the extensions.  The use of extensions is what allows the FHIR specification to retain a core level of simplicity for everyone.","Modifier extensions allow for extensions that *cannot* be safely ignored to be clearly distinguished from the vast majority of extensions which can be safely ignored.  This promotes interoperability by eliminating the need for implementers to prohibit the presence of extensions. For further information, see the [definition of modifier extensions](http://hl7.org/fhir/R4/extensibility.html#modifierExtension).","","","","","","","",,,,,"",,,,"BackboneElement.modifierExtension",0,*,"","ele-1:All FHIR elements must have a @value or children {hasValue() or (children().count() > id.count())}
ext-1:Must have either extensions or value[x], not both {extension.exists() != value.exists()}"
"Erstdokumentation-hi","Erstdokumentation-hi.Selbstmanagement.DMPSchulung.absolviert","Erstdokumentation-hi.Selbstmanagement.DMPSchulung.absolviert","","","",1,1,"","","","boolean {[]} {[]}
","absolviert","absolviert","","","","","","","","","",,,,,"",,,,"Erstdokumentation-hi.Selbstmanagement.DMPSchulung.absolviert",1,1,"",""
"Erstdokumentation-hi","Erstdokumentation-hi.Selbstmanagement.DMPSchulung.Datum","Erstdokumentation-hi.Selbstmanagement.DMPSchulung.Datum","","","",1,1,"","","","date {[]} {[]}
","Datum der Schulung","Datum der Schulung","","","","","","","","","",,,,,"",,,,"Erstdokumentation-hi.Selbstmanagement.DMPSchulung.Datum",1,1,"",""
"Erstdokumentation-hi","Erstdokumentation-hi.Selbstmanagement.GewichtSchulung","Erstdokumentation-hi.Selbstmanagement.GewichtSchulung","","","",1,1,"","","","BackboneElement {[]} {[]}
","Schulung zur Überwachung des Gewichts","Schulung zur Überwachung des Gewichts","","","","","","","","","",,,,,"",,,,"Erstdokumentation-hi.Selbstmanagement.GewichtSchulung",1,1,"","ele-1:All FHIR elements must have a @value or children {hasValue() or (children().count() > id.count())}
"
"Erstdokumentation-hi","Erstdokumentation-hi.Selbstmanagement.GewichtSchulung.id","Erstdokumentation-hi.Selbstmanagement.GewichtSchulung.id","","","",0,1,"","","","string {[]} {[]}
","Unique id for inter-element referencing","Unique id for the element within a resource (for internal references). This may be any string value that does not contain spaces.","","","","","","","","","",,,,,"",,,,"Element.id",0,1,"",""
"Erstdokumentation-hi","Erstdokumentation-hi.Selbstmanagement.GewichtSchulung.extension","Erstdokumentation-hi.Selbstmanagement.GewichtSchulung.extension","","extensions
user content","",0,*,"","","","Extension {[]} {[]}
","Additional content defined by implementations","May be used to represent additional information that is not part of the basic definition of the element. To make the use of extensions safe and manageable, there is a strict set of governance  applied to the definition and use of extensions. Though any implementer can define an extension, there is a set of requirements that SHALL be met as part of the definition of the extension.","There can be no stigma associated with the use of extensions by any application, project, or standard - regardless of the institution or jurisdiction that uses or defines the extensions.  The use of extensions is what allows the FHIR specification to retain a core level of simplicity for everyone.","","","","","","","","",,,,,"","value:url}
","Extensions are always sliced by (at least) url",,"open","Element.extension",0,*,"","ele-1:All FHIR elements must have a @value or children {hasValue() or (children().count() > id.count())}
ext-1:Must have either extensions or value[x], not both {extension.exists() != value.exists()}"
"Erstdokumentation-hi","Erstdokumentation-hi.Selbstmanagement.GewichtSchulung.modifierExtension","Erstdokumentation-hi.Selbstmanagement.GewichtSchulung.modifierExtension","","extensions
user contentmodifiers","",0,*,"","Y","Y","Extension {[]} {[]}
","Extensions that cannot be ignored even if unrecognized","May be used to represent additional information that is not part of the basic definition of the element and that modifies the understanding of the element in which it is contained and/or the understanding of the containing element's descendants. Usually modifier elements provide negation or qualification. To make the use of extensions safe and manageable, there is a strict set of governance applied to the definition and use of extensions. Though any implementer can define an extension, there is a set of requirements that SHALL be met as part of the definition of the extension. Applications processing a resource are required to check for modifier extensions.

Modifier extensions SHALL NOT change the meaning of any elements on Resource or DomainResource (including cannot change the meaning of modifierExtension itself).","There can be no stigma associated with the use of extensions by any application, project, or standard - regardless of the institution or jurisdiction that uses or defines the extensions.  The use of extensions is what allows the FHIR specification to retain a core level of simplicity for everyone.","Modifier extensions allow for extensions that *cannot* be safely ignored to be clearly distinguished from the vast majority of extensions which can be safely ignored.  This promotes interoperability by eliminating the need for implementers to prohibit the presence of extensions. For further information, see the [definition of modifier extensions](http://hl7.org/fhir/R4/extensibility.html#modifierExtension).","","","","","","","",,,,,"",,,,"BackboneElement.modifierExtension",0,*,"","ele-1:All FHIR elements must have a @value or children {hasValue() or (children().count() > id.count())}
ext-1:Must have either extensions or value[x], not both {extension.exists() != value.exists()}"
"Erstdokumentation-hi","Erstdokumentation-hi.Selbstmanagement.GewichtSchulung.absolviert","Erstdokumentation-hi.Selbstmanagement.GewichtSchulung.absolviert","","","",1,1,"","","","CodeableConcept {[]} {[]}
","Ja | Nein | Nicht erforderlich","Ja | Nein | Nicht erforderlich","","","","","","","","","",,"required","","https://hi.iv.elga.gv.at/ValueSet/schulung","",,,,"Erstdokumentation-hi.Selbstmanagement.GewichtSchulung.absolviert",1,1,"",""
"Erstdokumentation-hi","Erstdokumentation-hi.Selbstmanagement.GewichtSchulung.Datum","Erstdokumentation-hi.Selbstmanagement.GewichtSchulung.Datum","","","",1,1,"","","","date {[]} {[]}
","Datum der Schulung","Datum der Schulung","","","","","","","","","",,,,,"",,,,"Erstdokumentation-hi.Selbstmanagement.GewichtSchulung.Datum",1,1,"",""
"Erstdokumentation-hi","Erstdokumentation-hi.Selbstmanagement.ImpfungBeratung","Erstdokumentation-hi.Selbstmanagement.ImpfungBeratung","","","",1,1,"","","","BackboneElement {[]} {[]}
","Beratung über Impfungen (Grippe, Pneumokokken)","Beratung über Impfungen (Grippe, Pneumokokken)","","","","","","","","","",,,,,"",,,,"Erstdokumentation-hi.Selbstmanagement.ImpfungBeratung",1,1,"","ele-1:All FHIR elements must have a @value or children {hasValue() or (children().count() > id.count())}
"
"Erstdokumentation-hi","Erstdokumentation-hi.Selbstmanagement.ImpfungBeratung.id","Erstdokumentation-hi.Selbstmanagement.ImpfungBeratung.id","","","",0,1,"","","","string {[]} {[]}
","Unique id for inter-element referencing","Unique id for the element within a resource (for internal references). This may be any string value that does not contain spaces.","","","","","","","","","",,,,,"",,,,"Element.id",0,1,"",""
"Erstdokumentation-hi","Erstdokumentation-hi.Selbstmanagement.ImpfungBeratung.extension","Erstdokumentation-hi.Selbstmanagement.ImpfungBeratung.extension","","extensions
user content","",0,*,"","","","Extension {[]} {[]}
","Additional content defined by implementations","May be used to represent additional information that is not part of the basic definition of the element. To make the use of extensions safe and manageable, there is a strict set of governance  applied to the definition and use of extensions. Though any implementer can define an extension, there is a set of requirements that SHALL be met as part of the definition of the extension.","There can be no stigma associated with the use of extensions by any application, project, or standard - regardless of the institution or jurisdiction that uses or defines the extensions.  The use of extensions is what allows the FHIR specification to retain a core level of simplicity for everyone.","","","","","","","","",,,,,"","value:url}
","Extensions are always sliced by (at least) url",,"open","Element.extension",0,*,"","ele-1:All FHIR elements must have a @value or children {hasValue() or (children().count() > id.count())}
ext-1:Must have either extensions or value[x], not both {extension.exists() != value.exists()}"
"Erstdokumentation-hi","Erstdokumentation-hi.Selbstmanagement.ImpfungBeratung.modifierExtension","Erstdokumentation-hi.Selbstmanagement.ImpfungBeratung.modifierExtension","","extensions
user contentmodifiers","",0,*,"","Y","Y","Extension {[]} {[]}
","Extensions that cannot be ignored even if unrecognized","May be used to represent additional information that is not part of the basic definition of the element and that modifies the understanding of the element in which it is contained and/or the understanding of the containing element's descendants. Usually modifier elements provide negation or qualification. To make the use of extensions safe and manageable, there is a strict set of governance applied to the definition and use of extensions. Though any implementer can define an extension, there is a set of requirements that SHALL be met as part of the definition of the extension. Applications processing a resource are required to check for modifier extensions.

Modifier extensions SHALL NOT change the meaning of any elements on Resource or DomainResource (including cannot change the meaning of modifierExtension itself).","There can be no stigma associated with the use of extensions by any application, project, or standard - regardless of the institution or jurisdiction that uses or defines the extensions.  The use of extensions is what allows the FHIR specification to retain a core level of simplicity for everyone.","Modifier extensions allow for extensions that *cannot* be safely ignored to be clearly distinguished from the vast majority of extensions which can be safely ignored.  This promotes interoperability by eliminating the need for implementers to prohibit the presence of extensions. For further information, see the [definition of modifier extensions](http://hl7.org/fhir/R4/extensibility.html#modifierExtension).","","","","","","","",,,,,"",,,,"BackboneElement.modifierExtension",0,*,"","ele-1:All FHIR elements must have a @value or children {hasValue() or (children().count() > id.count())}
ext-1:Must have either extensions or value[x], not both {extension.exists() != value.exists()}"
"Erstdokumentation-hi","Erstdokumentation-hi.Selbstmanagement.ImpfungBeratung.absolviert","Erstdokumentation-hi.Selbstmanagement.ImpfungBeratung.absolviert","","","",1,1,"","","","CodeableConcept {[]} {[]}
","Ja | Nein | Nicht erforderlich","Ja | Nein | Nicht erforderlich","","","","","","","","","",,"required","","https://hi.iv.elga.gv.at/ValueSet/schulung","",,,,"Erstdokumentation-hi.Selbstmanagement.ImpfungBeratung.absolviert",1,1,"",""
"Erstdokumentation-hi","Erstdokumentation-hi.Selbstmanagement.ImpfungBeratung.Datum","Erstdokumentation-hi.Selbstmanagement.ImpfungBeratung.Datum","","","",1,1,"","","","date {[]} {[]}
","Datum der Beratung","Datum der Beratung","","","","","","","","","",,,,,"",,,,"Erstdokumentation-hi.Selbstmanagement.ImpfungBeratung.Datum",1,1,"",""
"Erstdokumentation-hi","Erstdokumentation-hi.Selbstmanagement.TelemonitoringSchulung","Erstdokumentation-hi.Selbstmanagement.TelemonitoringSchulung","","","",1,1,"","","","BackboneElement {[]} {[]}
","Telemonitoring","Telemonitoring","","","","","","","","","",,,,,"",,,,"Erstdokumentation-hi.Selbstmanagement.TelemonitoringSchulung",1,1,"","ele-1:All FHIR elements must have a @value or children {hasValue() or (children().count() > id.count())}
"
"Erstdokumentation-hi","Erstdokumentation-hi.Selbstmanagement.TelemonitoringSchulung.id","Erstdokumentation-hi.Selbstmanagement.TelemonitoringSchulung.id","","","",0,1,"","","","string {[]} {[]}
","Unique id for inter-element referencing","Unique id for the element within a resource (for internal references). This may be any string value that does not contain spaces.","","","","","","","","","",,,,,"",,,,"Element.id",0,1,"",""
"Erstdokumentation-hi","Erstdokumentation-hi.Selbstmanagement.TelemonitoringSchulung.extension","Erstdokumentation-hi.Selbstmanagement.TelemonitoringSchulung.extension","","extensions
user content","",0,*,"","","","Extension {[]} {[]}
","Additional content defined by implementations","May be used to represent additional information that is not part of the basic definition of the element. To make the use of extensions safe and manageable, there is a strict set of governance  applied to the definition and use of extensions. Though any implementer can define an extension, there is a set of requirements that SHALL be met as part of the definition of the extension.","There can be no stigma associated with the use of extensions by any application, project, or standard - regardless of the institution or jurisdiction that uses or defines the extensions.  The use of extensions is what allows the FHIR specification to retain a core level of simplicity for everyone.","","","","","","","","",,,,,"","value:url}
","Extensions are always sliced by (at least) url",,"open","Element.extension",0,*,"","ele-1:All FHIR elements must have a @value or children {hasValue() or (children().count() > id.count())}
ext-1:Must have either extensions or value[x], not both {extension.exists() != value.exists()}"
"Erstdokumentation-hi","Erstdokumentation-hi.Selbstmanagement.TelemonitoringSchulung.modifierExtension","Erstdokumentation-hi.Selbstmanagement.TelemonitoringSchulung.modifierExtension","","extensions
user contentmodifiers","",0,*,"","Y","Y","Extension {[]} {[]}
","Extensions that cannot be ignored even if unrecognized","May be used to represent additional information that is not part of the basic definition of the element and that modifies the understanding of the element in which it is contained and/or the understanding of the containing element's descendants. Usually modifier elements provide negation or qualification. To make the use of extensions safe and manageable, there is a strict set of governance applied to the definition and use of extensions. Though any implementer can define an extension, there is a set of requirements that SHALL be met as part of the definition of the extension. Applications processing a resource are required to check for modifier extensions.

Modifier extensions SHALL NOT change the meaning of any elements on Resource or DomainResource (including cannot change the meaning of modifierExtension itself).","There can be no stigma associated with the use of extensions by any application, project, or standard - regardless of the institution or jurisdiction that uses or defines the extensions.  The use of extensions is what allows the FHIR specification to retain a core level of simplicity for everyone.","Modifier extensions allow for extensions that *cannot* be safely ignored to be clearly distinguished from the vast majority of extensions which can be safely ignored.  This promotes interoperability by eliminating the need for implementers to prohibit the presence of extensions. For further information, see the [definition of modifier extensions](http://hl7.org/fhir/R4/extensibility.html#modifierExtension).","","","","","","","",,,,,"",,,,"BackboneElement.modifierExtension",0,*,"","ele-1:All FHIR elements must have a @value or children {hasValue() or (children().count() > id.count())}
ext-1:Must have either extensions or value[x], not both {extension.exists() != value.exists()}"
"Erstdokumentation-hi","Erstdokumentation-hi.Selbstmanagement.TelemonitoringSchulung.absolviert","Erstdokumentation-hi.Selbstmanagement.TelemonitoringSchulung.absolviert","","","",1,1,"","","","CodeableConcept {[]} {[]}
","Ja | Nein | Nicht erforderlich","Ja | Nein | Nicht erforderlich","","","","","","","","","",,"required","","https://hi.iv.elga.gv.at/ValueSet/schulung","",,,,"Erstdokumentation-hi.Selbstmanagement.TelemonitoringSchulung.absolviert",1,1,"",""
"Erstdokumentation-hi","Erstdokumentation-hi.Selbstmanagement.TelemonitoringSchulung.Datum","Erstdokumentation-hi.Selbstmanagement.TelemonitoringSchulung.Datum","","","",1,1,"","","","date {[]} {[]}
","Datum der Schulung","Datum der Schulung","","","","","","","","","",,,,,"",,,,"Erstdokumentation-hi.Selbstmanagement.TelemonitoringSchulung.Datum",1,1,"",""
"Erstdokumentation-hi","Erstdokumentation-hi.Lebensqualitaet","Erstdokumentation-hi.Lebensqualitaet","","","",1,1,"","","","code {[]} {[]}
","Fragebogen Lebensqualität EQ-5D (jährlich zu erheben ab Einschreibung) (5-stelliger Code)","Fragebogen Lebensqualität EQ-5D (jährlich zu erheben ab Einschreibung) (5-stelliger Code)","","","","","","","","","",,,,,"",,,,"Erstdokumentation-hi.Lebensqualitaet",1,1,"",""
"Folgedokumentation-hi","Folgedokumentation-hi","Folgedokumentation-hi","","","",0,*,"","","","null {[]} {[]}
","Folgedokumentation (HI)","Medizinische Datensätze - Folgedokumentation

Refer to the **[mapping from the logical model of HI to the logical model based on the International Patient Summary (IPS)](mappings.html#folgedokumentation)** in order to get an idea how the IPS can be used in this context.","","","","","","","","","",,,,,"",,,,"Base",0,*,"",""
"Folgedokumentation-hi","Folgedokumentation-hi.VPNR","Folgedokumentation-hi.VPNR","","","",1,1,"","","","https://hi.iv.elga.gv.at/StructureDefinition/Akteur-hi {[]} {[]}
","Beteiligter Akteur","Beteiligter Akteur","","","","","","","","","",,,,,"",,,,"Folgedokumentation-hi.VPNR",1,1,"",""
"Folgedokumentation-hi","Folgedokumentation-hi.Untersuchungsdatum","Folgedokumentation-hi.Untersuchungsdatum","","","",1,1,"","","","date {[]} {[]}
","Untersuchungsdatum","Untersuchungsdatum","","","","","","","","","",,,,,"",,,,"Folgedokumentation-hi.Untersuchungsdatum",1,1,"",""
"Folgedokumentation-hi","Folgedokumentation-hi.Patient","Folgedokumentation-hi.Patient","","","",1,1,"","","","https://hi.iv.elga.gv.at/StructureDefinition/Patient-hi {[]} {[]}
","Patient","Patient","","","","","","","","","",,,,,"",,,,"Folgedokumentation-hi.Patient",1,1,"",""
"Folgedokumentation-hi","Folgedokumentation-hi.Versorgung","Folgedokumentation-hi.Versorgung","","","",1,1,"","","","BackboneElement {[]} {[]}
","Laufende Versorgung gemäß Pfade","Laufende Versorgung gemäß Pfade","","","","","","","","","",,,,,"",,,,"Folgedokumentation-hi.Versorgung",1,1,"","ele-1:All FHIR elements must have a @value or children {hasValue() or (children().count() > id.count())}
"
"Folgedokumentation-hi","Folgedokumentation-hi.Versorgung.id","Folgedokumentation-hi.Versorgung.id","","","",0,1,"","","","string {[]} {[]}
","Unique id for inter-element referencing","Unique id for the element within a resource (for internal references). This may be any string value that does not contain spaces.","","","","","","","","","",,,,,"",,,,"Element.id",0,1,"",""
"Folgedokumentation-hi","Folgedokumentation-hi.Versorgung.extension","Folgedokumentation-hi.Versorgung.extension","","extensions
user content","",0,*,"","","","Extension {[]} {[]}
","Additional content defined by implementations","May be used to represent additional information that is not part of the basic definition of the element. To make the use of extensions safe and manageable, there is a strict set of governance  applied to the definition and use of extensions. Though any implementer can define an extension, there is a set of requirements that SHALL be met as part of the definition of the extension.","There can be no stigma associated with the use of extensions by any application, project, or standard - regardless of the institution or jurisdiction that uses or defines the extensions.  The use of extensions is what allows the FHIR specification to retain a core level of simplicity for everyone.","","","","","","","","",,,,,"","value:url}
","Extensions are always sliced by (at least) url",,"open","Element.extension",0,*,"","ele-1:All FHIR elements must have a @value or children {hasValue() or (children().count() > id.count())}
ext-1:Must have either extensions or value[x], not both {extension.exists() != value.exists()}"
"Folgedokumentation-hi","Folgedokumentation-hi.Versorgung.modifierExtension","Folgedokumentation-hi.Versorgung.modifierExtension","","extensions
user contentmodifiers","",0,*,"","Y","Y","Extension {[]} {[]}
","Extensions that cannot be ignored even if unrecognized","May be used to represent additional information that is not part of the basic definition of the element and that modifies the understanding of the element in which it is contained and/or the understanding of the containing element's descendants. Usually modifier elements provide negation or qualification. To make the use of extensions safe and manageable, there is a strict set of governance applied to the definition and use of extensions. Though any implementer can define an extension, there is a set of requirements that SHALL be met as part of the definition of the extension. Applications processing a resource are required to check for modifier extensions.

Modifier extensions SHALL NOT change the meaning of any elements on Resource or DomainResource (including cannot change the meaning of modifierExtension itself).","There can be no stigma associated with the use of extensions by any application, project, or standard - regardless of the institution or jurisdiction that uses or defines the extensions.  The use of extensions is what allows the FHIR specification to retain a core level of simplicity for everyone.","Modifier extensions allow for extensions that *cannot* be safely ignored to be clearly distinguished from the vast majority of extensions which can be safely ignored.  This promotes interoperability by eliminating the need for implementers to prohibit the presence of extensions. For further information, see the [definition of modifier extensions](http://hl7.org/fhir/R4/extensibility.html#modifierExtension).","","","","","","","",,,,,"",,,,"BackboneElement.modifierExtension",0,*,"","ele-1:All FHIR elements must have a @value or children {hasValue() or (children().count() > id.count())}
ext-1:Must have either extensions or value[x], not both {extension.exists() != value.exists()}"
"Folgedokumentation-hi","Folgedokumentation-hi.Versorgung.geplant","Folgedokumentation-hi.Versorgung.geplant","","","",1,1,"","","","boolean {[]} {[]}
","Geplanter Kontrolltermin","Kontrolle bei primärer Anlaufstelle alle 3 Monate bei stabilen Patientinnen bzw. Patienten mit niedrigem Risiko; Kontrolle bei der Kardiologin bzw. beim Kardiologen mindestens alle 3 Monaten für Patientinnen bzw. Patienten mit hohem Risiko; regelmäßige Betreuung in Spezialeinrichtungen von Patientinnen bzw. Patienten mit sehr hohem Risiko","","","","","","","","","",,,,,"",,,,"Folgedokumentation-hi.Versorgung.geplant",1,1,"",""
"Folgedokumentation-hi","Folgedokumentation-hi.Versorgung.AnzahlStationaer","Folgedokumentation-hi.Versorgung.AnzahlStationaer","","","",1,1,"","","","integer {[]} {[]}
","Ungeplante stationäre Behandlung wg. HI seit letzter Dokumentation","Ungeplante stationäre Behandlung wg. HI seit letzter Dokumentation","","","","","","","","","",,,,,"",,,,"Folgedokumentation-hi.Versorgung.AnzahlStationaer",1,1,"",""
"Folgedokumentation-hi","Folgedokumentation-hi.Versorgung.Symptomatik","Folgedokumentation-hi.Versorgung.Symptomatik","","","",1,1,"","","","CodeableConcept {[]} {[]}
","NYHA I | NYHA II | NYHA III | NYHA IV","NYHA I | NYHA II | NYHA III | NYHA IV","","","","","","","","","",,"required","","https://hi.iv.elga.gv.at/ValueSet/symptoms","",,,,"Folgedokumentation-hi.Versorgung.Symptomatik",1,1,"",""
"Folgedokumentation-hi","Folgedokumentation-hi.Versorgung.Behandlungsziel","Folgedokumentation-hi.Versorgung.Behandlungsziel","","","",1,1,"","","","BackboneElement {[]} {[]}
","Behandlungsziel","Behandlungsziel","","","","","","","","","",,,,,"",,,,"Folgedokumentation-hi.Versorgung.Behandlungsziel",1,1,"","ele-1:All FHIR elements must have a @value or children {hasValue() or (children().count() > id.count())}
"
"Folgedokumentation-hi","Folgedokumentation-hi.Versorgung.Behandlungsziel.id","Folgedokumentation-hi.Versorgung.Behandlungsziel.id","","","",0,1,"","","","string {[]} {[]}
","Unique id for inter-element referencing","Unique id for the element within a resource (for internal references). This may be any string value that does not contain spaces.","","","","","","","","","",,,,,"",,,,"Element.id",0,1,"",""
"Folgedokumentation-hi","Folgedokumentation-hi.Versorgung.Behandlungsziel.extension","Folgedokumentation-hi.Versorgung.Behandlungsziel.extension","","extensions
user content","",0,*,"","","","Extension {[]} {[]}
","Additional content defined by implementations","May be used to represent additional information that is not part of the basic definition of the element. To make the use of extensions safe and manageable, there is a strict set of governance  applied to the definition and use of extensions. Though any implementer can define an extension, there is a set of requirements that SHALL be met as part of the definition of the extension.","There can be no stigma associated with the use of extensions by any application, project, or standard - regardless of the institution or jurisdiction that uses or defines the extensions.  The use of extensions is what allows the FHIR specification to retain a core level of simplicity for everyone.","","","","","","","","",,,,,"","value:url}
","Extensions are always sliced by (at least) url",,"open","Element.extension",0,*,"","ele-1:All FHIR elements must have a @value or children {hasValue() or (children().count() > id.count())}
ext-1:Must have either extensions or value[x], not both {extension.exists() != value.exists()}"
"Folgedokumentation-hi","Folgedokumentation-hi.Versorgung.Behandlungsziel.modifierExtension","Folgedokumentation-hi.Versorgung.Behandlungsziel.modifierExtension","","extensions
user contentmodifiers","",0,*,"","Y","Y","Extension {[]} {[]}
","Extensions that cannot be ignored even if unrecognized","May be used to represent additional information that is not part of the basic definition of the element and that modifies the understanding of the element in which it is contained and/or the understanding of the containing element's descendants. Usually modifier elements provide negation or qualification. To make the use of extensions safe and manageable, there is a strict set of governance applied to the definition and use of extensions. Though any implementer can define an extension, there is a set of requirements that SHALL be met as part of the definition of the extension. Applications processing a resource are required to check for modifier extensions.

Modifier extensions SHALL NOT change the meaning of any elements on Resource or DomainResource (including cannot change the meaning of modifierExtension itself).","There can be no stigma associated with the use of extensions by any application, project, or standard - regardless of the institution or jurisdiction that uses or defines the extensions.  The use of extensions is what allows the FHIR specification to retain a core level of simplicity for everyone.","Modifier extensions allow for extensions that *cannot* be safely ignored to be clearly distinguished from the vast majority of extensions which can be safely ignored.  This promotes interoperability by eliminating the need for implementers to prohibit the presence of extensions. For further information, see the [definition of modifier extensions](http://hl7.org/fhir/R4/extensibility.html#modifierExtension).","","","","","","","",,,,,"",,,,"BackboneElement.modifierExtension",0,*,"","ele-1:All FHIR elements must have a @value or children {hasValue() or (children().count() > id.count())}
ext-1:Must have either extensions or value[x], not both {extension.exists() != value.exists()}"
"Folgedokumentation-hi","Folgedokumentation-hi.Versorgung.Behandlungsziel.Aenderung","Folgedokumentation-hi.Versorgung.Behandlungsziel.Aenderung","","","",1,1,"","","","boolean {[]} {[]}
","Änderung Behandlungsziel gemäß Pfade","Änderung Behandlungsziel gemäß Pfade","","","","","","","","","",,,,,"",,,,"Folgedokumentation-hi.Versorgung.Behandlungsziel.Aenderung",1,1,"",""
"Folgedokumentation-hi","Folgedokumentation-hi.Versorgung.Behandlungsziel.Behandlungsziel","Folgedokumentation-hi.Versorgung.Behandlungsziel.Behandlungsziel","","","",1,1,"","","","CodeableConcept {[]} {[]}
","1 | 2 | 3a | 3b","1 | 2 | 3a | 3b","","","","","","","","","",,"required","","https://hi.iv.elga.gv.at/ValueSet/behandlungsziel","",,,,"Folgedokumentation-hi.Versorgung.Behandlungsziel.Behandlungsziel",1,1,"",""
"Folgedokumentation-hi","Folgedokumentation-hi.Versorgung.Komorbiditaet","Folgedokumentation-hi.Versorgung.Komorbiditaet","","","",0,*,"","","","CodeableConcept {[]} {[]}
","Komorbidität","Komorbidität","","","","","","","","","",,"example","","https://hi.iv.elga.gv.at/ValueSet/comorbidities","",,,,"Folgedokumentation-hi.Versorgung.Komorbiditaet",0,*,"",""
"Folgedokumentation-hi","Folgedokumentation-hi.Versorgung.EKG","Folgedokumentation-hi.Versorgung.EKG","","","",1,1,"","","","boolean {[]} {[]}
","EKG (mit 12 Ableitungen)","EKG (mit 12 Ableitungen)","","","","","","","","","",,,,,"",,,,"Folgedokumentation-hi.Versorgung.EKG",1,1,"",""
"Folgedokumentation-hi","Folgedokumentation-hi.Versorgung.Kardiologe","Folgedokumentation-hi.Versorgung.Kardiologe","","","",1,1,"","","","boolean {[]} {[]}
","Überweisung an Kardiologin bzw. Kardiologen","alle 12-18 Monate bei stabilen Patientinnen bzw. Patienten mit niedrigem Risiko;
mind. alle 3 Monaten für Patientinnnen bzw. Patienten mit hohem Risiko","","","","","","","","","",,,,,"",,,,"Folgedokumentation-hi.Versorgung.Kardiologe",1,1,"",""
"Folgedokumentation-hi","Folgedokumentation-hi.Versorgung.Echokardiogramm","Folgedokumentation-hi.Versorgung.Echokardiogramm","","","",1,1,"","","","boolean {[]} {[]}
","Echokardiographie (jährlich bei stabilen Patientinnen bzw. Patienten mit niedrigem Risiko)","Echokardiographie (jährlich bei stabilen Patientinnen bzw. Patienten mit niedrigem Risiko)","","","","","","","","","",,,,,"",,,,"Folgedokumentation-hi.Versorgung.Echokardiogramm",1,1,"",""
"Folgedokumentation-hi","Folgedokumentation-hi.Labor","Folgedokumentation-hi.Labor","","","",0,1,"","","","BackboneElement {[]} {[]}
","Laborbefund Serum-Elektrolyte inkl. eGFR (mindestens halbjährlich zu erheben)","Laborbefund Serum-Elektrolyte inkl. eGFR (mindestens halbjährlich zu erheben)","","","","","","","","","",,,,,"",,,,"Folgedokumentation-hi.Labor",0,1,"","ele-1:All FHIR elements must have a @value or children {hasValue() or (children().count() > id.count())}
"
"Folgedokumentation-hi","Folgedokumentation-hi.Labor.id","Folgedokumentation-hi.Labor.id","","","",0,1,"","","","string {[]} {[]}
","Unique id for inter-element referencing","Unique id for the element within a resource (for internal references). This may be any string value that does not contain spaces.","","","","","","","","","",,,,,"",,,,"Element.id",0,1,"",""
"Folgedokumentation-hi","Folgedokumentation-hi.Labor.extension","Folgedokumentation-hi.Labor.extension","","extensions
user content","",0,*,"","","","Extension {[]} {[]}
","Additional content defined by implementations","May be used to represent additional information that is not part of the basic definition of the element. To make the use of extensions safe and manageable, there is a strict set of governance  applied to the definition and use of extensions. Though any implementer can define an extension, there is a set of requirements that SHALL be met as part of the definition of the extension.","There can be no stigma associated with the use of extensions by any application, project, or standard - regardless of the institution or jurisdiction that uses or defines the extensions.  The use of extensions is what allows the FHIR specification to retain a core level of simplicity for everyone.","","","","","","","","",,,,,"","value:url}
","Extensions are always sliced by (at least) url",,"open","Element.extension",0,*,"","ele-1:All FHIR elements must have a @value or children {hasValue() or (children().count() > id.count())}
ext-1:Must have either extensions or value[x], not both {extension.exists() != value.exists()}"
"Folgedokumentation-hi","Folgedokumentation-hi.Labor.modifierExtension","Folgedokumentation-hi.Labor.modifierExtension","","extensions
user contentmodifiers","",0,*,"","Y","Y","Extension {[]} {[]}
","Extensions that cannot be ignored even if unrecognized","May be used to represent additional information that is not part of the basic definition of the element and that modifies the understanding of the element in which it is contained and/or the understanding of the containing element's descendants. Usually modifier elements provide negation or qualification. To make the use of extensions safe and manageable, there is a strict set of governance applied to the definition and use of extensions. Though any implementer can define an extension, there is a set of requirements that SHALL be met as part of the definition of the extension. Applications processing a resource are required to check for modifier extensions.

Modifier extensions SHALL NOT change the meaning of any elements on Resource or DomainResource (including cannot change the meaning of modifierExtension itself).","There can be no stigma associated with the use of extensions by any application, project, or standard - regardless of the institution or jurisdiction that uses or defines the extensions.  The use of extensions is what allows the FHIR specification to retain a core level of simplicity for everyone.","Modifier extensions allow for extensions that *cannot* be safely ignored to be clearly distinguished from the vast majority of extensions which can be safely ignored.  This promotes interoperability by eliminating the need for implementers to prohibit the presence of extensions. For further information, see the [definition of modifier extensions](http://hl7.org/fhir/R4/extensibility.html#modifierExtension).","","","","","","","",,,,,"",,,,"BackboneElement.modifierExtension",0,*,"","ele-1:All FHIR elements must have a @value or children {hasValue() or (children().count() > id.count())}
ext-1:Must have either extensions or value[x], not both {extension.exists() != value.exists()}"
"Folgedokumentation-hi","Folgedokumentation-hi.Labor.Befund","Folgedokumentation-hi.Labor.Befund","","","",1,1,"","","","Attachment {[]} {[]}
","Befunddokument","Befunddokument","","","","","","","","","",,,,,"",,,,"Folgedokumentation-hi.Labor.Befund",1,1,"",""
"Folgedokumentation-hi","Folgedokumentation-hi.Labor.Datum","Folgedokumentation-hi.Labor.Datum","","","",1,1,"","","","date {[]} {[]}
","Datum","Datum","","","","","","","","","",,,,,"",,,,"Folgedokumentation-hi.Labor.Datum",1,1,"",""
"Folgedokumentation-hi","Folgedokumentation-hi.Therapie","Folgedokumentation-hi.Therapie","","","",1,1,"","","","BackboneElement {[]} {[]}
","Therapie","Therapie","","","","","","","","","",,,,,"",,,,"Folgedokumentation-hi.Therapie",1,1,"","ele-1:All FHIR elements must have a @value or children {hasValue() or (children().count() > id.count())}
"
"Folgedokumentation-hi","Folgedokumentation-hi.Therapie.id","Folgedokumentation-hi.Therapie.id","","","",0,1,"","","","string {[]} {[]}
","Unique id for inter-element referencing","Unique id for the element within a resource (for internal references). This may be any string value that does not contain spaces.","","","","","","","","","",,,,,"",,,,"Element.id",0,1,"",""
"Folgedokumentation-hi","Folgedokumentation-hi.Therapie.extension","Folgedokumentation-hi.Therapie.extension","","extensions
user content","",0,*,"","","","Extension {[]} {[]}
","Additional content defined by implementations","May be used to represent additional information that is not part of the basic definition of the element. To make the use of extensions safe and manageable, there is a strict set of governance  applied to the definition and use of extensions. Though any implementer can define an extension, there is a set of requirements that SHALL be met as part of the definition of the extension.","There can be no stigma associated with the use of extensions by any application, project, or standard - regardless of the institution or jurisdiction that uses or defines the extensions.  The use of extensions is what allows the FHIR specification to retain a core level of simplicity for everyone.","","","","","","","","",,,,,"","value:url}
","Extensions are always sliced by (at least) url",,"open","Element.extension",0,*,"","ele-1:All FHIR elements must have a @value or children {hasValue() or (children().count() > id.count())}
ext-1:Must have either extensions or value[x], not both {extension.exists() != value.exists()}"
"Folgedokumentation-hi","Folgedokumentation-hi.Therapie.modifierExtension","Folgedokumentation-hi.Therapie.modifierExtension","","extensions
user contentmodifiers","",0,*,"","Y","Y","Extension {[]} {[]}
","Extensions that cannot be ignored even if unrecognized","May be used to represent additional information that is not part of the basic definition of the element and that modifies the understanding of the element in which it is contained and/or the understanding of the containing element's descendants. Usually modifier elements provide negation or qualification. To make the use of extensions safe and manageable, there is a strict set of governance applied to the definition and use of extensions. Though any implementer can define an extension, there is a set of requirements that SHALL be met as part of the definition of the extension. Applications processing a resource are required to check for modifier extensions.

Modifier extensions SHALL NOT change the meaning of any elements on Resource or DomainResource (including cannot change the meaning of modifierExtension itself).","There can be no stigma associated with the use of extensions by any application, project, or standard - regardless of the institution or jurisdiction that uses or defines the extensions.  The use of extensions is what allows the FHIR specification to retain a core level of simplicity for everyone.","Modifier extensions allow for extensions that *cannot* be safely ignored to be clearly distinguished from the vast majority of extensions which can be safely ignored.  This promotes interoperability by eliminating the need for implementers to prohibit the presence of extensions. For further information, see the [definition of modifier extensions](http://hl7.org/fhir/R4/extensibility.html#modifierExtension).","","","","","","","",,,,,"",,,,"BackboneElement.modifierExtension",0,*,"","ele-1:All FHIR elements must have a @value or children {hasValue() or (children().count() > id.count())}
ext-1:Must have either extensions or value[x], not both {extension.exists() != value.exists()}"
"Folgedokumentation-hi","Folgedokumentation-hi.Therapie.ACE","Folgedokumentation-hi.Therapie.ACE","","","",1,1,"","","","BackboneElement {[]} {[]}
","ACE-Hemmer","ACE-Hemmer","","","","","","","","","",,,,,"",,,,"Folgedokumentation-hi.Therapie.ACE",1,1,"","ele-1:All FHIR elements must have a @value or children {hasValue() or (children().count() > id.count())}
"
"Folgedokumentation-hi","Folgedokumentation-hi.Therapie.ACE.id","Folgedokumentation-hi.Therapie.ACE.id","","","",0,1,"","","","string {[]} {[]}
","Unique id for inter-element referencing","Unique id for the element within a resource (for internal references). This may be any string value that does not contain spaces.","","","","","","","","","",,,,,"",,,,"Element.id",0,1,"",""
"Folgedokumentation-hi","Folgedokumentation-hi.Therapie.ACE.extension","Folgedokumentation-hi.Therapie.ACE.extension","","extensions
user content","",0,*,"","","","Extension {[]} {[]}
","Additional content defined by implementations","May be used to represent additional information that is not part of the basic definition of the element. To make the use of extensions safe and manageable, there is a strict set of governance  applied to the definition and use of extensions. Though any implementer can define an extension, there is a set of requirements that SHALL be met as part of the definition of the extension.","There can be no stigma associated with the use of extensions by any application, project, or standard - regardless of the institution or jurisdiction that uses or defines the extensions.  The use of extensions is what allows the FHIR specification to retain a core level of simplicity for everyone.","","","","","","","","",,,,,"","value:url}
","Extensions are always sliced by (at least) url",,"open","Element.extension",0,*,"","ele-1:All FHIR elements must have a @value or children {hasValue() or (children().count() > id.count())}
ext-1:Must have either extensions or value[x], not both {extension.exists() != value.exists()}"
"Folgedokumentation-hi","Folgedokumentation-hi.Therapie.ACE.modifierExtension","Folgedokumentation-hi.Therapie.ACE.modifierExtension","","extensions
user contentmodifiers","",0,*,"","Y","Y","Extension {[]} {[]}
","Extensions that cannot be ignored even if unrecognized","May be used to represent additional information that is not part of the basic definition of the element and that modifies the understanding of the element in which it is contained and/or the understanding of the containing element's descendants. Usually modifier elements provide negation or qualification. To make the use of extensions safe and manageable, there is a strict set of governance applied to the definition and use of extensions. Though any implementer can define an extension, there is a set of requirements that SHALL be met as part of the definition of the extension. Applications processing a resource are required to check for modifier extensions.

Modifier extensions SHALL NOT change the meaning of any elements on Resource or DomainResource (including cannot change the meaning of modifierExtension itself).","There can be no stigma associated with the use of extensions by any application, project, or standard - regardless of the institution or jurisdiction that uses or defines the extensions.  The use of extensions is what allows the FHIR specification to retain a core level of simplicity for everyone.","Modifier extensions allow for extensions that *cannot* be safely ignored to be clearly distinguished from the vast majority of extensions which can be safely ignored.  This promotes interoperability by eliminating the need for implementers to prohibit the presence of extensions. For further information, see the [definition of modifier extensions](http://hl7.org/fhir/R4/extensibility.html#modifierExtension).","","","","","","","",,,,,"",,,,"BackboneElement.modifierExtension",0,*,"","ele-1:All FHIR elements must have a @value or children {hasValue() or (children().count() > id.count())}
ext-1:Must have either extensions or value[x], not both {extension.exists() != value.exists()}"
"Folgedokumentation-hi","Folgedokumentation-hi.Therapie.ACE.ACE","Folgedokumentation-hi.Therapie.ACE.ACE","","","",1,1,"","","","CodeableConcept {[]} {[]}
","ACE-Hemmer (Ja | Nein | Kontraindikation | ARB)","ACE-Hemmer (Ja | Nein | Kontraindikation | ARB)","","","","","","","","","",,"required","","https://hi.iv.elga.gv.at/ValueSet/acetherapy","",,,,"Folgedokumentation-hi.Therapie.ACE.ACE",1,1,"",""
"Folgedokumentation-hi","Folgedokumentation-hi.Therapie.ACE.Zieldosis","Folgedokumentation-hi.Therapie.ACE.Zieldosis","","","",1,1,"","","","CodeableConcept {[]} {[]}
","Evidenzbasierte Zieldosis (Erreicht | Nicht erreicht | Titrationsphase | Max. tolerierte Dosis erreicht)","Evidenzbasierte Zieldosis (Erreicht | Nicht erreicht | Titrationsphase | Max. tolerierte Dosis erreicht)","","","","","","","","","",,"required","","https://hi.iv.elga.gv.at/ValueSet/targetdose","",,,,"Folgedokumentation-hi.Therapie.ACE.Zieldosis",1,1,"",""
"Folgedokumentation-hi","Folgedokumentation-hi.Therapie.Betablocker","Folgedokumentation-hi.Therapie.Betablocker","","","",1,1,"","","","BackboneElement {[]} {[]}
","Betablocker","Betablocker","","","","","","","","","",,,,,"",,,,"Folgedokumentation-hi.Therapie.Betablocker",1,1,"","ele-1:All FHIR elements must have a @value or children {hasValue() or (children().count() > id.count())}
"
"Folgedokumentation-hi","Folgedokumentation-hi.Therapie.Betablocker.id","Folgedokumentation-hi.Therapie.Betablocker.id","","","",0,1,"","","","string {[]} {[]}
","Unique id for inter-element referencing","Unique id for the element within a resource (for internal references). This may be any string value that does not contain spaces.","","","","","","","","","",,,,,"",,,,"Element.id",0,1,"",""
"Folgedokumentation-hi","Folgedokumentation-hi.Therapie.Betablocker.extension","Folgedokumentation-hi.Therapie.Betablocker.extension","","extensions
user content","",0,*,"","","","Extension {[]} {[]}
","Additional content defined by implementations","May be used to represent additional information that is not part of the basic definition of the element. To make the use of extensions safe and manageable, there is a strict set of governance  applied to the definition and use of extensions. Though any implementer can define an extension, there is a set of requirements that SHALL be met as part of the definition of the extension.","There can be no stigma associated with the use of extensions by any application, project, or standard - regardless of the institution or jurisdiction that uses or defines the extensions.  The use of extensions is what allows the FHIR specification to retain a core level of simplicity for everyone.","","","","","","","","",,,,,"","value:url}
","Extensions are always sliced by (at least) url",,"open","Element.extension",0,*,"","ele-1:All FHIR elements must have a @value or children {hasValue() or (children().count() > id.count())}
ext-1:Must have either extensions or value[x], not both {extension.exists() != value.exists()}"
"Folgedokumentation-hi","Folgedokumentation-hi.Therapie.Betablocker.modifierExtension","Folgedokumentation-hi.Therapie.Betablocker.modifierExtension","","extensions
user contentmodifiers","",0,*,"","Y","Y","Extension {[]} {[]}
","Extensions that cannot be ignored even if unrecognized","May be used to represent additional information that is not part of the basic definition of the element and that modifies the understanding of the element in which it is contained and/or the understanding of the containing element's descendants. Usually modifier elements provide negation or qualification. To make the use of extensions safe and manageable, there is a strict set of governance applied to the definition and use of extensions. Though any implementer can define an extension, there is a set of requirements that SHALL be met as part of the definition of the extension. Applications processing a resource are required to check for modifier extensions.

Modifier extensions SHALL NOT change the meaning of any elements on Resource or DomainResource (including cannot change the meaning of modifierExtension itself).","There can be no stigma associated with the use of extensions by any application, project, or standard - regardless of the institution or jurisdiction that uses or defines the extensions.  The use of extensions is what allows the FHIR specification to retain a core level of simplicity for everyone.","Modifier extensions allow for extensions that *cannot* be safely ignored to be clearly distinguished from the vast majority of extensions which can be safely ignored.  This promotes interoperability by eliminating the need for implementers to prohibit the presence of extensions. For further information, see the [definition of modifier extensions](http://hl7.org/fhir/R4/extensibility.html#modifierExtension).","","","","","","","",,,,,"",,,,"BackboneElement.modifierExtension",0,*,"","ele-1:All FHIR elements must have a @value or children {hasValue() or (children().count() > id.count())}
ext-1:Must have either extensions or value[x], not both {extension.exists() != value.exists()}"
"Folgedokumentation-hi","Folgedokumentation-hi.Therapie.Betablocker.Betablocker","Folgedokumentation-hi.Therapie.Betablocker.Betablocker","","","",1,1,"","","","CodeableConcept {[]} {[]}
","Betablocker (Ja | Nein | Kontraindikation)","Betablocker (Ja | Nein | Kontraindikation)","","","","","","","","","",,"required","","https://hi.iv.elga.gv.at/ValueSet/therapie","",,,,"Folgedokumentation-hi.Therapie.Betablocker.Betablocker",1,1,"",""
"Folgedokumentation-hi","Folgedokumentation-hi.Therapie.Betablocker.Zieldosis","Folgedokumentation-hi.Therapie.Betablocker.Zieldosis","","","",1,1,"","","","CodeableConcept {[]} {[]}
","Evidenzbasierte Zieldosis (Erreicht | Nicht erreicht | Titrationsphase | Max. tolerierte Dosis erreicht)","Evidenzbasierte Zieldosis (Erreicht | Nicht erreicht | Titrationsphase | Max. tolerierte Dosis erreicht)","","","","","","","","","",,"required","","https://hi.iv.elga.gv.at/ValueSet/targetdose","",,,,"Folgedokumentation-hi.Therapie.Betablocker.Zieldosis",1,1,"",""
"Folgedokumentation-hi","Folgedokumentation-hi.Therapie.Antikoagulation","Folgedokumentation-hi.Therapie.Antikoagulation","","","",1,1,"","","","CodeableConcept {[]} {[]}
","Orale Antikoagulantien (Ja | Nein | Kontraindikation)","Orale Antikoagulantien (Ja | Nein | Kontraindikation)","","","","","","","","","",,"required","","https://hi.iv.elga.gv.at/ValueSet/therapie","",,,,"Folgedokumentation-hi.Therapie.Antikoagulation",1,1,"",""
"Folgedokumentation-hi","Folgedokumentation-hi.Selbstmanagement","Folgedokumentation-hi.Selbstmanagement","","","",1,1,"","","","BackboneElement {[]} {[]}
","Selbstmanagement (SM)/Schulung","Selbstmanagement (SM)/Schulung","","","","","","","","","",,,,,"",,,,"Folgedokumentation-hi.Selbstmanagement",1,1,"","ele-1:All FHIR elements must have a @value or children {hasValue() or (children().count() > id.count())}
"
"Folgedokumentation-hi","Folgedokumentation-hi.Selbstmanagement.id","Folgedokumentation-hi.Selbstmanagement.id","","","",0,1,"","","","string {[]} {[]}
","Unique id for inter-element referencing","Unique id for the element within a resource (for internal references). This may be any string value that does not contain spaces.","","","","","","","","","",,,,,"",,,,"Element.id",0,1,"",""
"Folgedokumentation-hi","Folgedokumentation-hi.Selbstmanagement.extension","Folgedokumentation-hi.Selbstmanagement.extension","","extensions
user content","",0,*,"","","","Extension {[]} {[]}
","Additional content defined by implementations","May be used to represent additional information that is not part of the basic definition of the element. To make the use of extensions safe and manageable, there is a strict set of governance  applied to the definition and use of extensions. Though any implementer can define an extension, there is a set of requirements that SHALL be met as part of the definition of the extension.","There can be no stigma associated with the use of extensions by any application, project, or standard - regardless of the institution or jurisdiction that uses or defines the extensions.  The use of extensions is what allows the FHIR specification to retain a core level of simplicity for everyone.","","","","","","","","",,,,,"","value:url}
","Extensions are always sliced by (at least) url",,"open","Element.extension",0,*,"","ele-1:All FHIR elements must have a @value or children {hasValue() or (children().count() > id.count())}
ext-1:Must have either extensions or value[x], not both {extension.exists() != value.exists()}"
"Folgedokumentation-hi","Folgedokumentation-hi.Selbstmanagement.modifierExtension","Folgedokumentation-hi.Selbstmanagement.modifierExtension","","extensions
user contentmodifiers","",0,*,"","Y","Y","Extension {[]} {[]}
","Extensions that cannot be ignored even if unrecognized","May be used to represent additional information that is not part of the basic definition of the element and that modifies the understanding of the element in which it is contained and/or the understanding of the containing element's descendants. Usually modifier elements provide negation or qualification. To make the use of extensions safe and manageable, there is a strict set of governance applied to the definition and use of extensions. Though any implementer can define an extension, there is a set of requirements that SHALL be met as part of the definition of the extension. Applications processing a resource are required to check for modifier extensions.

Modifier extensions SHALL NOT change the meaning of any elements on Resource or DomainResource (including cannot change the meaning of modifierExtension itself).","There can be no stigma associated with the use of extensions by any application, project, or standard - regardless of the institution or jurisdiction that uses or defines the extensions.  The use of extensions is what allows the FHIR specification to retain a core level of simplicity for everyone.","Modifier extensions allow for extensions that *cannot* be safely ignored to be clearly distinguished from the vast majority of extensions which can be safely ignored.  This promotes interoperability by eliminating the need for implementers to prohibit the presence of extensions. For further information, see the [definition of modifier extensions](http://hl7.org/fhir/R4/extensibility.html#modifierExtension).","","","","","","","",,,,,"",,,,"BackboneElement.modifierExtension",0,*,"","ele-1:All FHIR elements must have a @value or children {hasValue() or (children().count() > id.count())}
ext-1:Must have either extensions or value[x], not both {extension.exists() != value.exists()}"
"Folgedokumentation-hi","Folgedokumentation-hi.Selbstmanagement.Ressourcen","Folgedokumentation-hi.Selbstmanagement.Ressourcen","","","",1,1,"","","","CodeableConcept {[]} {[]}
","Ressourcen der Patienten/Angehörigen (Selbstmanagement möglich (regelmäßiges Monitoring wichtiger Parameter) | prinzipiell Selbstmanagement (Überprüfung in definierten Zeitintervallen) | Kontinuierliche Supervision)","Ressourcen der Patienten/Angehörigen (Selbstmanagement möglich (regelmäßiges Monitoring wichtiger Parameter) | prinzipiell Selbstmanagement (Überprüfung in definierten Zeitintervallen) | Kontinuierliche Supervision)","","","","","","","","","",,"required","","https://hi.iv.elga.gv.at/ValueSet/ressourcen","",,,,"Folgedokumentation-hi.Selbstmanagement.Ressourcen",1,1,"",""
"Folgedokumentation-hi","Folgedokumentation-hi.Selbstmanagement.Betreuung","Folgedokumentation-hi.Selbstmanagement.Betreuung","","","",1,1,"","","","string {[]} {[]}
","Änderungen Betreuungssituation (Angehörige, Pflege, Heimhilfe etc.)","Änderungen Betreuungssituation (Angehörige, Pflege, Heimhilfe etc.)","","","","","","","","","",,,,,"",,,,"Folgedokumentation-hi.Selbstmanagement.Betreuung",1,1,"",""
"Folgedokumentation-hi","Folgedokumentation-hi.Selbstmanagement.DMPSchulung","Folgedokumentation-hi.Selbstmanagement.DMPSchulung","","","",1,1,"","","","BackboneElement {[]} {[]}
","DM(P)-spezifische Patientenschulung","DM(P)-spezifische Patientenschulung","","","","","","","","","",,,,,"",,,,"Folgedokumentation-hi.Selbstmanagement.DMPSchulung",1,1,"","ele-1:All FHIR elements must have a @value or children {hasValue() or (children().count() > id.count())}
"
"Folgedokumentation-hi","Folgedokumentation-hi.Selbstmanagement.DMPSchulung.id","Folgedokumentation-hi.Selbstmanagement.DMPSchulung.id","","","",0,1,"","","","string {[]} {[]}
","Unique id for inter-element referencing","Unique id for the element within a resource (for internal references). This may be any string value that does not contain spaces.","","","","","","","","","",,,,,"",,,,"Element.id",0,1,"",""
"Folgedokumentation-hi","Folgedokumentation-hi.Selbstmanagement.DMPSchulung.extension","Folgedokumentation-hi.Selbstmanagement.DMPSchulung.extension","","extensions
user content","",0,*,"","","","Extension {[]} {[]}
","Additional content defined by implementations","May be used to represent additional information that is not part of the basic definition of the element. To make the use of extensions safe and manageable, there is a strict set of governance  applied to the definition and use of extensions. Though any implementer can define an extension, there is a set of requirements that SHALL be met as part of the definition of the extension.","There can be no stigma associated with the use of extensions by any application, project, or standard - regardless of the institution or jurisdiction that uses or defines the extensions.  The use of extensions is what allows the FHIR specification to retain a core level of simplicity for everyone.","","","","","","","","",,,,,"","value:url}
","Extensions are always sliced by (at least) url",,"open","Element.extension",0,*,"","ele-1:All FHIR elements must have a @value or children {hasValue() or (children().count() > id.count())}
ext-1:Must have either extensions or value[x], not both {extension.exists() != value.exists()}"
"Folgedokumentation-hi","Folgedokumentation-hi.Selbstmanagement.DMPSchulung.modifierExtension","Folgedokumentation-hi.Selbstmanagement.DMPSchulung.modifierExtension","","extensions
user contentmodifiers","",0,*,"","Y","Y","Extension {[]} {[]}
","Extensions that cannot be ignored even if unrecognized","May be used to represent additional information that is not part of the basic definition of the element and that modifies the understanding of the element in which it is contained and/or the understanding of the containing element's descendants. Usually modifier elements provide negation or qualification. To make the use of extensions safe and manageable, there is a strict set of governance applied to the definition and use of extensions. Though any implementer can define an extension, there is a set of requirements that SHALL be met as part of the definition of the extension. Applications processing a resource are required to check for modifier extensions.

Modifier extensions SHALL NOT change the meaning of any elements on Resource or DomainResource (including cannot change the meaning of modifierExtension itself).","There can be no stigma associated with the use of extensions by any application, project, or standard - regardless of the institution or jurisdiction that uses or defines the extensions.  The use of extensions is what allows the FHIR specification to retain a core level of simplicity for everyone.","Modifier extensions allow for extensions that *cannot* be safely ignored to be clearly distinguished from the vast majority of extensions which can be safely ignored.  This promotes interoperability by eliminating the need for implementers to prohibit the presence of extensions. For further information, see the [definition of modifier extensions](http://hl7.org/fhir/R4/extensibility.html#modifierExtension).","","","","","","","",,,,,"",,,,"BackboneElement.modifierExtension",0,*,"","ele-1:All FHIR elements must have a @value or children {hasValue() or (children().count() > id.count())}
ext-1:Must have either extensions or value[x], not both {extension.exists() != value.exists()}"
"Folgedokumentation-hi","Folgedokumentation-hi.Selbstmanagement.DMPSchulung.absolviert","Folgedokumentation-hi.Selbstmanagement.DMPSchulung.absolviert","","","",1,1,"","","","CodeableConcept {[]} {[]}
","Ja | Nein | Nicht erforderlich","Ja | Nein | Nicht erforderlich","","","","","","","","","",,"required","","https://hi.iv.elga.gv.at/ValueSet/schulung","",,,,"Folgedokumentation-hi.Selbstmanagement.DMPSchulung.absolviert",1,1,"",""
"Folgedokumentation-hi","Folgedokumentation-hi.Selbstmanagement.DMPSchulung.Datum","Folgedokumentation-hi.Selbstmanagement.DMPSchulung.Datum","","","",1,1,"","","","date {[]} {[]}
","Datum der letzten Schulung","Datum der letzten Schulung","","","","","","","","","",,,,,"",,,,"Folgedokumentation-hi.Selbstmanagement.DMPSchulung.Datum",1,1,"",""
"Folgedokumentation-hi","Folgedokumentation-hi.Selbstmanagement.GewichtSchulung","Folgedokumentation-hi.Selbstmanagement.GewichtSchulung","","","",1,1,"","","","BackboneElement {[]} {[]}
","Schulung zur Überwachung des Gewichts","Schulung zur Überwachung des Gewichts","","","","","","","","","",,,,,"",,,,"Folgedokumentation-hi.Selbstmanagement.GewichtSchulung",1,1,"","ele-1:All FHIR elements must have a @value or children {hasValue() or (children().count() > id.count())}
"
"Folgedokumentation-hi","Folgedokumentation-hi.Selbstmanagement.GewichtSchulung.id","Folgedokumentation-hi.Selbstmanagement.GewichtSchulung.id","","","",0,1,"","","","string {[]} {[]}
","Unique id for inter-element referencing","Unique id for the element within a resource (for internal references). This may be any string value that does not contain spaces.","","","","","","","","","",,,,,"",,,,"Element.id",0,1,"",""
"Folgedokumentation-hi","Folgedokumentation-hi.Selbstmanagement.GewichtSchulung.extension","Folgedokumentation-hi.Selbstmanagement.GewichtSchulung.extension","","extensions
user content","",0,*,"","","","Extension {[]} {[]}
","Additional content defined by implementations","May be used to represent additional information that is not part of the basic definition of the element. To make the use of extensions safe and manageable, there is a strict set of governance  applied to the definition and use of extensions. Though any implementer can define an extension, there is a set of requirements that SHALL be met as part of the definition of the extension.","There can be no stigma associated with the use of extensions by any application, project, or standard - regardless of the institution or jurisdiction that uses or defines the extensions.  The use of extensions is what allows the FHIR specification to retain a core level of simplicity for everyone.","","","","","","","","",,,,,"","value:url}
","Extensions are always sliced by (at least) url",,"open","Element.extension",0,*,"","ele-1:All FHIR elements must have a @value or children {hasValue() or (children().count() > id.count())}
ext-1:Must have either extensions or value[x], not both {extension.exists() != value.exists()}"
"Folgedokumentation-hi","Folgedokumentation-hi.Selbstmanagement.GewichtSchulung.modifierExtension","Folgedokumentation-hi.Selbstmanagement.GewichtSchulung.modifierExtension","","extensions
user contentmodifiers","",0,*,"","Y","Y","Extension {[]} {[]}
","Extensions that cannot be ignored even if unrecognized","May be used to represent additional information that is not part of the basic definition of the element and that modifies the understanding of the element in which it is contained and/or the understanding of the containing element's descendants. Usually modifier elements provide negation or qualification. To make the use of extensions safe and manageable, there is a strict set of governance applied to the definition and use of extensions. Though any implementer can define an extension, there is a set of requirements that SHALL be met as part of the definition of the extension. Applications processing a resource are required to check for modifier extensions.

Modifier extensions SHALL NOT change the meaning of any elements on Resource or DomainResource (including cannot change the meaning of modifierExtension itself).","There can be no stigma associated with the use of extensions by any application, project, or standard - regardless of the institution or jurisdiction that uses or defines the extensions.  The use of extensions is what allows the FHIR specification to retain a core level of simplicity for everyone.","Modifier extensions allow for extensions that *cannot* be safely ignored to be clearly distinguished from the vast majority of extensions which can be safely ignored.  This promotes interoperability by eliminating the need for implementers to prohibit the presence of extensions. For further information, see the [definition of modifier extensions](http://hl7.org/fhir/R4/extensibility.html#modifierExtension).","","","","","","","",,,,,"",,,,"BackboneElement.modifierExtension",0,*,"","ele-1:All FHIR elements must have a @value or children {hasValue() or (children().count() > id.count())}
ext-1:Must have either extensions or value[x], not both {extension.exists() != value.exists()}"
"Folgedokumentation-hi","Folgedokumentation-hi.Selbstmanagement.GewichtSchulung.absolviert","Folgedokumentation-hi.Selbstmanagement.GewichtSchulung.absolviert","","","",1,1,"","","","CodeableConcept {[]} {[]}
","Ja | Nein | Nicht erforderlich","Ja | Nein | Nicht erforderlich","","","","","","","","","",,"required","","https://hi.iv.elga.gv.at/ValueSet/schulung","",,,,"Folgedokumentation-hi.Selbstmanagement.GewichtSchulung.absolviert",1,1,"",""
"Folgedokumentation-hi","Folgedokumentation-hi.Selbstmanagement.GewichtSchulung.Datum","Folgedokumentation-hi.Selbstmanagement.GewichtSchulung.Datum","","","",1,1,"","","","date {[]} {[]}
","Datum der letzten Schulung","Datum der letzten Schulung","","","","","","","","","",,,,,"",,,,"Folgedokumentation-hi.Selbstmanagement.GewichtSchulung.Datum",1,1,"",""
"Folgedokumentation-hi","Folgedokumentation-hi.Selbstmanagement.ImpfungBeratung","Folgedokumentation-hi.Selbstmanagement.ImpfungBeratung","","","",1,1,"","","","BackboneElement {[]} {[]}
","Beratung über Impfungen (Grippe, Pneumokokken)","Beratung über Impfungen (Grippe, Pneumokokken)","","","","","","","","","",,,,,"",,,,"Folgedokumentation-hi.Selbstmanagement.ImpfungBeratung",1,1,"","ele-1:All FHIR elements must have a @value or children {hasValue() or (children().count() > id.count())}
"
"Folgedokumentation-hi","Folgedokumentation-hi.Selbstmanagement.ImpfungBeratung.id","Folgedokumentation-hi.Selbstmanagement.ImpfungBeratung.id","","","",0,1,"","","","string {[]} {[]}
","Unique id for inter-element referencing","Unique id for the element within a resource (for internal references). This may be any string value that does not contain spaces.","","","","","","","","","",,,,,"",,,,"Element.id",0,1,"",""
"Folgedokumentation-hi","Folgedokumentation-hi.Selbstmanagement.ImpfungBeratung.extension","Folgedokumentation-hi.Selbstmanagement.ImpfungBeratung.extension","","extensions
user content","",0,*,"","","","Extension {[]} {[]}
","Additional content defined by implementations","May be used to represent additional information that is not part of the basic definition of the element. To make the use of extensions safe and manageable, there is a strict set of governance  applied to the definition and use of extensions. Though any implementer can define an extension, there is a set of requirements that SHALL be met as part of the definition of the extension.","There can be no stigma associated with the use of extensions by any application, project, or standard - regardless of the institution or jurisdiction that uses or defines the extensions.  The use of extensions is what allows the FHIR specification to retain a core level of simplicity for everyone.","","","","","","","","",,,,,"","value:url}
","Extensions are always sliced by (at least) url",,"open","Element.extension",0,*,"","ele-1:All FHIR elements must have a @value or children {hasValue() or (children().count() > id.count())}
ext-1:Must have either extensions or value[x], not both {extension.exists() != value.exists()}"
"Folgedokumentation-hi","Folgedokumentation-hi.Selbstmanagement.ImpfungBeratung.modifierExtension","Folgedokumentation-hi.Selbstmanagement.ImpfungBeratung.modifierExtension","","extensions
user contentmodifiers","",0,*,"","Y","Y","Extension {[]} {[]}
","Extensions that cannot be ignored even if unrecognized","May be used to represent additional information that is not part of the basic definition of the element and that modifies the understanding of the element in which it is contained and/or the understanding of the containing element's descendants. Usually modifier elements provide negation or qualification. To make the use of extensions safe and manageable, there is a strict set of governance applied to the definition and use of extensions. Though any implementer can define an extension, there is a set of requirements that SHALL be met as part of the definition of the extension. Applications processing a resource are required to check for modifier extensions.

Modifier extensions SHALL NOT change the meaning of any elements on Resource or DomainResource (including cannot change the meaning of modifierExtension itself).","There can be no stigma associated with the use of extensions by any application, project, or standard - regardless of the institution or jurisdiction that uses or defines the extensions.  The use of extensions is what allows the FHIR specification to retain a core level of simplicity for everyone.","Modifier extensions allow for extensions that *cannot* be safely ignored to be clearly distinguished from the vast majority of extensions which can be safely ignored.  This promotes interoperability by eliminating the need for implementers to prohibit the presence of extensions. For further information, see the [definition of modifier extensions](http://hl7.org/fhir/R4/extensibility.html#modifierExtension).","","","","","","","",,,,,"",,,,"BackboneElement.modifierExtension",0,*,"","ele-1:All FHIR elements must have a @value or children {hasValue() or (children().count() > id.count())}
ext-1:Must have either extensions or value[x], not both {extension.exists() != value.exists()}"
"Folgedokumentation-hi","Folgedokumentation-hi.Selbstmanagement.ImpfungBeratung.absolviert","Folgedokumentation-hi.Selbstmanagement.ImpfungBeratung.absolviert","","","",1,1,"","","","CodeableConcept {[]} {[]}
","Ja | Nein | Nicht erforderlich","Ja | Nein | Nicht erforderlich","","","","","","","","","",,"required","","https://hi.iv.elga.gv.at/ValueSet/schulung","",,,,"Folgedokumentation-hi.Selbstmanagement.ImpfungBeratung.absolviert",1,1,"",""
"Folgedokumentation-hi","Folgedokumentation-hi.Selbstmanagement.ImpfungBeratung.Datum","Folgedokumentation-hi.Selbstmanagement.ImpfungBeratung.Datum","","","",1,1,"","","","date {[]} {[]}
","Datum der letzten Beratung","Datum der letzten Beratung","","","","","","","","","",,,,,"",,,,"Folgedokumentation-hi.Selbstmanagement.ImpfungBeratung.Datum",1,1,"",""
"Folgedokumentation-hi","Folgedokumentation-hi.Selbstmanagement.TelemonitoringSchulung","Folgedokumentation-hi.Selbstmanagement.TelemonitoringSchulung","","","",1,1,"","","","BackboneElement {[]} {[]}
","Telemonitoring","Telemonitoring","","","","","","","","","",,,,,"",,,,"Folgedokumentation-hi.Selbstmanagement.TelemonitoringSchulung",1,1,"","ele-1:All FHIR elements must have a @value or children {hasValue() or (children().count() > id.count())}
"
"Folgedokumentation-hi","Folgedokumentation-hi.Selbstmanagement.TelemonitoringSchulung.id","Folgedokumentation-hi.Selbstmanagement.TelemonitoringSchulung.id","","","",0,1,"","","","string {[]} {[]}
","Unique id for inter-element referencing","Unique id for the element within a resource (for internal references). This may be any string value that does not contain spaces.","","","","","","","","","",,,,,"",,,,"Element.id",0,1,"",""
"Folgedokumentation-hi","Folgedokumentation-hi.Selbstmanagement.TelemonitoringSchulung.extension","Folgedokumentation-hi.Selbstmanagement.TelemonitoringSchulung.extension","","extensions
user content","",0,*,"","","","Extension {[]} {[]}
","Additional content defined by implementations","May be used to represent additional information that is not part of the basic definition of the element. To make the use of extensions safe and manageable, there is a strict set of governance  applied to the definition and use of extensions. Though any implementer can define an extension, there is a set of requirements that SHALL be met as part of the definition of the extension.","There can be no stigma associated with the use of extensions by any application, project, or standard - regardless of the institution or jurisdiction that uses or defines the extensions.  The use of extensions is what allows the FHIR specification to retain a core level of simplicity for everyone.","","","","","","","","",,,,,"","value:url}
","Extensions are always sliced by (at least) url",,"open","Element.extension",0,*,"","ele-1:All FHIR elements must have a @value or children {hasValue() or (children().count() > id.count())}
ext-1:Must have either extensions or value[x], not both {extension.exists() != value.exists()}"
"Folgedokumentation-hi","Folgedokumentation-hi.Selbstmanagement.TelemonitoringSchulung.modifierExtension","Folgedokumentation-hi.Selbstmanagement.TelemonitoringSchulung.modifierExtension","","extensions
user contentmodifiers","",0,*,"","Y","Y","Extension {[]} {[]}
","Extensions that cannot be ignored even if unrecognized","May be used to represent additional information that is not part of the basic definition of the element and that modifies the understanding of the element in which it is contained and/or the understanding of the containing element's descendants. Usually modifier elements provide negation or qualification. To make the use of extensions safe and manageable, there is a strict set of governance applied to the definition and use of extensions. Though any implementer can define an extension, there is a set of requirements that SHALL be met as part of the definition of the extension. Applications processing a resource are required to check for modifier extensions.

Modifier extensions SHALL NOT change the meaning of any elements on Resource or DomainResource (including cannot change the meaning of modifierExtension itself).","There can be no stigma associated with the use of extensions by any application, project, or standard - regardless of the institution or jurisdiction that uses or defines the extensions.  The use of extensions is what allows the FHIR specification to retain a core level of simplicity for everyone.","Modifier extensions allow for extensions that *cannot* be safely ignored to be clearly distinguished from the vast majority of extensions which can be safely ignored.  This promotes interoperability by eliminating the need for implementers to prohibit the presence of extensions. For further information, see the [definition of modifier extensions](http://hl7.org/fhir/R4/extensibility.html#modifierExtension).","","","","","","","",,,,,"",,,,"BackboneElement.modifierExtension",0,*,"","ele-1:All FHIR elements must have a @value or children {hasValue() or (children().count() > id.count())}
ext-1:Must have either extensions or value[x], not both {extension.exists() != value.exists()}"
"Folgedokumentation-hi","Folgedokumentation-hi.Selbstmanagement.TelemonitoringSchulung.absolviert","Folgedokumentation-hi.Selbstmanagement.TelemonitoringSchulung.absolviert","","","",1,1,"","","","CodeableConcept {[]} {[]}
","Ja | Nein | Nicht erforderlich","Ja | Nein | Nicht erforderlich","","","","","","","","","",,"required","","https://hi.iv.elga.gv.at/ValueSet/schulung","",,,,"Folgedokumentation-hi.Selbstmanagement.TelemonitoringSchulung.absolviert",1,1,"",""
"Folgedokumentation-hi","Folgedokumentation-hi.Selbstmanagement.TelemonitoringSchulung.Datum","Folgedokumentation-hi.Selbstmanagement.TelemonitoringSchulung.Datum","","","",1,1,"","","","date {[]} {[]}
","Datum der letzten Schulung","Datum der letzten Schulung","","","","","","","","","",,,,,"",,,,"Folgedokumentation-hi.Selbstmanagement.TelemonitoringSchulung.Datum",1,1,"",""
"Folgedokumentation-hi","Folgedokumentation-hi.Lebensqualitaet","Folgedokumentation-hi.Lebensqualitaet","","","",0,1,"","","","code {[]} {[]}
","Fragebogen Lebensqualität (5-stelliger Code) (jährlich zu erheben ab Einschreibung)","Fragebogen Lebensqualität (5-stelliger Code) (jährlich zu erheben ab Einschreibung)","","","","","","","","","",,,,,"",,,,"Folgedokumentation-hi.Lebensqualitaet",0,1,"",""
"FunctionalStatus-ips","FunctionalStatus-ips","FunctionalStatus-ips","","","",0,*,"","","","null {[]} {[]}
","Functional Status (IPS)","Abbildung der Datenfelder, die für den Entwurf der Datenspezifikation des modularen Rahmenkonzepts für
Österreich für das Disease-Management bei chronischer Herzinsuffizienz erforderlich sind, auf dem des IPS-Modul ""Functional Status"".

Refer to the **[mapping from the logical model of HI to the logical model based on the International Patient Summary (IPS)](mappings.html)** in order to get an idea how the IPS relates to HI.","","","","","","","","","",,,,,"",,,,"Base",0,*,"",""
"FunctionalStatus-ips","FunctionalStatus-ips.subject","FunctionalStatus-ips.subject","","","",1,1,"","","","https://hi.iv.elga.gv.at/StructureDefinition/Subject-ips {[]} {[]}
","Patient or group assessed","Patient or group assessed","","","","","","","","","",,,,,"",,,,"FunctionalStatus-ips.subject",1,1,"",""
"FunctionalStatus-ips","FunctionalStatus-ips.finding[x]","FunctionalStatus-ips.finding[x]","","","",0,*,"","","","CodeableConcept {[]} {[]}
Reference {[]} {[CanonicalType[http://hl7.org/fhir/StructureDefinition/Condition], CanonicalType[http://hl7.org/fhir/StructureDefinition/Observation], CanonicalType[http://hl7.org/fhir/StructureDefinition/Media]]}","Possible or likely findings and diagnoses","Possible or likely findings and diagnoses","","","","","","","","","",,,,,"",,,,"FunctionalStatus-ips.finding[x]",0,*,"",""
"MedicationSummary-ips","MedicationSummary-ips","MedicationSummary-ips","","","",0,*,"","","","null {[]} {[]}
","Medication Summary (IPS)","Abbildung der Datenfelder, die für den Entwurf der Datenspezifikation des modularen Rahmenkonzepts für
Österreich für das Disease-Management bei chronischer Herzinsuffizienz erforderlich sind, auf dem des IPS-Modul ""Medication Summary"".

Refer to the **[mapping from the logical model of HI to the logical model based on the International Patient Summary (IPS)](mappings.html)** in order to get an idea how the IPS relates to HI.","","","","","","","","","",,,,,"",,,,"Base",0,*,"",""
"MedicationSummary-ips","MedicationSummary-ips.medication[x]","MedicationSummary-ips.medication[x]","","","",1,1,"","","","CodeableConcept {[]} {[]}
Reference {[]} {[CanonicalType[http://hl7.org/fhir/StructureDefinition/Medication]]}","What medication was taken","What medication was taken","","","","","","","","","",,,,,"",,,,"MedicationSummary-ips.medication[x]",1,1,"",""
"MedicationSummary-ips","MedicationSummary-ips.subject","MedicationSummary-ips.subject","","","",1,1,"","","","https://hi.iv.elga.gv.at/StructureDefinition/Subject-ips {[]} {[]}
","Who is/was taking the medication","Who is/was taking the medication","","","","","","","","","",,,,,"",,,,"MedicationSummary-ips.subject",1,1,"",""
"Patient-hi","Patient-hi","Patient-hi","","","",0,*,"","","","null {[]} {[]}
","Patienten-Stammdaten - Patient (HI)","Patient/Teilnehmer basierend auf dem Entwurf der Datenspezifikation des modularen Rahmenkonzepts für Österreich für das Disease-Management bei chronischer Herzinsuffizienz.

Refer to the **[mapping from the logical model of HI to the logical model based on the International Patient Summary (IPS)](mappings.html#patient)** in order to get an idea how the IPS can be used in this context.","","","","","","","","","",,,,,"",,,,"Base",0,*,"",""
"Patient-hi","Patient-hi.Vorname","Patient-hi.Vorname","","","",1,*,"","","","string {[]} {[]}
","Vorname","Vorname","","","","","","","","","",,,,,"",,,,"Patient-hi.Vorname",1,*,"",""
"Patient-hi","Patient-hi.Zuname","Patient-hi.Zuname","","","",1,*,"","","","string {[]} {[]}
","Zuname","Zuname","","","","","","","","","",,,,,"",,,,"Patient-hi.Zuname",1,*,"",""
"Patient-hi","Patient-hi.Geburtsjahr","Patient-hi.Geburtsjahr","","","",1,1,"","","","date {[]} {[]}
","Geburtsjahr","Geburtsjahr","","","","","","","","","",,,,,"",,,,"Patient-hi.Geburtsjahr",1,1,"",""
"Patient-hi","Patient-hi.SVNR","Patient-hi.SVNR","","","",1,1,"","","","string {[]} {[]}
","SVNR","SVNR","","","","","","","","","",,,,,"",,,,"Patient-hi.SVNR",1,1,"",""
"Patient-hi","Patient-hi.KVTraeger","Patient-hi.KVTraeger","","","",1,1,"","","","string {[]} {[]}
","KV-Träger","KV-Träger","","","","","","","","","",,,,,"",,,,"Patient-hi.KVTraeger",1,1,"",""
"Patient-hi","Patient-hi.Adresse","Patient-hi.Adresse","","","",1,*,"","","","Address {[]} {[]}
","Adresse/politischer Bezirk","Adresse/politischer Bezirk","","","","","","","","","",,,,,"",,,,"Patient-hi.Adresse",1,*,"",""
"Patient-hi","Patient-hi.Telefonnummer","Patient-hi.Telefonnummer","","","",1,*,"","","","ContactPoint {[]} {[]}
","Telefonnummer","Telefonnummer","","","","","","","","","",,,,,"",,,,"Patient-hi.Telefonnummer",1,*,"",""
"Patient-hi","Patient-hi.Geschlecht","Patient-hi.Geschlecht","","","",1,1,"","","","BackboneElement {[]} {[]}
","Geschlecht","Geschlecht","","","","","","","","","",,,,,"",,,,"Patient-hi.Geschlecht",1,1,"","ele-1:All FHIR elements must have a @value or children {hasValue() or (children().count() > id.count())}
"
"Patient-hi","Patient-hi.Geschlecht.id","Patient-hi.Geschlecht.id","","","",0,1,"","","","string {[]} {[]}
","Unique id for inter-element referencing","Unique id for the element within a resource (for internal references). This may be any string value that does not contain spaces.","","","","","","","","","",,,,,"",,,,"Element.id",0,1,"",""
"Patient-hi","Patient-hi.Geschlecht.extension","Patient-hi.Geschlecht.extension","","extensions
user content","",0,*,"","","","Extension {[]} {[]}
","Additional content defined by implementations","May be used to represent additional information that is not part of the basic definition of the element. To make the use of extensions safe and manageable, there is a strict set of governance  applied to the definition and use of extensions. Though any implementer can define an extension, there is a set of requirements that SHALL be met as part of the definition of the extension.","There can be no stigma associated with the use of extensions by any application, project, or standard - regardless of the institution or jurisdiction that uses or defines the extensions.  The use of extensions is what allows the FHIR specification to retain a core level of simplicity for everyone.","","","","","","","","",,,,,"","value:url}
","Extensions are always sliced by (at least) url",,"open","Element.extension",0,*,"","ele-1:All FHIR elements must have a @value or children {hasValue() or (children().count() > id.count())}
ext-1:Must have either extensions or value[x], not both {extension.exists() != value.exists()}"
"Patient-hi","Patient-hi.Geschlecht.modifierExtension","Patient-hi.Geschlecht.modifierExtension","","extensions
user contentmodifiers","",0,*,"","Y","Y","Extension {[]} {[]}
","Extensions that cannot be ignored even if unrecognized","May be used to represent additional information that is not part of the basic definition of the element and that modifies the understanding of the element in which it is contained and/or the understanding of the containing element's descendants. Usually modifier elements provide negation or qualification. To make the use of extensions safe and manageable, there is a strict set of governance applied to the definition and use of extensions. Though any implementer can define an extension, there is a set of requirements that SHALL be met as part of the definition of the extension. Applications processing a resource are required to check for modifier extensions.

Modifier extensions SHALL NOT change the meaning of any elements on Resource or DomainResource (including cannot change the meaning of modifierExtension itself).","There can be no stigma associated with the use of extensions by any application, project, or standard - regardless of the institution or jurisdiction that uses or defines the extensions.  The use of extensions is what allows the FHIR specification to retain a core level of simplicity for everyone.","Modifier extensions allow for extensions that *cannot* be safely ignored to be clearly distinguished from the vast majority of extensions which can be safely ignored.  This promotes interoperability by eliminating the need for implementers to prohibit the presence of extensions. For further information, see the [definition of modifier extensions](http://hl7.org/fhir/R4/extensibility.html#modifierExtension).","","","","","","","",,,,,"",,,,"BackboneElement.modifierExtension",0,*,"","ele-1:All FHIR elements must have a @value or children {hasValue() or (children().count() > id.count())}
ext-1:Must have either extensions or value[x], not both {extension.exists() != value.exists()}"
"Patient-hi","Patient-hi.Geschlecht.gender","Patient-hi.Geschlecht.gender","","","",1,1,"","","","CodeableConcept {[]} {[]}
","Administratives Geschlecht","Administratives Geschlecht","","","","","","","","","",,"required","","http://hl7.org/fhir/ValueSet/administrative-gender","",,,,"Patient-hi.Geschlecht.gender",1,1,"",""
"Patient-hi","Patient-hi.Geschlecht.genderExtension","Patient-hi.Geschlecht.genderExtension","","","",0,1,"","","","CodeableConcept {[]} {[]}
","Erweiterung für administratives Geschlecht für den Fall das Geschlecht.gender = other","Erweiterung für administratives Geschlecht für den Fall das Geschlecht.gender = other","","","","","","","","","",,"required","","https://termgit.elga.gv.at/ValueSet/hl7-at-administrativegender-fhir-extension","",,,,"Patient-hi.Geschlecht.genderExtension",0,1,"",""
"Patient-hi","Patient-hi.Schulung","Patient-hi.Schulung","","","",1,1,"","","","BackboneElement {[]} {[]}
","DM(P)-spezifische Patientenschulung","DM(P)-spezifische Patientenschulung","","","","","","","","","",,,,,"",,,,"Patient-hi.Schulung",1,1,"","ele-1:All FHIR elements must have a @value or children {hasValue() or (children().count() > id.count())}
"
"Patient-hi","Patient-hi.Schulung.id","Patient-hi.Schulung.id","","","",0,1,"","","","string {[]} {[]}
","Unique id for inter-element referencing","Unique id for the element within a resource (for internal references). This may be any string value that does not contain spaces.","","","","","","","","","",,,,,"",,,,"Element.id",0,1,"",""
"Patient-hi","Patient-hi.Schulung.extension","Patient-hi.Schulung.extension","","extensions
user content","",0,*,"","","","Extension {[]} {[]}
","Additional content defined by implementations","May be used to represent additional information that is not part of the basic definition of the element. To make the use of extensions safe and manageable, there is a strict set of governance  applied to the definition and use of extensions. Though any implementer can define an extension, there is a set of requirements that SHALL be met as part of the definition of the extension.","There can be no stigma associated with the use of extensions by any application, project, or standard - regardless of the institution or jurisdiction that uses or defines the extensions.  The use of extensions is what allows the FHIR specification to retain a core level of simplicity for everyone.","","","","","","","","",,,,,"","value:url}
","Extensions are always sliced by (at least) url",,"open","Element.extension",0,*,"","ele-1:All FHIR elements must have a @value or children {hasValue() or (children().count() > id.count())}
ext-1:Must have either extensions or value[x], not both {extension.exists() != value.exists()}"
"Patient-hi","Patient-hi.Schulung.modifierExtension","Patient-hi.Schulung.modifierExtension","","extensions
user contentmodifiers","",0,*,"","Y","Y","Extension {[]} {[]}
","Extensions that cannot be ignored even if unrecognized","May be used to represent additional information that is not part of the basic definition of the element and that modifies the understanding of the element in which it is contained and/or the understanding of the containing element's descendants. Usually modifier elements provide negation or qualification. To make the use of extensions safe and manageable, there is a strict set of governance applied to the definition and use of extensions. Though any implementer can define an extension, there is a set of requirements that SHALL be met as part of the definition of the extension. Applications processing a resource are required to check for modifier extensions.

Modifier extensions SHALL NOT change the meaning of any elements on Resource or DomainResource (including cannot change the meaning of modifierExtension itself).","There can be no stigma associated with the use of extensions by any application, project, or standard - regardless of the institution or jurisdiction that uses or defines the extensions.  The use of extensions is what allows the FHIR specification to retain a core level of simplicity for everyone.","Modifier extensions allow for extensions that *cannot* be safely ignored to be clearly distinguished from the vast majority of extensions which can be safely ignored.  This promotes interoperability by eliminating the need for implementers to prohibit the presence of extensions. For further information, see the [definition of modifier extensions](http://hl7.org/fhir/R4/extensibility.html#modifierExtension).","","","","","","","",,,,,"",,,,"BackboneElement.modifierExtension",0,*,"","ele-1:All FHIR elements must have a @value or children {hasValue() or (children().count() > id.count())}
ext-1:Must have either extensions or value[x], not both {extension.exists() != value.exists()}"
"Patient-hi","Patient-hi.Schulung.absolviert","Patient-hi.Schulung.absolviert","","","",1,1,"","","","boolean {[]} {[]}
","absolviert","absolviert","","","","","","","","","",,,,,"",,,,"Patient-hi.Schulung.absolviert",1,1,"",""
"Patient-hi","Patient-hi.Schulung.Datum","Patient-hi.Schulung.Datum","","","",1,1,"","","","date {[]} {[]}
","Datum der Schulung","Datum der Schulung","","","","","","","","","",,,,,"",,,,"Patient-hi.Schulung.Datum",1,1,"",""
"Patient-hi","Patient-hi.Einverstaendnis","Patient-hi.Einverstaendnis","","","",1,1,"","","","Attachment {[]} {[]}
","Patienten-Einverständniserklärung","Patienten-Einverständniserklärung","","","","","","","","","",,,,,"",,,,"Patient-hi.Einverstaendnis",1,1,"",""
"Patient-hi","Patient-hi.Einschreibung","Patient-hi.Einschreibung","","","",1,1,"","","","date {[]} {[]}
","DM(P)-Einschreibedatum","DM(P)-Einschreibedatum","","","","","","","","","",,,,,"",,,,"Patient-hi.Einschreibung",1,1,"",""
"Patient-hi","Patient-hi.Austritt","Patient-hi.Austritt","","","",0,1,"","","","BackboneElement {[]} {[]}
","Austritt aus DM(P)","Austritt aus DM(P)","","","","","","","","","",,,,,"",,,,"Patient-hi.Austritt",0,1,"","ele-1:All FHIR elements must have a @value or children {hasValue() or (children().count() > id.count())}
"
"Patient-hi","Patient-hi.Austritt.id","Patient-hi.Austritt.id","","","",0,1,"","","","string {[]} {[]}
","Unique id for inter-element referencing","Unique id for the element within a resource (for internal references). This may be any string value that does not contain spaces.","","","","","","","","","",,,,,"",,,,"Element.id",0,1,"",""
"Patient-hi","Patient-hi.Austritt.extension","Patient-hi.Austritt.extension","","extensions
user content","",0,*,"","","","Extension {[]} {[]}
","Additional content defined by implementations","May be used to represent additional information that is not part of the basic definition of the element. To make the use of extensions safe and manageable, there is a strict set of governance  applied to the definition and use of extensions. Though any implementer can define an extension, there is a set of requirements that SHALL be met as part of the definition of the extension.","There can be no stigma associated with the use of extensions by any application, project, or standard - regardless of the institution or jurisdiction that uses or defines the extensions.  The use of extensions is what allows the FHIR specification to retain a core level of simplicity for everyone.","","","","","","","","",,,,,"","value:url}
","Extensions are always sliced by (at least) url",,"open","Element.extension",0,*,"","ele-1:All FHIR elements must have a @value or children {hasValue() or (children().count() > id.count())}
ext-1:Must have either extensions or value[x], not both {extension.exists() != value.exists()}"
"Patient-hi","Patient-hi.Austritt.modifierExtension","Patient-hi.Austritt.modifierExtension","","extensions
user contentmodifiers","",0,*,"","Y","Y","Extension {[]} {[]}
","Extensions that cannot be ignored even if unrecognized","May be used to represent additional information that is not part of the basic definition of the element and that modifies the understanding of the element in which it is contained and/or the understanding of the containing element's descendants. Usually modifier elements provide negation or qualification. To make the use of extensions safe and manageable, there is a strict set of governance applied to the definition and use of extensions. Though any implementer can define an extension, there is a set of requirements that SHALL be met as part of the definition of the extension. Applications processing a resource are required to check for modifier extensions.

Modifier extensions SHALL NOT change the meaning of any elements on Resource or DomainResource (including cannot change the meaning of modifierExtension itself).","There can be no stigma associated with the use of extensions by any application, project, or standard - regardless of the institution or jurisdiction that uses or defines the extensions.  The use of extensions is what allows the FHIR specification to retain a core level of simplicity for everyone.","Modifier extensions allow for extensions that *cannot* be safely ignored to be clearly distinguished from the vast majority of extensions which can be safely ignored.  This promotes interoperability by eliminating the need for implementers to prohibit the presence of extensions. For further information, see the [definition of modifier extensions](http://hl7.org/fhir/R4/extensibility.html#modifierExtension).","","","","","","","",,,,,"",,,,"BackboneElement.modifierExtension",0,*,"","ele-1:All FHIR elements must have a @value or children {hasValue() or (children().count() > id.count())}
ext-1:Must have either extensions or value[x], not both {extension.exists() != value.exists()}"
"Patient-hi","Patient-hi.Austritt.Datum","Patient-hi.Austritt.Datum","","","",0,1,"","","","date {[]} {[]}
","Austrittsdatum","Austrittsdatum","","","","","","","","","",,,,,"",,,,"Patient-hi.Austritt.Datum",0,1,"",""
"Patient-hi","Patient-hi.Austritt.Grund","Patient-hi.Austritt.Grund","","","",0,1,"","","","CodeableConcept {[]} {[]}
","Austrittsgrund auszufüllen, wenn DMP-Austrittsdatum vorhanden (Eingabefehler | verstorben | durch Patient beendet | durch Einrichtung beendet | sonstiges)","Austrittsgrund auszufüllen, wenn DMP-Austrittsdatum vorhanden (Eingabefehler | verstorben | durch Patient beendet | durch Einrichtung beendet | sonstiges)","","","","","","","","","",,"required","","https://hi.iv.elga.gv.at/ValueSet/austritt","",,,,"Patient-hi.Austritt.Grund",0,1,"",""
"Patient-hi","Patient-hi.Anlaufstelle","Patient-hi.Anlaufstelle","","","",1,1,"","","","ContactPoint {[]} {[]}
","Aktuelle primäre Anlaufstelle (Bezeichnung, Kontakt)","Aktuelle primäre Anlaufstelle (Bezeichnung, Kontakt)","","","","","","","","","",,,,,"",,,,"Patient-hi.Anlaufstelle",1,1,"",""
"Patient-hi","Patient-hi.Betreuungsnetzwerk","Patient-hi.Betreuungsnetzwerk","","","",1,1,"","","","BackboneElement {[]} {[]}
","Betreuungsnetzwerk","Betreuungsnetzwerk","","","","","","","","","",,,,,"",,,,"Patient-hi.Betreuungsnetzwerk",1,1,"","ele-1:All FHIR elements must have a @value or children {hasValue() or (children().count() > id.count())}
"
"Patient-hi","Patient-hi.Betreuungsnetzwerk.id","Patient-hi.Betreuungsnetzwerk.id","","","",0,1,"","","","string {[]} {[]}
","Unique id for inter-element referencing","Unique id for the element within a resource (for internal references). This may be any string value that does not contain spaces.","","","","","","","","","",,,,,"",,,,"Element.id",0,1,"",""
"Patient-hi","Patient-hi.Betreuungsnetzwerk.extension","Patient-hi.Betreuungsnetzwerk.extension","","extensions
user content","",0,*,"","","","Extension {[]} {[]}
","Additional content defined by implementations","May be used to represent additional information that is not part of the basic definition of the element. To make the use of extensions safe and manageable, there is a strict set of governance  applied to the definition and use of extensions. Though any implementer can define an extension, there is a set of requirements that SHALL be met as part of the definition of the extension.","There can be no stigma associated with the use of extensions by any application, project, or standard - regardless of the institution or jurisdiction that uses or defines the extensions.  The use of extensions is what allows the FHIR specification to retain a core level of simplicity for everyone.","","","","","","","","",,,,,"","value:url}
","Extensions are always sliced by (at least) url",,"open","Element.extension",0,*,"","ele-1:All FHIR elements must have a @value or children {hasValue() or (children().count() > id.count())}
ext-1:Must have either extensions or value[x], not both {extension.exists() != value.exists()}"
"Patient-hi","Patient-hi.Betreuungsnetzwerk.modifierExtension","Patient-hi.Betreuungsnetzwerk.modifierExtension","","extensions
user contentmodifiers","",0,*,"","Y","Y","Extension {[]} {[]}
","Extensions that cannot be ignored even if unrecognized","May be used to represent additional information that is not part of the basic definition of the element and that modifies the understanding of the element in which it is contained and/or the understanding of the containing element's descendants. Usually modifier elements provide negation or qualification. To make the use of extensions safe and manageable, there is a strict set of governance applied to the definition and use of extensions. Though any implementer can define an extension, there is a set of requirements that SHALL be met as part of the definition of the extension. Applications processing a resource are required to check for modifier extensions.

Modifier extensions SHALL NOT change the meaning of any elements on Resource or DomainResource (including cannot change the meaning of modifierExtension itself).","There can be no stigma associated with the use of extensions by any application, project, or standard - regardless of the institution or jurisdiction that uses or defines the extensions.  The use of extensions is what allows the FHIR specification to retain a core level of simplicity for everyone.","Modifier extensions allow for extensions that *cannot* be safely ignored to be clearly distinguished from the vast majority of extensions which can be safely ignored.  This promotes interoperability by eliminating the need for implementers to prohibit the presence of extensions. For further information, see the [definition of modifier extensions](http://hl7.org/fhir/R4/extensibility.html#modifierExtension).","","","","","","","",,,,,"",,,,"BackboneElement.modifierExtension",0,*,"","ele-1:All FHIR elements must have a @value or children {hasValue() or (children().count() > id.count())}
ext-1:Must have either extensions or value[x], not both {extension.exists() != value.exists()}"
"Patient-hi","Patient-hi.Betreuungsnetzwerk.Einbindung","Patient-hi.Betreuungsnetzwerk.Einbindung","","","",1,1,"","","","boolean {[]} {[]}
","Einbindung An- bzw. Zugehörige","Einbindung An- bzw. Zugehörige","","","","","","","","","",,,,,"",,,,"Patient-hi.Betreuungsnetzwerk.Einbindung",1,1,"",""
"Patient-hi","Patient-hi.Betreuungsnetzwerk.Pflegehilfe","Patient-hi.Betreuungsnetzwerk.Pflegehilfe","","","",1,1,"","","","boolean {[]} {[]}
","Pflege/Heimhilfe","Pflege/Heimhilfe","","","","","","","","","",,,,,"",,,,"Patient-hi.Betreuungsnetzwerk.Pflegehilfe",1,1,"",""
"Patient-hi","Patient-hi.Betreuungsnetzwerk.Kontakt","Patient-hi.Betreuungsnetzwerk.Kontakt","","","",0,1,"","","","string {[]} {[]}
","Name und Kontaktmöglichkeit","Name und Kontaktmöglichkeit","","","","","","","","","",,,,,"",,,,"Patient-hi.Betreuungsnetzwerk.Kontakt",0,1,"",""
"Patient-hi","Patient-hi.Versorgungsnetzwerk","Patient-hi.Versorgungsnetzwerk","","","",1,*,"","","","BackboneElement {[]} {[]}
","Versorgungsnetzwerk","Versorgungsnetzwerk","","","","","","","","","",,,,,"",,,,"Patient-hi.Versorgungsnetzwerk",1,*,"","ele-1:All FHIR elements must have a @value or children {hasValue() or (children().count() > id.count())}
"
"Patient-hi","Patient-hi.Versorgungsnetzwerk.id","Patient-hi.Versorgungsnetzwerk.id","","","",0,1,"","","","string {[]} {[]}
","Unique id for inter-element referencing","Unique id for the element within a resource (for internal references). This may be any string value that does not contain spaces.","","","","","","","","","",,,,,"",,,,"Element.id",0,1,"",""
"Patient-hi","Patient-hi.Versorgungsnetzwerk.extension","Patient-hi.Versorgungsnetzwerk.extension","","extensions
user content","",0,*,"","","","Extension {[]} {[]}
","Additional content defined by implementations","May be used to represent additional information that is not part of the basic definition of the element. To make the use of extensions safe and manageable, there is a strict set of governance  applied to the definition and use of extensions. Though any implementer can define an extension, there is a set of requirements that SHALL be met as part of the definition of the extension.","There can be no stigma associated with the use of extensions by any application, project, or standard - regardless of the institution or jurisdiction that uses or defines the extensions.  The use of extensions is what allows the FHIR specification to retain a core level of simplicity for everyone.","","","","","","","","",,,,,"","value:url}
","Extensions are always sliced by (at least) url",,"open","Element.extension",0,*,"","ele-1:All FHIR elements must have a @value or children {hasValue() or (children().count() > id.count())}
ext-1:Must have either extensions or value[x], not both {extension.exists() != value.exists()}"
"Patient-hi","Patient-hi.Versorgungsnetzwerk.modifierExtension","Patient-hi.Versorgungsnetzwerk.modifierExtension","","extensions
user contentmodifiers","",0,*,"","Y","Y","Extension {[]} {[]}
","Extensions that cannot be ignored even if unrecognized","May be used to represent additional information that is not part of the basic definition of the element and that modifies the understanding of the element in which it is contained and/or the understanding of the containing element's descendants. Usually modifier elements provide negation or qualification. To make the use of extensions safe and manageable, there is a strict set of governance applied to the definition and use of extensions. Though any implementer can define an extension, there is a set of requirements that SHALL be met as part of the definition of the extension. Applications processing a resource are required to check for modifier extensions.

Modifier extensions SHALL NOT change the meaning of any elements on Resource or DomainResource (including cannot change the meaning of modifierExtension itself).","There can be no stigma associated with the use of extensions by any application, project, or standard - regardless of the institution or jurisdiction that uses or defines the extensions.  The use of extensions is what allows the FHIR specification to retain a core level of simplicity for everyone.","Modifier extensions allow for extensions that *cannot* be safely ignored to be clearly distinguished from the vast majority of extensions which can be safely ignored.  This promotes interoperability by eliminating the need for implementers to prohibit the presence of extensions. For further information, see the [definition of modifier extensions](http://hl7.org/fhir/R4/extensibility.html#modifierExtension).","","","","","","","",,,,,"",,,,"BackboneElement.modifierExtension",0,*,"","ele-1:All FHIR elements must have a @value or children {hasValue() or (children().count() > id.count())}
ext-1:Must have either extensions or value[x], not both {extension.exists() != value.exists()}"
"Patient-hi","Patient-hi.Versorgungsnetzwerk.Kontakt","Patient-hi.Versorgungsnetzwerk.Kontakt","","","",1,1,"","","","ContactPoint {[]} {[]}
","Bezeichnung, Kontakt, freies Textfeld","Bezeichnung, Kontakt, freies Textfeld","","","","","","","","","",,,,,"",,,,"Patient-hi.Versorgungsnetzwerk.Kontakt",1,1,"",""
"Patient-hi","Patient-hi.Versorgungsnetzwerk.Kontakttyp","Patient-hi.Versorgungsnetzwerk.Kontakttyp","","","",1,1,"","","","CodeableConcept {[]} {[]}
","Team Primärversorgung/hausärztliches Team | Niedergelassene Fachärzte für innere Medizin/Kardiologie | HI-Spezialist/Spezialambulanz | Krankenhaus/stationär | Rehabilitation","Team Primärversorgung/hausärztliches Team | Niedergelassene Fachärzte für innere Medizin/Kardiologie | HI-Spezialist/Spezialambulanz | Krankenhaus/stationär | Rehabilitation","","","","","","","","","",,"required","","https://termgit.elga.gv.at/ValueSet/elga-authorspeciality","",,,,"Patient-hi.Versorgungsnetzwerk.Kontakttyp",1,1,"",""
"PlanOfCare-ips","PlanOfCare-ips","PlanOfCare-ips","","","",0,*,"","","","null {[]} {[]}
","Plan Of Care (IPS)","Abbildung der Datenfelder, die für den Entwurf der Datenspezifikation des modularen Rahmenkonzepts für
Österreich für das Disease-Management bei chronischer Herzinsuffizienz erforderlich sind, auf dem des IPS-Modul ""Plan Of Care"".

Refer to the **[mapping from the logical model of HI to the logical model based on the International Patient Summary (IPS)](mappings.html)** in order to get an idea how the IPS relates to HI.","","","","","","","","","",,,,,"",,,,"Base",0,*,"",""
"PlanOfCare-ips","PlanOfCare-ips.instantiatesUri","PlanOfCare-ips.instantiatesUri","","","",1,1,"","","","uri {[]} {[]}
","Instantiates external protocol or definition","Instantiates external protocol or definition","","","","","<valueUri xmlns=""http://hl7.org/fhir"" value=""https://www.cciv.at/cdscontent/?contentid=10007.864468&amp;portal=ccivportal""/>","","","","",,,,,"",,,,"PlanOfCare-ips.instantiatesUri",1,1,"",""
"PlanOfCare-ips","PlanOfCare-ips.subject","PlanOfCare-ips.subject","","","",1,1,"","","","https://hi.iv.elga.gv.at/StructureDefinition/Subject-ips {[]} {[]}
","Who the care plan is for","Who the care plan is for","","","","","","","","","",,,,,"",,,,"PlanOfCare-ips.subject",1,1,"",""
"PlanOfCare-ips","PlanOfCare-ips.period","PlanOfCare-ips.period","","","",0,1,"","","","Period {[]} {[]}
","Time period plan covers","Time period plan covers","","","","","","","","","",,,,,"",,,,"PlanOfCare-ips.period",0,1,"",""
"PlanOfCare-ips","PlanOfCare-ips.author","PlanOfCare-ips.author","","","",1,1,"","","","Reference {[]} {[CanonicalType[http://hl7.org/fhir/StructureDefinition/Practitioner], CanonicalType[http://hl7.org/fhir/StructureDefinition/PractitionerRole]]}
","Who is the designated responsible party","Who is the designated responsible party","","","","","","","","","",,,,,"",,,,"PlanOfCare-ips.author",1,1,"",""
"PlanOfCare-ips","PlanOfCare-ips.careTeam","PlanOfCare-ips.careTeam","","","",0,*,"","","","BackboneElement {[]} {[]}
","Who's involved in plan?","Who's involved in plan?","","","","","","","","","",,,,,"",,,,"PlanOfCare-ips.careTeam",0,*,"","ele-1:All FHIR elements must have a @value or children {hasValue() or (children().count() > id.count())}
"
"PlanOfCare-ips","PlanOfCare-ips.careTeam.id","PlanOfCare-ips.careTeam.id","","","",0,1,"","","","string {[]} {[]}
","Unique id for inter-element referencing","Unique id for the element within a resource (for internal references). This may be any string value that does not contain spaces.","","","","","","","","","",,,,,"",,,,"Element.id",0,1,"",""
"PlanOfCare-ips","PlanOfCare-ips.careTeam.extension","PlanOfCare-ips.careTeam.extension","","extensions
user content","",0,*,"","","","Extension {[]} {[]}
","Additional content defined by implementations","May be used to represent additional information that is not part of the basic definition of the element. To make the use of extensions safe and manageable, there is a strict set of governance  applied to the definition and use of extensions. Though any implementer can define an extension, there is a set of requirements that SHALL be met as part of the definition of the extension.","There can be no stigma associated with the use of extensions by any application, project, or standard - regardless of the institution or jurisdiction that uses or defines the extensions.  The use of extensions is what allows the FHIR specification to retain a core level of simplicity for everyone.","","","","","","","","",,,,,"","value:url}
","Extensions are always sliced by (at least) url",,"open","Element.extension",0,*,"","ele-1:All FHIR elements must have a @value or children {hasValue() or (children().count() > id.count())}
ext-1:Must have either extensions or value[x], not both {extension.exists() != value.exists()}"
"PlanOfCare-ips","PlanOfCare-ips.careTeam.modifierExtension","PlanOfCare-ips.careTeam.modifierExtension","","extensions
user contentmodifiers","",0,*,"","Y","Y","Extension {[]} {[]}
","Extensions that cannot be ignored even if unrecognized","May be used to represent additional information that is not part of the basic definition of the element and that modifies the understanding of the element in which it is contained and/or the understanding of the containing element's descendants. Usually modifier elements provide negation or qualification. To make the use of extensions safe and manageable, there is a strict set of governance applied to the definition and use of extensions. Though any implementer can define an extension, there is a set of requirements that SHALL be met as part of the definition of the extension. Applications processing a resource are required to check for modifier extensions.

Modifier extensions SHALL NOT change the meaning of any elements on Resource or DomainResource (including cannot change the meaning of modifierExtension itself).","There can be no stigma associated with the use of extensions by any application, project, or standard - regardless of the institution or jurisdiction that uses or defines the extensions.  The use of extensions is what allows the FHIR specification to retain a core level of simplicity for everyone.","Modifier extensions allow for extensions that *cannot* be safely ignored to be clearly distinguished from the vast majority of extensions which can be safely ignored.  This promotes interoperability by eliminating the need for implementers to prohibit the presence of extensions. For further information, see the [definition of modifier extensions](http://hl7.org/fhir/R4/extensibility.html#modifierExtension).","","","","","","","",,,,,"",,,,"BackboneElement.modifierExtension",0,*,"","ele-1:All FHIR elements must have a @value or children {hasValue() or (children().count() > id.count())}
ext-1:Must have either extensions or value[x], not both {extension.exists() != value.exists()}"
"PlanOfCare-ips","PlanOfCare-ips.careTeam.participant","PlanOfCare-ips.careTeam.participant","","","",0,*,"","","","BackboneElement {[]} {[]}
","Members of the team","Members of the team","","","","","","","","","",,,,,"",,,,"PlanOfCare-ips.careTeam.participant",0,*,"","ele-1:All FHIR elements must have a @value or children {hasValue() or (children().count() > id.count())}
"
"PlanOfCare-ips","PlanOfCare-ips.careTeam.participant.id","PlanOfCare-ips.careTeam.participant.id","","","",0,1,"","","","string {[]} {[]}
","Unique id for inter-element referencing","Unique id for the element within a resource (for internal references). This may be any string value that does not contain spaces.","","","","","","","","","",,,,,"",,,,"Element.id",0,1,"",""
"PlanOfCare-ips","PlanOfCare-ips.careTeam.participant.extension","PlanOfCare-ips.careTeam.participant.extension","","extensions
user content","",0,*,"","","","Extension {[]} {[]}
","Additional content defined by implementations","May be used to represent additional information that is not part of the basic definition of the element. To make the use of extensions safe and manageable, there is a strict set of governance  applied to the definition and use of extensions. Though any implementer can define an extension, there is a set of requirements that SHALL be met as part of the definition of the extension.","There can be no stigma associated with the use of extensions by any application, project, or standard - regardless of the institution or jurisdiction that uses or defines the extensions.  The use of extensions is what allows the FHIR specification to retain a core level of simplicity for everyone.","","","","","","","","",,,,,"","value:url}
","Extensions are always sliced by (at least) url",,"open","Element.extension",0,*,"","ele-1:All FHIR elements must have a @value or children {hasValue() or (children().count() > id.count())}
ext-1:Must have either extensions or value[x], not both {extension.exists() != value.exists()}"
"PlanOfCare-ips","PlanOfCare-ips.careTeam.participant.modifierExtension","PlanOfCare-ips.careTeam.participant.modifierExtension","","extensions
user contentmodifiers","",0,*,"","Y","Y","Extension {[]} {[]}
","Extensions that cannot be ignored even if unrecognized","May be used to represent additional information that is not part of the basic definition of the element and that modifies the understanding of the element in which it is contained and/or the understanding of the containing element's descendants. Usually modifier elements provide negation or qualification. To make the use of extensions safe and manageable, there is a strict set of governance applied to the definition and use of extensions. Though any implementer can define an extension, there is a set of requirements that SHALL be met as part of the definition of the extension. Applications processing a resource are required to check for modifier extensions.

Modifier extensions SHALL NOT change the meaning of any elements on Resource or DomainResource (including cannot change the meaning of modifierExtension itself).","There can be no stigma associated with the use of extensions by any application, project, or standard - regardless of the institution or jurisdiction that uses or defines the extensions.  The use of extensions is what allows the FHIR specification to retain a core level of simplicity for everyone.","Modifier extensions allow for extensions that *cannot* be safely ignored to be clearly distinguished from the vast majority of extensions which can be safely ignored.  This promotes interoperability by eliminating the need for implementers to prohibit the presence of extensions. For further information, see the [definition of modifier extensions](http://hl7.org/fhir/R4/extensibility.html#modifierExtension).","","","","","","","",,,,,"",,,,"BackboneElement.modifierExtension",0,*,"","ele-1:All FHIR elements must have a @value or children {hasValue() or (children().count() > id.count())}
ext-1:Must have either extensions or value[x], not both {extension.exists() != value.exists()}"
"PlanOfCare-ips","PlanOfCare-ips.careTeam.participant.role","PlanOfCare-ips.careTeam.participant.role","","","",0,*,"","","","CodeableConcept {[]} {[]}
","Type of involvement","Type of involvement","","","","","","","","","",,,,,"",,,,"PlanOfCare-ips.careTeam.participant.role",0,*,"",""
"PlanOfCare-ips","PlanOfCare-ips.careTeam.participant.member","PlanOfCare-ips.careTeam.participant.member","","","",0,1,"","","","Reference {[]} {[CanonicalType[http://hl7.org/fhir/StructureDefinition/Practitioner], CanonicalType[http://hl7.org/fhir/StructureDefinition/PractitionerRole], CanonicalType[http://hl7.org/fhir/StructureDefinition/RelatedPerson], CanonicalType[http://hl7.org/fhir/StructureDefinition/Organization]]}
","Who is involved","Who is involved","","","","","","","","","",,,,,"",,,,"PlanOfCare-ips.careTeam.participant.member",0,1,"",""
"PlanOfCare-ips","PlanOfCare-ips.careTeam.participant.period","PlanOfCare-ips.careTeam.participant.period","","","",0,1,"","","","Period {[]} {[]}
","Time period of participant","Time period of participant","","","","","","","","","",,,,,"",,,,"PlanOfCare-ips.careTeam.participant.period",0,1,"",""
"PlanOfCare-ips","PlanOfCare-ips.goal","PlanOfCare-ips.goal","","","",0,*,"","","","Reference {[]} {[CanonicalType[http://hl7.org/fhir/StructureDefinition/Goal]]}
","Desired outcome of plan","Desired outcome of plan","","","","","","","","","",,,,,"",,,,"PlanOfCare-ips.goal",0,*,"",""
"PlanOfCare-ips","PlanOfCare-ips.activity","PlanOfCare-ips.activity","","","",0,*,"","","","BackboneElement {[]} {[]}
","Action to occur as part of plan","Action to occur as part of plan","","","","","","","","","",,,,,"",,,,"PlanOfCare-ips.activity",0,*,"","ele-1:All FHIR elements must have a @value or children {hasValue() or (children().count() > id.count())}
"
"PlanOfCare-ips","PlanOfCare-ips.activity.id","PlanOfCare-ips.activity.id","","","",0,1,"","","","string {[]} {[]}
","Unique id for inter-element referencing","Unique id for the element within a resource (for internal references). This may be any string value that does not contain spaces.","","","","","","","","","",,,,,"",,,,"Element.id",0,1,"",""
"PlanOfCare-ips","PlanOfCare-ips.activity.extension","PlanOfCare-ips.activity.extension","","extensions
user content","",0,*,"","","","Extension {[]} {[]}
","Additional content defined by implementations","May be used to represent additional information that is not part of the basic definition of the element. To make the use of extensions safe and manageable, there is a strict set of governance  applied to the definition and use of extensions. Though any implementer can define an extension, there is a set of requirements that SHALL be met as part of the definition of the extension.","There can be no stigma associated with the use of extensions by any application, project, or standard - regardless of the institution or jurisdiction that uses or defines the extensions.  The use of extensions is what allows the FHIR specification to retain a core level of simplicity for everyone.","","","","","","","","",,,,,"","value:url}
","Extensions are always sliced by (at least) url",,"open","Element.extension",0,*,"","ele-1:All FHIR elements must have a @value or children {hasValue() or (children().count() > id.count())}
ext-1:Must have either extensions or value[x], not both {extension.exists() != value.exists()}"
"PlanOfCare-ips","PlanOfCare-ips.activity.modifierExtension","PlanOfCare-ips.activity.modifierExtension","","extensions
user contentmodifiers","",0,*,"","Y","Y","Extension {[]} {[]}
","Extensions that cannot be ignored even if unrecognized","May be used to represent additional information that is not part of the basic definition of the element and that modifies the understanding of the element in which it is contained and/or the understanding of the containing element's descendants. Usually modifier elements provide negation or qualification. To make the use of extensions safe and manageable, there is a strict set of governance applied to the definition and use of extensions. Though any implementer can define an extension, there is a set of requirements that SHALL be met as part of the definition of the extension. Applications processing a resource are required to check for modifier extensions.

Modifier extensions SHALL NOT change the meaning of any elements on Resource or DomainResource (including cannot change the meaning of modifierExtension itself).","There can be no stigma associated with the use of extensions by any application, project, or standard - regardless of the institution or jurisdiction that uses or defines the extensions.  The use of extensions is what allows the FHIR specification to retain a core level of simplicity for everyone.","Modifier extensions allow for extensions that *cannot* be safely ignored to be clearly distinguished from the vast majority of extensions which can be safely ignored.  This promotes interoperability by eliminating the need for implementers to prohibit the presence of extensions. For further information, see the [definition of modifier extensions](http://hl7.org/fhir/R4/extensibility.html#modifierExtension).","","","","","","","",,,,,"",,,,"BackboneElement.modifierExtension",0,*,"","ele-1:All FHIR elements must have a @value or children {hasValue() or (children().count() > id.count())}
ext-1:Must have either extensions or value[x], not both {extension.exists() != value.exists()}"
"PlanOfCare-ips","PlanOfCare-ips.activity.outcomeReference","PlanOfCare-ips.activity.outcomeReference","","","",0,*,"","","","Reference {[]} {[CanonicalType[http://hl7.org/fhir/StructureDefinition/Resource]]}
","Appointment, Encounter, Procedure, etc.","Appointment, Encounter, Procedure, etc.","","","","","","","","","",,,,,"",,,,"PlanOfCare-ips.activity.outcomeReference",0,*,"",""
"PlanOfCare-ips","PlanOfCare-ips.activity.kind","PlanOfCare-ips.activity.kind","","","",0,1,"","","","code {[]} {[]}
","Appointment | CommunicationRequest | DeviceRequest | MedicationRequest | NutritionOrder | Task | ServiceRequest | VisionPrescription","Appointment | CommunicationRequest | DeviceRequest | MedicationRequest | NutritionOrder | Task | ServiceRequest | VisionPrescription","","","","","","","","","",,"required","","http://hl7.org/fhir/ValueSet/care-plan-activity-kind","",,,,"PlanOfCare-ips.activity.kind",0,1,"",""
"PlanOfCare-ips","PlanOfCare-ips.activity.code","PlanOfCare-ips.activity.code","","","",0,1,"","","","CodeableConcept {[]} {[]}
","Detail type of activity","Detail type of activity","","","","","","","","","",,"required","","https://hi.iv.elga.gv.at/ValueSet/education","",,,,"PlanOfCare-ips.activity.code",0,1,"",""
"PlanOfCare-ips","PlanOfCare-ips.activity.status","PlanOfCare-ips.activity.status","","","",1,1,"","","","code {[]} {[]}
","not-started | scheduled | in-progress | on-hold | completed | cancelled | stopped | unknown | entered-in-error","not-started | scheduled | in-progress | on-hold | completed | cancelled | stopped | unknown | entered-in-error","","","","","","","","","",,"required","","http://hl7.org/fhir/ValueSet/care-plan-activity-status","",,,,"PlanOfCare-ips.activity.status",1,1,"",""
"PlanOfCare-ips","PlanOfCare-ips.activity.scheduled[x]","PlanOfCare-ips.activity.scheduled[x]","","","",0,1,"","","","Timing {[]} {[]}
Period {[]} {[]}string {[]} {[]}","When activity is to occur","When activity is to occur","","","","","","","","","",,,,,"",,,,"PlanOfCare-ips.activity.scheduled[x]",0,1,"",""
"PlanOfCare-ips","PlanOfCare-ips.activity.performer","PlanOfCare-ips.activity.performer","","","",0,*,"","","","Reference {[]} {[CanonicalType[http://hl7.org/fhir/StructureDefinition/Practitioner], CanonicalType[http://hl7.org/fhir/StructureDefinition/PractitionerRole], CanonicalType[http://hl7.org/fhir/StructureDefinition/RelatedPerson], CanonicalType[http://hl7.org/fhir/StructureDefinition/Organization]]}
","Who will be responsible?","Who will be responsible?","","","","","","","","","",,,,,"",,,,"PlanOfCare-ips.activity.performer",0,*,"",""
"ProblemList-ips","ProblemList-ips","ProblemList-ips","","","",0,*,"","","","null {[]} {[]}
","Problem List (IPS)","Abbildung der Datenfelder, die für den Entwurf der Datenspezifikation des modularen Rahmenkonzepts für
Österreich für das Disease-Management bei chronischer Herzinsuffizienz erforderlich sind, auf dem des IPS-Modul ""Problem List"".

Refer to the **[mapping from the logical model of HI to the logical model based on the International Patient Summary (IPS)](mappings.html)** in order to get an idea how the IPS relates to HI.","","","","","","","","","",,,,,"",,,,"Base",0,*,"",""
"ProblemList-ips","ProblemList-ips.code","ProblemList-ips.code","","","",1,1,"","","","CodeableConcept {[]} {[]}
","Identification of the condition, problem or diagnosis","Identification of the condition, problem or diagnosis","","","","","","","","","",,"preferred","","http://hl7.org/fhir/uv/ips/ValueSet/problems-snomed-absent-unknown-uv-ips","",,,,"ProblemList-ips.code",1,1,"",""
"ProblemList-ips","ProblemList-ips.subject","ProblemList-ips.subject","","","",1,1,"","","","https://hi.iv.elga.gv.at/StructureDefinition/Subject-ips {[]} {[]}
","Who has the condition?","Who has the condition?","","","","","","","","","",,,,,"",,,,"ProblemList-ips.subject",1,1,"",""
"ProblemList-ips","ProblemList-ips.recordedDate","ProblemList-ips.recordedDate","","","",1,1,"","","","dateTime {[]} {[]}
","Date record was first recorded","Date record was first recorded","","","","","","","","","",,,,,"",,,,"ProblemList-ips.recordedDate",1,1,"",""
"ProblemList-ips","ProblemList-ips.asserter","ProblemList-ips.asserter","","","",1,1,"","","","Reference {[]} {[CanonicalType[http://hl7.org/fhir/StructureDefinition/Practitioner], CanonicalType[http://hl7.org/fhir/StructureDefinition/PractitionerRole]]}
","Person who asserts this condition","Person who asserts this condition","","","","","","","","","",,,,,"",,,,"ProblemList-ips.asserter",1,1,"",""
"Subject-ips","Subject-ips","Subject-ips","","","",0,*,"","","","null {[]} {[]}
","Subject (IPS)","Abbildung der Datenfelder, die für den Entwurf der Datenspezifikation des modularen Rahmenkonzepts für
Österreich für das Disease-Management bei chronischer Herzinsuffizienz erforderlich sind, auf dem des IPS-Modul ""Subject"".

Refer to the **[mapping from the logical model of HI to the logical model based on the International Patient Summary (IPS)](mappings.html)** in order to get an idea how the IPS relates to HI.","","","","","","","","","",,,,,"",,,,"Base",0,*,"",""
"Subject-ips","Subject-ips.identifier","Subject-ips.identifier","","","",1,*,"","","","Identifier {[]} {[]}
","An identifier for this subject","An identifier for this subject","","","","","","","","","",,,,,"",,,,"Subject-ips.identifier",1,*,"",""
"Subject-ips","Subject-ips.name","Subject-ips.name","","","",1,*,"","","","HumanName {[]} {[]}
","A name associated with the subject","A name associated with the subject","","","","","","","","","",,,,,"",,,,"Subject-ips.name",1,*,"",""
"Subject-ips","Subject-ips.telecom","Subject-ips.telecom","","","",1,*,"","","","ContactPoint {[]} {[]}
","A contact detail for the subject","A contact detail for the subject","","","","","","","","","",,,,,"",,,,"Subject-ips.telecom",1,*,"",""
"Subject-ips","Subject-ips.gender","Subject-ips.gender","","","",1,1,"","","","code {[]} {[]}
","male | female | other | unknown","male | female | other | unknown","","","","","","","","","",,"required","","http://hl7.org/fhir/ValueSet/administrative-gender","",,,,"Subject-ips.gender",1,1,"",""
"Subject-ips","Subject-ips.genderExtension","Subject-ips.genderExtension","","","",0,1,"","","","CodeableConcept {[]} {[]}
","Extension in case gender = other","Extension in case gender = other","","","","","","","","","",,"required","","https://termgit.elga.gv.at/ValueSet/hl7-at-administrativegender-fhir-extension","",,,,"Subject-ips.genderExtension",0,1,"",""
"Subject-ips","Subject-ips.birthDate","Subject-ips.birthDate","","","",1,1,"","","","date {[]} {[]}
","The date of birth for the subject","The date of birth for the subject","","","","","","","","","",,,,,"",,,,"Subject-ips.birthDate",1,1,"",""
"Subject-ips","Subject-ips.address","Subject-ips.address","","","",1,*,"","","","Address {[]} {[]}
","An address for the subject","An address for the subject","","","","","","","","","",,,,,"",,,,"Subject-ips.address",1,*,"",""
"Subject-ips","Subject-ips.contact","Subject-ips.contact","","","",0,*,"","","","BackboneElement {[]} {[]}
","A contact party (e.g. guardian, partner, friend) for the patient","A contact party (e.g. guardian, partner, friend) for the patient","","","","","","","","","",,,,,"",,,,"Subject-ips.contact",0,*,"",""
"Subject-ips","Subject-ips.contactInsurance","Subject-ips.contactInsurance","","","",1,1,"","","","BackboneElement {[]} {[]}
","The insurance company","The insurance company","","","","","","","","","",,,,,"",,,,"Subject-ips.contactInsurance",1,1,"","ele-1:All FHIR elements must have a @value or children {hasValue() or (children().count() > id.count())}
"
"Subject-ips","Subject-ips.contactInsurance.id","Subject-ips.contactInsurance.id","","","",0,1,"","","","string {[]} {[]}
","Unique id for inter-element referencing","Unique id for the element within a resource (for internal references). This may be any string value that does not contain spaces.","","","","","","","","","",,,,,"",,,,"Element.id",0,1,"",""
"Subject-ips","Subject-ips.contactInsurance.extension","Subject-ips.contactInsurance.extension","","extensions
user content","",0,*,"","","","Extension {[]} {[]}
","Additional content defined by implementations","May be used to represent additional information that is not part of the basic definition of the element. To make the use of extensions safe and manageable, there is a strict set of governance  applied to the definition and use of extensions. Though any implementer can define an extension, there is a set of requirements that SHALL be met as part of the definition of the extension.","There can be no stigma associated with the use of extensions by any application, project, or standard - regardless of the institution or jurisdiction that uses or defines the extensions.  The use of extensions is what allows the FHIR specification to retain a core level of simplicity for everyone.","","","","","","","","",,,,,"","value:url}
","Extensions are always sliced by (at least) url",,"open","Element.extension",0,*,"","ele-1:All FHIR elements must have a @value or children {hasValue() or (children().count() > id.count())}
ext-1:Must have either extensions or value[x], not both {extension.exists() != value.exists()}"
"Subject-ips","Subject-ips.contactInsurance.modifierExtension","Subject-ips.contactInsurance.modifierExtension","","extensions
user contentmodifiers","",0,*,"","Y","Y","Extension {[]} {[]}
","Extensions that cannot be ignored even if unrecognized","May be used to represent additional information that is not part of the basic definition of the element and that modifies the understanding of the element in which it is contained and/or the understanding of the containing element's descendants. Usually modifier elements provide negation or qualification. To make the use of extensions safe and manageable, there is a strict set of governance applied to the definition and use of extensions. Though any implementer can define an extension, there is a set of requirements that SHALL be met as part of the definition of the extension. Applications processing a resource are required to check for modifier extensions.

Modifier extensions SHALL NOT change the meaning of any elements on Resource or DomainResource (including cannot change the meaning of modifierExtension itself).","There can be no stigma associated with the use of extensions by any application, project, or standard - regardless of the institution or jurisdiction that uses or defines the extensions.  The use of extensions is what allows the FHIR specification to retain a core level of simplicity for everyone.","Modifier extensions allow for extensions that *cannot* be safely ignored to be clearly distinguished from the vast majority of extensions which can be safely ignored.  This promotes interoperability by eliminating the need for implementers to prohibit the presence of extensions. For further information, see the [definition of modifier extensions](http://hl7.org/fhir/R4/extensibility.html#modifierExtension).","","","","","","","",,,,,"",,,,"BackboneElement.modifierExtension",0,*,"","ele-1:All FHIR elements must have a @value or children {hasValue() or (children().count() > id.count())}
ext-1:Must have either extensions or value[x], not both {extension.exists() != value.exists()}"
"Subject-ips","Subject-ips.contactInsurance.relationship","Subject-ips.contactInsurance.relationship","","","",1,1,"","","","CodeableConcept {[]} {[]}
","The nature of the relationship between a patient and a contact person for that patient.","The nature of the relationship between a patient and a contact person for that patient.","","","","","<valueCodeableConcept xmlns=""http://hl7.org/fhir"">
  <coding>
    <system value=""http://terminology.hl7.org/CodeSystem/v2-0131""/>
    <code value=""I""/>
  </coding>
</valueCodeableConcept>","","","","",,"required","","http://hl7.org/fhir/ValueSet/patient-contactrelationship","",,,,"Subject-ips.contactInsurance.relationship",1,1,"",""
"Subject-ips","Subject-ips.generalPractitioner","Subject-ips.generalPractitioner","","","",0,*,"","","","Reference {[]} {[CanonicalType[http://hl7.org/fhir/StructureDefinition/Organization], CanonicalType[http://hl7.org/fhir/StructureDefinition/Practitioner], CanonicalType[http://hl7.org/fhir/StructureDefinition/PractitionerRole]]}
","Patient's nominated primary care provider","Patient's nominated primary care provider","","","","","","","","","",,,,,"",,,,"Subject-ips.generalPractitioner",0,*,"",""
"iv-careplan-schulung","CarePlan","CarePlan","","Care Team
","",0,*,"","","","null {[]} {[]}
","IV CarePlan","Dokumentation einer Schulung mit Careplan für IV","","","","","","","","","",,,,,"",,,,"CarePlan",0,*,"","dom-2:If the resource is contained in another resource, it SHALL NOT contain nested Resources {contained.contained.empty()}
dom-3:If the resource is contained in another resource, it SHALL be referred to from elsewhere in the resource or SHALL refer to the containing resource {contained.where((('#'+id in (%resource.descendants().reference | %resource.descendants().as(canonical) | %resource.descendants().as(uri) | %resource.descendants().as(url))) or descendants().where(reference = '#').exists() or descendants().where(as(canonical) = '#').exists() or descendants().where(as(canonical) = '#').exists()).not()).trace('unmatched', id).empty()}dom-4:If a resource is contained in another resource, it SHALL NOT have a meta.versionId or a meta.lastUpdated {contained.meta.versionId.empty() and contained.meta.lastUpdated.empty()}dom-5:If a resource is contained in another resource, it SHALL NOT have a security label {contained.meta.security.empty()}dom-6:A resource should have narrative for robust management {text.`div`.exists()}"
"iv-careplan-schulung","CarePlan.id","CarePlan.id","","","",0,1,"","","Y","id {[]} {[]}
","Logical id of this artifact","The logical id of the resource, as used in the URL for the resource. Once assigned, this value never changes.","The only time that a resource does not have an id is when it is being submitted to the server using a create operation.","","","","","","","","",,,,,"",,,,"Resource.id",0,1,"",""
"iv-careplan-schulung","CarePlan.meta","CarePlan.meta","","","",0,1,"","","Y","Meta {[]} {[]}
","Metadata about the resource","The metadata about the resource. This is content that is maintained by the infrastructure. Changes to the content might not always be associated with version changes to the resource.","","","","","","","","","",,,,,"",,,,"Resource.meta",0,1,"","ele-1:All FHIR elements must have a @value or children {hasValue() or (children().count() > id.count())}
"
"iv-careplan-schulung","CarePlan.implicitRules","CarePlan.implicitRules","","","",0,1,"","Y","Y","uri {[]} {[]}
","A set of rules under which this content was created","A reference to a set of rules that were followed when the resource was constructed, and which must be understood when processing the content. Often, this is a reference to an implementation guide that defines the special rules along with other profiles etc.","Asserting this rule set restricts the content to be only understood by a limited set of trading partners. This inherently limits the usefulness of the data in the long term. However, the existing health eco-system is highly fractured, and not yet ready to define, collect, and exchange data in a generally computable sense. Wherever possible, implementers and/or specification writers should avoid using this element. Often, when used, the URL is a reference to an implementation guide that defines these special rules as part of it's narrative along with other profiles, value sets, etc.","","","","","","","","",,,,,"",,,,"Resource.implicitRules",0,1,"","ele-1:All FHIR elements must have a @value or children {hasValue() or (children().count() > id.count())}
"
"iv-careplan-schulung","CarePlan.language","CarePlan.language","","","",0,1,"","","","code {[]} {[]}
","Language of the resource content","The base language in which the resource is written.","Language is provided to support indexing and accessibility (typically, services such as text to speech use the language tag). The html language tag in the narrative applies  to the narrative. The language tag on the resource may be used to specify the language of other presentations generated from the data in the resource. Not all the content has to be in the base language. The Resource.language should not be assumed to apply to the narrative automatically. If a language is specified, it should it also be specified on the div element in the html (see rules in HTML5 for information about the relationship between xml:lang and the html lang attribute).","","","","","","","","",,"preferred","A human language.","http://hl7.org/fhir/ValueSet/languages","",,,,"Resource.language",0,1,"","ele-1:All FHIR elements must have a @value or children {hasValue() or (children().count() > id.count())}
"
"iv-careplan-schulung","CarePlan.text","CarePlan.text","","narrative
htmlxhtmldisplay","",0,1,"","","","Narrative {[]} {[]}
","Text summary of the resource, for human interpretation","A human-readable narrative that contains a summary of the resource and can be used to represent the content of the resource to a human. The narrative need not encode all the structured data, but is required to contain sufficient detail to make it ""clinically safe"" for a human to just read the narrative. Resource definitions may define what content should be represented in the narrative to ensure clinical safety.","Contained resources do not have narrative. Resources that are not contained SHOULD have a narrative. In some cases, a resource may only have text with little or no additional discrete data (as long as all minOccurs=1 elements are satisfied).  This may be necessary for data from legacy systems where information is captured as a ""text blob"" or where text is additionally entered raw or narrated and encoded information is added later.","","","","","","","","",,,,,"",,,,"DomainResource.text",0,1,"","ele-1:All FHIR elements must have a @value or children {hasValue() or (children().count() > id.count())}
"
"iv-careplan-schulung","CarePlan.contained","CarePlan.contained","","inline resources
anonymous resourcescontained resources","",0,*,"","","","Resource {[]} {[]}
","Contained, inline Resources","These resources do not have an independent existence apart from the resource that contains them - they cannot be identified independently, and nor can they have their own independent transaction scope.","This should never be done when the content can be identified properly, as once identification is lost, it is extremely difficult (and context dependent) to restore it again. Contained resources may have profiles and tags In their meta elements, but SHALL NOT have security labels.","","","","","","","","",,,,,"",,,,"DomainResource.contained",0,*,"",""
"iv-careplan-schulung","CarePlan.extension","CarePlan.extension","","extensions
user content","",0,*,"","","","Extension {[]} {[]}
","Additional content defined by implementations","May be used to represent additional information that is not part of the basic definition of the resource. To make the use of extensions safe and manageable, there is a strict set of governance  applied to the definition and use of extensions. Though any implementer can define an extension, there is a set of requirements that SHALL be met as part of the definition of the extension.","There can be no stigma associated with the use of extensions by any application, project, or standard - regardless of the institution or jurisdiction that uses or defines the extensions.  The use of extensions is what allows the FHIR specification to retain a core level of simplicity for everyone.","","","","","","","","",,,,,"",,,,"DomainResource.extension",0,*,"","ele-1:All FHIR elements must have a @value or children {hasValue() or (children().count() > id.count())}
ext-1:Must have either extensions or value[x], not both {extension.exists() != value.exists()}"
"iv-careplan-schulung","CarePlan.modifierExtension","CarePlan.modifierExtension","","extensions
user content","",0,*,"","Y","","Extension {[]} {[]}
","Extensions that cannot be ignored","May be used to represent additional information that is not part of the basic definition of the resource and that modifies the understanding of the element that contains it and/or the understanding of the containing element's descendants. Usually modifier elements provide negation or qualification. To make the use of extensions safe and manageable, there is a strict set of governance applied to the definition and use of extensions. Though any implementer is allowed to define an extension, there is a set of requirements that SHALL be met as part of the definition of the extension. Applications processing a resource are required to check for modifier extensions.

Modifier extensions SHALL NOT change the meaning of any elements on Resource or DomainResource (including cannot change the meaning of modifierExtension itself).","There can be no stigma associated with the use of extensions by any application, project, or standard - regardless of the institution or jurisdiction that uses or defines the extensions.  The use of extensions is what allows the FHIR specification to retain a core level of simplicity for everyone.","Modifier extensions allow for extensions that *cannot* be safely ignored to be clearly distinguished from the vast majority of extensions which can be safely ignored.  This promotes interoperability by eliminating the need for implementers to prohibit the presence of extensions. For further information, see the [definition of modifier extensions](http://hl7.org/fhir/R4/extensibility.html#modifierExtension).","","","","","","","",,,,,"",,,,"DomainResource.modifierExtension",0,*,"","ele-1:All FHIR elements must have a @value or children {hasValue() or (children().count() > id.count())}
ext-1:Must have either extensions or value[x], not both {extension.exists() != value.exists()}"
"iv-careplan-schulung","CarePlan.identifier","CarePlan.identifier","","","",0,*,"","","Y","Identifier {[]} {[]}
","External Ids for this plan","Business identifiers assigned to this care plan by the performer or other systems which remain constant as the resource is updated and propagates from server to server.","This is a business identifier, not a resource identifier (see [discussion](http://hl7.org/fhir/R4/resource.html#identifiers)).  It is best practice for the identifier to only appear on a single resource instance, however business practices may occasionally dictate that multiple resource instances with the same identifier can exist - possibly even with different resource types.  For example, multiple Patient and a Person resource instance might share the same social insurance number.","Allows identification of the care plan as it is known by various participating systems and in a way that remains consistent across servers.","","","","","","","",,,,,"",,,,"CarePlan.identifier",0,*,"","ele-1:All FHIR elements must have a @value or children {hasValue() or (children().count() > id.count())}
"
"iv-careplan-schulung","CarePlan.instantiatesCanonical","CarePlan.instantiatesCanonical","","","",0,*,"","","Y","canonical {[]} {[CanonicalType[http://hl7.org/fhir/StructureDefinition/PlanDefinition], CanonicalType[http://hl7.org/fhir/StructureDefinition/Questionnaire], CanonicalType[http://hl7.org/fhir/StructureDefinition/Measure], CanonicalType[http://hl7.org/fhir/StructureDefinition/ActivityDefinition], CanonicalType[http://hl7.org/fhir/StructureDefinition/OperationDefinition]]}
","Instantiates FHIR protocol or definition","The URL pointing to a FHIR-defined protocol, guideline, questionnaire or other definition that is adhered to in whole or in part by this CarePlan.","","","","","","","","","",,,,,"",,,,"CarePlan.instantiatesCanonical",0,*,"","ele-1:All FHIR elements must have a @value or children {hasValue() or (children().count() > id.count())}
"
"iv-careplan-schulung","CarePlan.instantiatesUri","CarePlan.instantiatesUri","","","",0,*,"","","Y","uri {[]} {[]}
","Instantiates external protocol or definition","The URL pointing to an externally maintained protocol, guideline, questionnaire or other definition that is adhered to in whole or in part by this CarePlan.","This might be an HTML page, PDF, etc. or could just be a non-resolvable URI identifier.","","","","","","","","",,,,,"",,,,"CarePlan.instantiatesUri",0,*,"","ele-1:All FHIR elements must have a @value or children {hasValue() or (children().count() > id.count())}
"
"iv-careplan-schulung","CarePlan.basedOn","CarePlan.basedOn","","fulfills
","",0,*,"","","Y","Reference {[]} {[CanonicalType[http://hl7.org/fhir/StructureDefinition/CarePlan]]}
","Fulfills CarePlan","A care plan that is fulfilled in whole or in part by this care plan.","","Allows tracing of the care plan and tracking whether proposals/recommendations were acted upon.","","","","","","","",,,,,"",,,,"CarePlan.basedOn",0,*,"","ele-1:All FHIR elements must have a @value or children {hasValue() or (children().count() > id.count())}
"
"iv-careplan-schulung","CarePlan.replaces","CarePlan.replaces","","supersedes
","",0,*,"","","Y","Reference {[]} {[CanonicalType[http://hl7.org/fhir/StructureDefinition/CarePlan]]}
","CarePlan replaced by this CarePlan","Completed or terminated care plan whose function is taken by this new care plan.","The replacement could be because the initial care plan was immediately rejected (due to an issue) or because the previous care plan was completed, but the need for the action described by the care plan remains ongoing.","Allows tracing the continuation of a therapy or administrative process instantiated through multiple care plans.","","","","","","","",,,,,"",,,,"CarePlan.replaces",0,*,"","ele-1:All FHIR elements must have a @value or children {hasValue() or (children().count() > id.count())}
"
"iv-careplan-schulung","CarePlan.partOf","CarePlan.partOf","","","",0,*,"","","Y","Reference {[]} {[CanonicalType[http://hl7.org/fhir/StructureDefinition/CarePlan]]}
","Part of referenced CarePlan","A larger care plan of which this particular care plan is a component or step.","Each care plan is an independent request, such that having a care plan be part of another care plan can cause issues with cascading statuses.  As such, this element is still being discussed.","","","","","","","","",,,,,"",,,,"CarePlan.partOf",0,*,"","ele-1:All FHIR elements must have a @value or children {hasValue() or (children().count() > id.count())}
"
"iv-careplan-schulung","CarePlan.status","CarePlan.status","","","",1,1,"","Y","Y","code {[]} {[]}
","Status aus VS (Todo)	draft | active | on-hold | revoked | completed | entered-in-error | unknown","Indicates whether the plan is currently being acted upon, represents future intentions or is now a historical record.","The unknown code is not to be used to convey other statuses.  The unknown code should be used when one of the statuses applies, but the authoring system doesn't know the current state of the care plan.

This element is labeled as a modifier because the status contains the code entered-in-error that marks the plan as not currently valid.","Allows clinicians to determine whether the plan is actionable or not.","","","","","","","",,"required","","http://hl7.org/fhir/ValueSet/request-status","",,,,"CarePlan.status",1,1,"","ele-1:All FHIR elements must have a @value or children {hasValue() or (children().count() > id.count())}
"
"iv-careplan-schulung","CarePlan.intent","CarePlan.intent","","","",1,1,"","Y","Y","code {[]} {[]}
","Intension der Schulung aus VS (Todo) proposal | plan | order | option","Indicates the level of authority/intentionality associated with the care plan and where the care plan fits into the workflow chain.","This element is labeled as a modifier because the intent alters when and how the resource is actually applicable.","Proposals/recommendations, plans and orders all use the same structure and can exist in the same fulfillment chain.","","","","","","","",,"required","","http://hl7.org/fhir/ValueSet/care-plan-intent","",,,,"CarePlan.intent",1,1,"","ele-1:All FHIR elements must have a @value or children {hasValue() or (children().count() > id.count())}
"
"iv-careplan-schulung","CarePlan.category","CarePlan.category","","","",0,1,"","","Y","CodeableConcept {[]} {[]}
","Kategorie des Schulung","Identifies what ""kind"" of plan this is to support differentiation between multiple co-existing plans; e.g. ""Home health"", ""psychiatric"", ""asthma"", ""disease management"", ""wellness plan"", etc.","There may be multiple axes of categorization and one plan may serve multiple purposes.  In some cases, this may be redundant with references to CarePlan.concern.","Used for filtering what plan(s) are retrieved and displayed to different types of users.","","","","","","","",,"example","Identifies what ""kind"" of plan this is to support differentiation between multiple co-existing plans; e.g. ""Home health"", ""psychiatric"", ""asthma"", ""disease management"", etc.","http://hl7.org/fhir/ValueSet/care-plan-category","",,,,"CarePlan.category",0,*,"","ele-1:All FHIR elements must have a @value or children {hasValue() or (children().count() > id.count())}
"
"iv-careplan-schulung","CarePlan.title","CarePlan.title","","","",1,1,"Y","","Y","string {[]} {[]}
","Bezeichnung der Schulung","Human-friendly name for the care plan.","","","","","","","","","",,,,,"",,,,"CarePlan.title",0,1,"","ele-1:All FHIR elements must have a @value or children {hasValue() or (children().count() > id.count())}
"
"iv-careplan-schulung","CarePlan.description","CarePlan.description","","","",1,1,"Y","","Y","string {[]} {[]}
","Inhalte der Schulung","A description of the scope and nature of the plan.","","Provides more detail than conveyed by category.","","","","","","","",,,,,"",,,,"CarePlan.description",0,1,"","ele-1:All FHIR elements must have a @value or children {hasValue() or (children().count() > id.count())}
"
"iv-careplan-schulung","CarePlan.subject","CarePlan.subject","","patient
","",1,1,"","","Y","Reference {[]} {[CanonicalType[https://fhir.hl7.at/elga-austrianpatientsummary-r4/StructureDefinition/at-ips-patient]]}
","IV Patient, für den die Schulungen bestimmt sind","Identifies the patient or group whose intended care is described by the plan.","","","","","","","","","",,,,,"",,,,"CarePlan.subject",1,1,"","ele-1:All FHIR elements must have a @value or children {hasValue() or (children().count() > id.count())}
"
"iv-careplan-schulung","CarePlan.encounter","CarePlan.encounter","","","",0,1,"","","Y","Reference {[]} {[CanonicalType[http://hl7.org/fhir/StructureDefinition/Encounter]]}
","Encounter created as part of","The Encounter during which this CarePlan was created or to which the creation of this record is tightly associated.","This will typically be the encounter the event occurred within, but some activities may be initiated prior to or after the official completion of an encounter but still be tied to the context of the encounter. CarePlan activities conducted as a result of the care plan may well occur as part of other encounters.","","","","","","","","",,,,,"",,,,"CarePlan.encounter",0,1,"","ele-1:All FHIR elements must have a @value or children {hasValue() or (children().count() > id.count())}
"
"iv-careplan-schulung","CarePlan.period","CarePlan.period","","timing
","",0,1,"Y","","Y","Period {[]} {[]}
","Schulung für den Zeitraum","Indicates when the plan did (or is intended to) come into effect and end.","Any activities scheduled as part of the plan should be constrained to the specified period regardless of whether the activities are planned within a single encounter/episode or across multiple encounters/episodes (e.g. the longitudinal management of a chronic condition).","Allows tracking what plan(s) are in effect at a particular time.","","","","","","","",,,,,"",,,,"CarePlan.period",0,1,"","ele-1:All FHIR elements must have a @value or children {hasValue() or (children().count() > id.count())}
"
"iv-careplan-schulung","CarePlan.created","CarePlan.created","","authoredOn
","",0,1,"","","Y","dateTime {[]} {[]}
","Schulung festgelegt am (Datum)","Represents when this particular CarePlan record was created in the system, which is often a system-generated date.","","","","","","","","","",,,,,"",,,,"CarePlan.created",0,1,"","ele-1:All FHIR elements must have a @value or children {hasValue() or (children().count() > id.count())}
"
"iv-careplan-schulung","CarePlan.author","CarePlan.author","","","",0,1,"","","Y","Reference {[]} {[CanonicalType[https://fhir.hl7.at/elga-austrianpatientsummary-r4/StructureDefinition/at-ips-practitioner], CanonicalType[https://fhir.hl7.at/elga-austrianpatientsummary-r4/StructureDefinition/at-ips-practitionerrole]]}
","IV GDA, der die Schulung durchführt","When populated, the author is responsible for the care plan.  The care plan is attributed to the author.","The author may also be a contributor.  For example, an organization can be an author, but not listed as a contributor.","","","","","","","","",,,,,"",,,,"CarePlan.author",0,1,"","ele-1:All FHIR elements must have a @value or children {hasValue() or (children().count() > id.count())}
"
"iv-careplan-schulung","CarePlan.contributor","CarePlan.contributor","","","",0,*,"","","","Reference {[]} {[CanonicalType[http://hl7.org/fhir/StructureDefinition/Patient], CanonicalType[http://hl7.org/fhir/StructureDefinition/Practitioner], CanonicalType[http://hl7.org/fhir/StructureDefinition/PractitionerRole], CanonicalType[http://hl7.org/fhir/StructureDefinition/Device], CanonicalType[http://hl7.org/fhir/StructureDefinition/RelatedPerson], CanonicalType[http://hl7.org/fhir/StructureDefinition/Organization], CanonicalType[http://hl7.org/fhir/StructureDefinition/CareTeam]]}
","Who provided the content of the care plan","Identifies the individual(s) or organization who provided the contents of the care plan.","Collaborative care plans may have multiple contributors.","","","","","","","","",,,,,"",,,,"CarePlan.contributor",0,*,"","ele-1:All FHIR elements must have a @value or children {hasValue() or (children().count() > id.count())}
"
"iv-careplan-schulung","CarePlan.careTeam","CarePlan.careTeam","","","",0,*,"","","","Reference {[]} {[CanonicalType[http://hl7.org/fhir/StructureDefinition/CareTeam]]}
","IV CareTeam, das die Schulung durchführt","Identifies all people and organizations who are expected to be involved in the care envisioned by this plan.","","Allows representation of care teams, helps scope care plan.  In some cases may be a determiner of access permissions.","","","","","","","",,,,,"",,,,"CarePlan.careTeam",0,*,"","ele-1:All FHIR elements must have a @value or children {hasValue() or (children().count() > id.count())}
"
"iv-careplan-schulung","CarePlan.addresses","CarePlan.addresses","","","",0,*,"","","Y","Reference {[]} {[CanonicalType[https://fhir.hl7.at/elga-austrianpatientsummary-r4/StructureDefinition/at-ips-condition]]}
","Gesundheitsthema, das diese Schulung adressiert","Identifies the conditions/problems/concerns/diagnoses/etc. whose management and/or mitigation are handled by this plan.","When the diagnosis is related to an allergy or intolerance, the Condition and AllergyIntolerance resources can both be used. However, to be actionable for decision support, using Condition alone is not sufficient as the allergy or intolerance condition needs to be represented as an AllergyIntolerance.","Links plan to the conditions it manages.  The element can identify risks addressed by the plan as well as active conditions.  (The Condition resource can include things like ""at risk for hypertension"" or ""fall risk"".)  Also scopes plans - multiple plans may exist addressing different concerns.","","","","","","","",,,,,"",,,,"CarePlan.addresses",0,*,"","ele-1:All FHIR elements must have a @value or children {hasValue() or (children().count() > id.count())}
"
"iv-careplan-schulung","CarePlan.supportingInfo","CarePlan.supportingInfo","","","",0,*,"","","","Reference {[]} {[CanonicalType[http://hl7.org/fhir/StructureDefinition/Resource]]}
","Information considered as part of plan","Identifies portions of the patient's record that specifically influenced the formation of the plan.  These might include comorbidities, recent procedures, limitations, recent assessments, etc.","Use ""concern"" to identify specific conditions addressed by the care plan.","Identifies barriers and other considerations associated with the care plan.","","","","","","","",,,,,"",,,,"CarePlan.supportingInfo",0,*,"","ele-1:All FHIR elements must have a @value or children {hasValue() or (children().count() > id.count())}
"
"iv-careplan-schulung","CarePlan.goal","CarePlan.goal","","","",0,*,"","","","Reference {[]} {[CanonicalType[http://hl7.org/fhir/StructureDefinition/Goal]]}
","Ziel der Schulung","Describes the intended objective(s) of carrying out the care plan.","Goal can be achieving a particular change or merely maintaining a current state or even slowing a decline.","Provides context for plan.  Allows plan effectiveness to be evaluated by clinicians.","","","","","","","",,,,,"",,,,"CarePlan.goal",0,*,"","ele-1:All FHIR elements must have a @value or children {hasValue() or (children().count() > id.count())}
"
"iv-careplan-schulung","CarePlan.activity","CarePlan.activity","","","",0,*,"","","","BackboneElement {[]} {[]}
","Ergebnis der Schulung","Identifies a planned action to occur as part of the plan.  For example, a medication to be used, lab tests to perform, self-monitoring, education, etc.","","Allows systems to prompt for performance of planned activities, and validate plans against best practice.","","","","","","","",,,,,"",,,,"CarePlan.activity",0,*,"","cpl-3:Provide a reference or detail, not both {detail.empty() or reference.empty()}
ele-1:All FHIR elements must have a @value or children {hasValue() or (children().count() > id.count())}"
"iv-careplan-schulung","CarePlan.activity.id","CarePlan.activity.id","","","",0,1,"","","","string {[]} {[]}
","Unique id for inter-element referencing","Unique id for the element within a resource (for internal references). This may be any string value that does not contain spaces.","","","","","","","","","",,,,,"",,,,"Element.id",0,1,"",""
"iv-careplan-schulung","CarePlan.activity.extension","CarePlan.activity.extension","","extensions
user content","",0,*,"","","","Extension {[]} {[]}
","Additional content defined by implementations","May be used to represent additional information that is not part of the basic definition of the element. To make the use of extensions safe and manageable, there is a strict set of governance  applied to the definition and use of extensions. Though any implementer can define an extension, there is a set of requirements that SHALL be met as part of the definition of the extension.","There can be no stigma associated with the use of extensions by any application, project, or standard - regardless of the institution or jurisdiction that uses or defines the extensions.  The use of extensions is what allows the FHIR specification to retain a core level of simplicity for everyone.","","","","","","","","",,,,,"",,,,"Element.extension",0,*,"","ele-1:All FHIR elements must have a @value or children {hasValue() or (children().count() > id.count())}
ext-1:Must have either extensions or value[x], not both {extension.exists() != value.exists()}"
"iv-careplan-schulung","CarePlan.activity.modifierExtension","CarePlan.activity.modifierExtension","","extensions
user contentmodifiers","",0,*,"","Y","Y","Extension {[]} {[]}
","Extensions that cannot be ignored even if unrecognized","May be used to represent additional information that is not part of the basic definition of the element and that modifies the understanding of the element in which it is contained and/or the understanding of the containing element's descendants. Usually modifier elements provide negation or qualification. To make the use of extensions safe and manageable, there is a strict set of governance applied to the definition and use of extensions. Though any implementer can define an extension, there is a set of requirements that SHALL be met as part of the definition of the extension. Applications processing a resource are required to check for modifier extensions.

Modifier extensions SHALL NOT change the meaning of any elements on Resource or DomainResource (including cannot change the meaning of modifierExtension itself).","There can be no stigma associated with the use of extensions by any application, project, or standard - regardless of the institution or jurisdiction that uses or defines the extensions.  The use of extensions is what allows the FHIR specification to retain a core level of simplicity for everyone.","Modifier extensions allow for extensions that *cannot* be safely ignored to be clearly distinguished from the vast majority of extensions which can be safely ignored.  This promotes interoperability by eliminating the need for implementers to prohibit the presence of extensions. For further information, see the [definition of modifier extensions](http://hl7.org/fhir/R4/extensibility.html#modifierExtension).","","","","","","","",,,,,"",,,,"BackboneElement.modifierExtension",0,*,"","ele-1:All FHIR elements must have a @value or children {hasValue() or (children().count() > id.count())}
ext-1:Must have either extensions or value[x], not both {extension.exists() != value.exists()}"
"iv-careplan-schulung","CarePlan.activity.outcomeCodeableConcept","CarePlan.activity.outcomeCodeableConcept","","","",0,*,"","","","CodeableConcept {[]} {[]}
","Results of the activity","Identifies the outcome at the point when the status of the activity is assessed.  For example, the outcome of an education activity could be patient understands (or not).","Note that this should not duplicate the activity status (e.g. completed or in progress).","","","","","","","","",,"example","Identifies the results of the activity.","http://hl7.org/fhir/ValueSet/care-plan-activity-outcome","",,,,"CarePlan.activity.outcomeCodeableConcept",0,*,"","ele-1:All FHIR elements must have a @value or children {hasValue() or (children().count() > id.count())}
"
"iv-careplan-schulung","CarePlan.activity.outcomeReference","CarePlan.activity.outcomeReference","","","",0,*,"","","","Reference {[]} {[CanonicalType[http://hl7.org/fhir/StructureDefinition/Resource]]}
","Appointment, Encounter, Procedure, etc.","Details of the outcome or action resulting from the activity.  The reference to an ""event"" resource, such as Procedure or Encounter or Observation, is the result/outcome of the activity itself.  The activity can be conveyed using CarePlan.activity.detail OR using the CarePlan.activity.reference (a reference to a “request” resource).","The activity outcome is independent of the outcome of the related goal(s).  For example, if the goal is to achieve a target body weight of 150 lbs and an activity is defined to diet, then the activity outcome could be calories consumed whereas the goal outcome is an observation for the actual body weight measured.","Links plan to resulting actions.","","","","","","","",,,,,"",,,,"CarePlan.activity.outcomeReference",0,*,"","ele-1:All FHIR elements must have a @value or children {hasValue() or (children().count() > id.count())}
"
"iv-careplan-schulung","CarePlan.activity.progress","CarePlan.activity.progress","","","",0,*,"","","","Annotation {[]} {[]}
","Comments about the activity status/progress","Notes about the adherence/status/progress of the activity.","This element should NOT be used to describe the activity to be performed - that occurs either within the resource pointed to by activity.detail.reference or in activity.detail.description.","Can be used to capture information about adherence, progress, concerns, etc.","","","","","","","",,,,,"",,,,"CarePlan.activity.progress",0,*,"","ele-1:All FHIR elements must have a @value or children {hasValue() or (children().count() > id.count())}
"
"iv-careplan-schulung","CarePlan.activity.reference","CarePlan.activity.reference","","","",0,1,"","","","Reference {[]} {[CanonicalType[http://hl7.org/fhir/StructureDefinition/Appointment], CanonicalType[http://hl7.org/fhir/StructureDefinition/CommunicationRequest], CanonicalType[http://hl7.org/fhir/StructureDefinition/DeviceRequest], CanonicalType[http://hl7.org/fhir/StructureDefinition/MedicationRequest], CanonicalType[http://hl7.org/fhir/StructureDefinition/NutritionOrder], CanonicalType[http://hl7.org/fhir/StructureDefinition/Task], CanonicalType[http://hl7.org/fhir/StructureDefinition/ServiceRequest], CanonicalType[http://hl7.org/fhir/StructureDefinition/VisionPrescription], CanonicalType[http://hl7.org/fhir/StructureDefinition/RequestGroup]]}
","Activity details defined in specific resource","The details of the proposed activity represented in a specific resource.","Standard extension exists ([resource-pertainsToGoal](http://hl7.org/fhir/R4/extension-resource-pertainstogoal.html)) that allows goals to be referenced from any of the referenced resources in CarePlan.activity.reference.  The goal should be visible when the resource referenced by CarePlan.activity.reference is viewed independently from the CarePlan.  Requests that are pointed to by a CarePlan using this element should *not* point to this CarePlan using the ""basedOn"" element.  i.e. Requests that are part of a CarePlan are not ""based on"" the CarePlan.","Details in a form consistent with other applications and contexts of use.","","","","","","","",,,,,"",,,,"CarePlan.activity.reference",0,1,"cpl-3
","ele-1:All FHIR elements must have a @value or children {hasValue() or (children().count() > id.count())}
"
"iv-careplan-schulung","CarePlan.activity.detail","CarePlan.activity.detail","","","",0,1,"","","","BackboneElement {[]} {[]}
","In-line definition of activity","A simple summary of a planned activity suitable for a general care plan system (e.g. form driven) that doesn't know about specific resources such as procedure etc.","","Details in a simple form for generic care plan systems.","","","","","","","",,,,,"",,,,"CarePlan.activity.detail",0,1,"cpl-3
","ele-1:All FHIR elements must have a @value or children {hasValue() or (children().count() > id.count())}
"
"iv-careplan-schulung","CarePlan.activity.detail.id","CarePlan.activity.detail.id","","","",0,1,"","","","string {[]} {[]}
","Unique id for inter-element referencing","Unique id for the element within a resource (for internal references). This may be any string value that does not contain spaces.","","","","","","","","","",,,,,"",,,,"Element.id",0,1,"",""
"iv-careplan-schulung","CarePlan.activity.detail.extension","CarePlan.activity.detail.extension","","extensions
user content","",0,*,"","","","Extension {[]} {[]}
","Additional content defined by implementations","May be used to represent additional information that is not part of the basic definition of the element. To make the use of extensions safe and manageable, there is a strict set of governance  applied to the definition and use of extensions. Though any implementer can define an extension, there is a set of requirements that SHALL be met as part of the definition of the extension.","There can be no stigma associated with the use of extensions by any application, project, or standard - regardless of the institution or jurisdiction that uses or defines the extensions.  The use of extensions is what allows the FHIR specification to retain a core level of simplicity for everyone.","","","","","","","","",,,,,"",,,,"Element.extension",0,*,"","ele-1:All FHIR elements must have a @value or children {hasValue() or (children().count() > id.count())}
ext-1:Must have either extensions or value[x], not both {extension.exists() != value.exists()}"
"iv-careplan-schulung","CarePlan.activity.detail.modifierExtension","CarePlan.activity.detail.modifierExtension","","extensions
user contentmodifiers","",0,*,"","Y","Y","Extension {[]} {[]}
","Extensions that cannot be ignored even if unrecognized","May be used to represent additional information that is not part of the basic definition of the element and that modifies the understanding of the element in which it is contained and/or the understanding of the containing element's descendants. Usually modifier elements provide negation or qualification. To make the use of extensions safe and manageable, there is a strict set of governance applied to the definition and use of extensions. Though any implementer can define an extension, there is a set of requirements that SHALL be met as part of the definition of the extension. Applications processing a resource are required to check for modifier extensions.

Modifier extensions SHALL NOT change the meaning of any elements on Resource or DomainResource (including cannot change the meaning of modifierExtension itself).","There can be no stigma associated with the use of extensions by any application, project, or standard - regardless of the institution or jurisdiction that uses or defines the extensions.  The use of extensions is what allows the FHIR specification to retain a core level of simplicity for everyone.","Modifier extensions allow for extensions that *cannot* be safely ignored to be clearly distinguished from the vast majority of extensions which can be safely ignored.  This promotes interoperability by eliminating the need for implementers to prohibit the presence of extensions. For further information, see the [definition of modifier extensions](http://hl7.org/fhir/R4/extensibility.html#modifierExtension).","","","","","","","",,,,,"",,,,"BackboneElement.modifierExtension",0,*,"","ele-1:All FHIR elements must have a @value or children {hasValue() or (children().count() > id.count())}
ext-1:Must have either extensions or value[x], not both {extension.exists() != value.exists()}"
"iv-careplan-schulung","CarePlan.activity.detail.kind","CarePlan.activity.detail.kind","","","",0,1,"","","","code {[]} {[]}
","Todo Appointment | CommunicationRequest | DeviceRequest | MedicationRequest | NutritionOrder | Task | ServiceRequest | VisionPrescription","A description of the kind of resource the in-line definition of a care plan activity is representing.  The CarePlan.activity.detail is an in-line definition when a resource is not referenced using CarePlan.activity.reference.  For example, a MedicationRequest, a ServiceRequest, or a CommunicationRequest.","","May determine what types of extensions are permitted.","","","","","","","",,"required","","http://hl7.org/fhir/ValueSet/care-plan-activity-kind","",,,,"CarePlan.activity.detail.kind",0,1,"","ele-1:All FHIR elements must have a @value or children {hasValue() or (children().count() > id.count())}
"
"iv-careplan-schulung","CarePlan.activity.detail.instantiatesCanonical","CarePlan.activity.detail.instantiatesCanonical","","","",0,*,"","","","canonical {[]} {[CanonicalType[http://hl7.org/fhir/StructureDefinition/PlanDefinition], CanonicalType[http://hl7.org/fhir/StructureDefinition/ActivityDefinition], CanonicalType[http://hl7.org/fhir/StructureDefinition/Questionnaire], CanonicalType[http://hl7.org/fhir/StructureDefinition/Measure], CanonicalType[http://hl7.org/fhir/StructureDefinition/OperationDefinition]]}
","Instantiates FHIR protocol or definition","The URL pointing to a FHIR-defined protocol, guideline, questionnaire or other definition that is adhered to in whole or in part by this CarePlan activity.","","Allows Questionnaires that the patient (or practitioner) should fill in to fulfill the care plan activity.","","","","","","","",,,,,"",,,,"CarePlan.activity.detail.instantiatesCanonical",0,*,"","ele-1:All FHIR elements must have a @value or children {hasValue() or (children().count() > id.count())}
"
"iv-careplan-schulung","CarePlan.activity.detail.instantiatesUri","CarePlan.activity.detail.instantiatesUri","","","",0,*,"","","","uri {[]} {[]}
","Instantiates external protocol or definition","The URL pointing to an externally maintained protocol, guideline, questionnaire or other definition that is adhered to in whole or in part by this CarePlan activity.","This might be an HTML page, PDF, etc. or could just be a non-resolvable URI identifier.","Allows Questionnaires that the patient (or practitioner) should fill in to fulfill the care plan activity.","","","","","","","",,,,,"",,,,"CarePlan.activity.detail.instantiatesUri",0,*,"","ele-1:All FHIR elements must have a @value or children {hasValue() or (children().count() > id.count())}
"
"iv-careplan-schulung","CarePlan.activity.detail.code","CarePlan.activity.detail.code","","","",0,1,"","","","CodeableConcept {[]} {[]}
","Detail type of activity","Detailed description of the type of planned activity; e.g. what lab test, what procedure, what kind of encounter.","Tends to be less relevant for activities involving particular products.  Codes should not convey negation - use ""prohibited"" instead.","Allows matching performed to planned as well as validation against protocols.","","","","","","","",,"example","Detailed description of the type of activity; e.g. What lab test, what procedure, what kind of encounter.","http://hl7.org/fhir/ValueSet/procedure-code","",,,,"CarePlan.activity.detail.code",0,1,"","ele-1:All FHIR elements must have a @value or children {hasValue() or (children().count() > id.count())}
"
"iv-careplan-schulung","CarePlan.activity.detail.reasonCode","CarePlan.activity.detail.reasonCode","","","",0,*,"","","","CodeableConcept {[]} {[]}
","Why activity should be done or why activity was prohibited","Provides the rationale that drove the inclusion of this particular activity as part of the plan or the reason why the activity was prohibited.","This could be a diagnosis code.  If a full condition record exists or additional detail is needed, use reasonCondition instead.","","","","","","","","",,"example","Identifies why a care plan activity is needed.  Can include any health condition codes as well as such concepts as ""general wellness"", prophylaxis, surgical preparation, etc.","http://hl7.org/fhir/ValueSet/clinical-findings","",,,,"CarePlan.activity.detail.reasonCode",0,*,"","ele-1:All FHIR elements must have a @value or children {hasValue() or (children().count() > id.count())}
"
"iv-careplan-schulung","CarePlan.activity.detail.reasonReference","CarePlan.activity.detail.reasonReference","","","",0,*,"","","","Reference {[]} {[CanonicalType[http://hl7.org/fhir/StructureDefinition/Condition], CanonicalType[http://hl7.org/fhir/StructureDefinition/Observation], CanonicalType[http://hl7.org/fhir/StructureDefinition/DiagnosticReport], CanonicalType[http://hl7.org/fhir/StructureDefinition/DocumentReference]]}
","Why activity is needed","Indicates another resource, such as the health condition(s), whose existence justifies this request and drove the inclusion of this particular activity as part of the plan.","Conditions can be identified at the activity level that are not identified as reasons for the overall plan.","","","","","","","","",,,,,"",,,,"CarePlan.activity.detail.reasonReference",0,*,"","ele-1:All FHIR elements must have a @value or children {hasValue() or (children().count() > id.count())}
"
"iv-careplan-schulung","CarePlan.activity.detail.goal","CarePlan.activity.detail.goal","","","",0,*,"","","","Reference {[]} {[CanonicalType[http://hl7.org/fhir/StructureDefinition/Goal]]}
","Goals this activity relates to","Internal reference that identifies the goals that this activity is intended to contribute towards meeting.","","So that participants know the link explicitly.","","","","","","","",,,,,"",,,,"CarePlan.activity.detail.goal",0,*,"","ele-1:All FHIR elements must have a @value or children {hasValue() or (children().count() > id.count())}
"
"iv-careplan-schulung","CarePlan.activity.detail.status","CarePlan.activity.detail.status","","","",1,1,"","Y","","code {[]} {[]}
","not-started | scheduled | in-progress | on-hold | completed | cancelled | stopped | unknown | entered-in-error","Identifies what progress is being made for the specific activity.","Some aspects of status can be inferred based on the resources linked in actionTaken.  Note that ""status"" is only as current as the plan was most recently updated.  
The unknown code is not to be used to convey other statuses.  The unknown code should be used when one of the statuses applies, but the authoring system doesn't know the current state of the activity.","Indicates progress against the plan, whether the activity is still relevant for the plan.","","","","","","","",,"required","","http://hl7.org/fhir/ValueSet/care-plan-activity-status","",,,,"CarePlan.activity.detail.status",1,1,"","ele-1:All FHIR elements must have a @value or children {hasValue() or (children().count() > id.count())}
"
"iv-careplan-schulung","CarePlan.activity.detail.statusReason","CarePlan.activity.detail.statusReason","","","",0,1,"","","","CodeableConcept {[]} {[]}
","Reason for current status","Provides reason why the activity isn't yet started, is on hold, was cancelled, etc.","Will generally not be present if status is ""complete"".  Be sure to prompt to update this (or at least remove the existing value) if the status is changed.","","","","","","","","",,,,,"",,,,"CarePlan.activity.detail.statusReason",0,1,"","ele-1:All FHIR elements must have a @value or children {hasValue() or (children().count() > id.count())}
"
"iv-careplan-schulung","CarePlan.activity.detail.doNotPerform","CarePlan.activity.detail.doNotPerform","","","",0,1,"","Y","","boolean {[]} {[]}
","If true, activity is prohibiting action","If true, indicates that the described activity is one that must NOT be engaged in when following the plan.  If false, or missing, indicates that the described activity is one that should be engaged in when following the plan.","This element is labeled as a modifier because it marks an activity as an activity that is not to be performed.","Captures intention to not do something that may have been previously typical.","","If missing indicates that the described activity is one that should be engaged in when following the plan.","","","","","",,,,,"",,,,"CarePlan.activity.detail.doNotPerform",0,1,"","ele-1:All FHIR elements must have a @value or children {hasValue() or (children().count() > id.count())}
"
"iv-careplan-schulung","CarePlan.activity.detail.scheduled[x]","CarePlan.activity.detail.scheduled[x]","","","",0,1,"","","","Timing {[]} {[]}
Period {[]} {[]}string {[]} {[]}","When activity is to occur","The period, timing or frequency upon which the described activity is to occur.","","Allows prompting for activities and detection of missed planned activities.","","","","","","","",,,,,"",,,,"CarePlan.activity.detail.scheduled[x]",0,1,"","ele-1:All FHIR elements must have a @value or children {hasValue() or (children().count() > id.count())}
"
"iv-careplan-schulung","CarePlan.activity.detail.location","CarePlan.activity.detail.location","","","",0,1,"","","","Reference {[]} {[CanonicalType[http://hl7.org/fhir/StructureDefinition/Location]]}
","Where it should happen","Identifies the facility where the activity will occur; e.g. home, hospital, specific clinic, etc.","May reference a specific clinical location or may identify a type of location.","Helps in planning of activity.","","","","","","","",,,,,"",,,,"CarePlan.activity.detail.location",0,1,"","ele-1:All FHIR elements must have a @value or children {hasValue() or (children().count() > id.count())}
"
"iv-careplan-schulung","CarePlan.activity.detail.performer","CarePlan.activity.detail.performer","","","",0,*,"","","","Reference {[]} {[CanonicalType[https://fhir.hl7.at/elga-austrianpatientsummary-r4/StructureDefinition/at-ips-practitioner], CanonicalType[https://fhir.hl7.at/elga-austrianpatientsummary-r4/StructureDefinition/at-ips-practitionerrole]]}
","Who will be responsible?","Identifies who's expected to be involved in the activity.","A performer MAY also be a participant in the care plan.","Helps in planning of activity.","","","","","","","",,,,,"",,,,"CarePlan.activity.detail.performer",0,*,"","ele-1:All FHIR elements must have a @value or children {hasValue() or (children().count() > id.count())}
"
"iv-careplan-schulung","CarePlan.activity.detail.product[x]","CarePlan.activity.detail.product[x]","","","",0,1,"","","","CodeableConcept {[]} {[]}
Reference {[]} {[CanonicalType[http://hl7.org/fhir/StructureDefinition/Medication], CanonicalType[http://hl7.org/fhir/StructureDefinition/Substance]]}","What is to be administered/supplied","Identifies the food, drug or other product to be consumed or supplied in the activity.","","","","","","","","","",,"example","A product supplied or administered as part of a care plan activity.","http://hl7.org/fhir/ValueSet/medication-codes","",,,,"CarePlan.activity.detail.product[x]",0,1,"","ele-1:All FHIR elements must have a @value or children {hasValue() or (children().count() > id.count())}
"
"iv-careplan-schulung","CarePlan.activity.detail.dailyAmount","CarePlan.activity.detail.dailyAmount","","daily dose
","",0,1,"","","","Quantity {[CanonicalType[http://hl7.org/fhir/StructureDefinition/SimpleQuantity]]} {[]}
","How to consume/day?","Identifies the quantity expected to be consumed in a given day.","","Allows rough dose checking.","","","","","","","",,,,,"",,,,"CarePlan.activity.detail.dailyAmount",0,1,"","ele-1:All FHIR elements must have a @value or children {hasValue() or (children().count() > id.count())}
"
"iv-careplan-schulung","CarePlan.activity.detail.quantity","CarePlan.activity.detail.quantity","","","",0,1,"","","","Quantity {[CanonicalType[http://hl7.org/fhir/StructureDefinition/SimpleQuantity]]} {[]}
","How much to administer/supply/consume","Identifies the quantity expected to be supplied, administered or consumed by the subject.","","","","","","","","","",,,,,"",,,,"CarePlan.activity.detail.quantity",0,1,"","ele-1:All FHIR elements must have a @value or children {hasValue() or (children().count() > id.count())}
"
"iv-careplan-schulung","CarePlan.activity.detail.description","CarePlan.activity.detail.description","","","",0,1,"","","","string {[]} {[]}
","Extra info describing activity to perform","This provides a textual description of constraints on the intended activity occurrence, including relation to other activities.  It may also include objectives, pre-conditions and end-conditions.  Finally, it may convey specifics about the activity such as body site, method, route, etc.","","","","","","","","","",,,,,"",,,,"CarePlan.activity.detail.description",0,1,"","ele-1:All FHIR elements must have a @value or children {hasValue() or (children().count() > id.count())}
"
"iv-careplan-schulung","CarePlan.note","CarePlan.note","","","",0,*,"","","","Annotation {[]} {[]}
","Comments about the plan","General notes about the care plan not covered elsewhere.","","Used to capture information that applies to the plan as a whole that doesn't fit into discrete elements.","","","","","","","",,,,,"",,,,"CarePlan.note",0,*,"","ele-1:All FHIR elements must have a @value or children {hasValue() or (children().count() > id.count())}
"
