"Id","Path","Slice Name","Alias(s)","Label","Min","Max","Must Support?","Is Modifier?","Is Summary?","Type(s)","Short","Definition","Comments","Requirements","Default Value","Meaning When Missing","Fixed Value","Pattern","Example","Minimum Value","Maximum Value","Maximum Length","Binding Strength","Binding Description","Binding Value Set","Code","Slicing Discriminator","Slicing Description","Slicing Ordered","Slicing Rules","Base Path","Base Min","Base Max","Condition(s)","Constraint(s)","Mapping: LKF","Mapping: KaOrg"
"Claim","Claim","","Adjudication Request
Preauthorization RequestPredetermination Request","",0,*,"","","","null {[]} {[]}
","Claim, Pre-determination or Pre-authorization","A provider issued list of professional services and products which have been provided, or are to be provided, to a patient which is sent to an insurer for reimbursement.","The Claim resource fulfills three information request requirements: Claim - a request for adjudication for reimbursement for products and/or services provided; Preauthorization - a request to authorize the future provision of products and/or services including an anticipated adjudication; and, Predetermination - a request for a non-bind adjudication of possible future products and/or services.","","","","","","","","",,,,,"",,,,"Claim",0,*,"","dom-2:If the resource is contained in another resource, it SHALL NOT contain nested Resources {contained.contained.empty()}
dom-3:If the resource is contained in another resource, it SHALL be referred to from elsewhere in the resource or SHALL refer to the containing resource {contained.where((('#'+id in (%resource.descendants().reference | %resource.descendants().ofType(canonical) | %resource.descendants().ofType(uri) | %resource.descendants().ofType(url))) or descendants().where(reference = '#').exists() or descendants().where(ofType(canonical) = '#').exists() or descendants().where(ofType(canonical) = '#').exists()).not()).trace('unmatched', id).empty()}dom-4:If a resource is contained in another resource, it SHALL NOT have a meta.versionId or a meta.lastUpdated {contained.meta.versionId.empty() and contained.meta.lastUpdated.empty()}dom-5:If a resource is contained in another resource, it SHALL NOT have a security label {contained.meta.security.empty()}dom-6:A resource should have narrative for robust management {text.`div`.exists()}"
"Claim.id","Claim.id","","","",0,1,"","","Y","id {[]} {[]}
","Logical id of this artifact","The logical id of the resource, as used in the URL for the resource. Once assigned, this value never changes.","Within the context of the FHIR RESTful interactions, the resource has an id except for cases like the create and conditional update. Otherwise, the use of the resouce id depends on the given use case.","","","","","","","","",,,,,"",,,,"Resource.id",0,1,"",""
"Claim.meta","Claim.meta","","","",0,1,"","","Y","Meta {[]} {[]}
","Metadata about the resource","The metadata about the resource. This is content that is maintained by the infrastructure. Changes to the content might not always be associated with version changes to the resource.","","","","","","","","","",,,,,"",,,,"Resource.meta",0,1,"","ele-1:All FHIR elements must have a @value or children {hasValue() or (children().count() > id.count())}
"
"Claim.implicitRules","Claim.implicitRules","","","",0,1,"","Y","Y","uri {[]} {[]}
","A set of rules under which this content was created","A reference to a set of rules that were followed when the resource was constructed, and which must be understood when processing the content. Often, this is a reference to an implementation guide that defines the special rules along with other profiles etc.","Asserting this rule set restricts the content to be only understood by a limited set of trading partners. This inherently limits the usefulness of the data in the long term. However, the existing health eco-system is highly fractured, and not yet ready to define, collect, and exchange data in a generally computable sense. Wherever possible, implementers and/or specification writers should avoid using this element. Often, when used, the URL is a reference to an implementation guide that defines these special rules as part of its narrative along with other profiles, value sets, etc.","","","","","","","","",,,,,"",,,,"Resource.implicitRules",0,1,"","ele-1:All FHIR elements must have a @value or children {hasValue() or (children().count() > id.count())}
"
"Claim.language","Claim.language","","","",0,1,"","","","code {[]} {[]}
","Language of the resource content","The base language in which the resource is written.","Language is provided to support indexing and accessibility (typically, services such as text to speech use the language tag). The html language tag in the narrative applies  to the narrative. The language tag on the resource may be used to specify the language of other presentations generated from the data in the resource. Not all the content has to be in the base language. The Resource.language should not be assumed to apply to the narrative automatically. If a language is specified, it should it also be specified on the div element in the html (see rules in HTML5 for information about the relationship between xml:lang and the html lang attribute).","","","","","","","","",,"required","IETF language tag for a human language","http://hl7.org/fhir/ValueSet/all-languages|5.0.0","",,,,"Resource.language",0,1,"","ele-1:All FHIR elements must have a @value or children {hasValue() or (children().count() > id.count())}
"
"Claim.text","Claim.text","","narrative
htmlxhtmldisplay","",0,1,"","","","Narrative {[]} {[]}
","Text summary of the resource, for human interpretation","A human-readable narrative that contains a summary of the resource and can be used to represent the content of the resource to a human. The narrative need not encode all the structured data, but is required to contain sufficient detail to make it ""clinically safe"" for a human to just read the narrative. Resource definitions may define what content should be represented in the narrative to ensure clinical safety.","Contained resources do not have a narrative. Resources that are not contained SHOULD have a narrative. In some cases, a resource may only have text with little or no additional discrete data (as long as all minOccurs=1 elements are satisfied).  This may be necessary for data from legacy systems where information is captured as a ""text blob"" or where text is additionally entered raw or narrated and encoded information is added later.","","","","","","","","",,,,,"",,,,"DomainResource.text",0,1,"dom-6
","ele-1:All FHIR elements must have a @value or children {hasValue() or (children().count() > id.count())}
"
"Claim.contained","Claim.contained","","inline resources
anonymous resourcescontained resources","",0,*,"","","","Resource {[]} {[]}
","Contained, inline Resources","These resources do not have an independent existence apart from the resource that contains them - they cannot be identified independently, nor can they have their own independent transaction scope. This is allowed to be a Parameters resource if and only if it is referenced by a resource that provides context/meaning.","This should never be done when the content can be identified properly, as once identification is lost, it is extremely difficult (and context dependent) to restore it again. Contained resources may have profiles and tags in their meta elements, but SHALL NOT have security labels.","","","","","","","","",,,,,"",,,,"DomainResource.contained",0,*,"dom-2
dom-4dom-3dom-5",""
"Claim.extension","Claim.extension","","extensions
user content","",0,*,"","","","Extension {[]} {[]}
","Additional content defined by implementations","May be used to represent additional information that is not part of the basic definition of the resource. To make the use of extensions safe and managable, there is a strict set of governance applied to the definition and use of extensions. Though any implementer can define an extension, there is a set of requirements that SHALL be met as part of the definition of the extension.","There can be no stigma associated with the use of extensions by any application, project, or standard - regardless of the institution or jurisdiction that uses or defines the extensions.  The use of extensions is what allows the FHIR specification to retain a core level of simplicity for everyone.","","","","","","","","",,,,,"",,,,"DomainResource.extension",0,*,"","ele-1:All FHIR elements must have a @value or children {hasValue() or (children().count() > id.count())}
ext-1:Must have either extensions or value[x], not both {extension.exists() != value.exists()}"
"Claim.modifierExtension","Claim.modifierExtension","","extensions
user content","",0,*,"","Y","Y","Extension {[]} {[]}
","Extensions that cannot be ignored","May be used to represent additional information that is not part of the basic definition of the resource and that modifies the understanding of the element that contains it and/or the understanding of the containing element's descendants. Usually modifier elements provide negation or qualification. To make the use of extensions safe and managable, there is a strict set of governance applied to the definition and use of extensions. Though any implementer is allowed to define an extension, there is a set of requirements that SHALL be met as part of the definition of the extension. Applications processing a resource are required to check for modifier extensions.

Modifier extensions SHALL NOT change the meaning of any elements on Resource or DomainResource (including cannot change the meaning of modifierExtension itself).","There can be no stigma associated with the use of extensions by any application, project, or standard - regardless of the institution or jurisdiction that uses or defines the extensions.  The use of extensions is what allows the FHIR specification to retain a core level of simplicity for everyone.","Modifier extensions allow for extensions that *cannot* be safely ignored to be clearly distinguished from the vast majority of extensions which can be safely ignored.  This promotes interoperability by eliminating the need for implementers to prohibit the presence of extensions. For further information, see the [definition of modifier extensions](http://hl7.org/fhir/R5/extensibility.html#modifierExtension).","","","","","","","",,,,,"",,,,"DomainResource.modifierExtension",0,*,"","ele-1:All FHIR elements must have a @value or children {hasValue() or (children().count() > id.count())}
ext-1:Must have either extensions or value[x], not both {extension.exists() != value.exists()}"
"Claim.identifier","Claim.identifier","","Claim Number
","",0,*,"","","","Identifier {[]} {[]}
","Business Identifier for claim","A unique identifier assigned to this claim.","","Allows claims to be distinguished and referenced.","","","","","","","",,,,,"",,,,"Claim.identifier",0,*,"","ele-1:All FHIR elements must have a @value or children {hasValue() or (children().count() > id.count())}
"
"Claim.traceNumber","Claim.traceNumber","","","",0,*,"","","","Identifier {[]} {[]}
","Number for tracking","Trace number for tracking purposes. May be defined at the jurisdiction level or between trading partners.","","Allows partners to uniquely identify components for tracking.","","","","","","","",,,,,"",,,,"Claim.traceNumber",0,*,"","ele-1:All FHIR elements must have a @value or children {hasValue() or (children().count() > id.count())}
"
"Claim.status","Claim.status","","","",1,1,"","Y","Y","code {[]} {[]}
","active | cancelled | draft | entered-in-error","The status of the resource instance.","This element is labeled as a modifier because the status contains codes that mark the resource as not currently valid.","Need to track the status of the resource as 'draft' resources may undergo further edits while 'active' resources are immutable and may only have their status changed to 'cancelled'.","","","","","","","",,"required","A code specifying the state of the resource instance.","http://hl7.org/fhir/ValueSet/fm-status|5.0.0","",,,,"Claim.status",1,1,"","ele-1:All FHIR elements must have a @value or children {hasValue() or (children().count() > id.count())}
"
"Claim.type","Claim.type","","","",1,1,"","","Y","CodeableConcept {[]} {[]}
","Category or discipline","The category of claim, e.g. oral, pharmacy, vision, institutional, professional.","The code system provides oral, pharmacy, vision, professional and institutional claim types. Those supported depends on the requirements of the jurisdiction. The valueset is extensible to accommodate other types of claims as required by the jurisdiction.","Claim type determine the general sets of business rules applied for information requirements and adjudication.","","","","","","","",,"required","","https://elga.moped.at/ValueSet/MopedClaimTypeVS","",,,,"Claim.type",1,1,"","ele-1:All FHIR elements must have a @value or children {hasValue() or (children().count() > id.count())}
"
"Claim.type.id","Claim.type.id","","","",0,1,"","","","id {[]} {[]}
","Unique id for inter-element referencing","Unique id for the element within a resource (for internal references). This may be any string value that does not contain spaces.","","","","","","","","","",,,,,"",,,,"Element.id",0,1,"ele-1
",""
"Claim.type.extension","Claim.type.extension","","extensions
user content","",0,*,"","","","Extension {[]} {[]}
","Additional content defined by implementations","May be used to represent additional information that is not part of the basic definition of the element. To make the use of extensions safe and managable, there is a strict set of governance applied to the definition and use of extensions. Though any implementer can define an extension, there is a set of requirements that SHALL be met as part of the definition of the extension.","There can be no stigma associated with the use of extensions by any application, project, or standard - regardless of the institution or jurisdiction that uses or defines the extensions.  The use of extensions is what allows the FHIR specification to retain a core level of simplicity for everyone.","","","","","","","","",,,,,"","value:url}
","Extensions are always sliced by (at least) url",,"open","Element.extension",0,*,"","ele-1:All FHIR elements must have a @value or children {hasValue() or (children().count() > id.count())}
ext-1:Must have either extensions or value[x], not both {extension.exists() != value.exists()}"
"Claim.type.coding","Claim.type.coding","","","",0,*,"","","Y","Coding {[]} {[]}
","Code defined by a terminology system","A reference to a code defined by a terminology system.","Codes may be defined very casually in enumerations, or code lists, up to very formal definitions such as SNOMED CT - see the HL7 v3 Core Principles for more information.  Ordering of codings is undefined and SHALL NOT be used to infer meaning. Generally, at most only one of the coding values will be labeled as UserSelected = true.","Allows for alternative encodings within a code system, and translations to other code systems.","","","<valueCoding xmlns=""http://hl7.org/fhir"">
  <system value=""https://elga.moped.at/CodeSystem/MopedClaimTypeCS""/>
  <code value=""VAEREQ""/>
</valueCoding>","","","","",,,,,"",,,,"CodeableConcept.coding",0,*,"","ele-1:All FHIR elements must have a @value or children {hasValue() or (children().count() > id.count())}
"
"Claim.type.text","Claim.type.text","","","",0,1,"","","Y","string {[]} {[]}
","Plain text representation of the concept","A human language representation of the concept as seen/selected/uttered by the user who entered the data and/or which represents the intended meaning of the user.","Very often the text is the same as a displayName of one of the codings.","The codes from the terminologies do not always capture the correct meaning with all the nuances of the human using them, or sometimes there is no appropriate code at all. In these cases, the text is used to capture the full meaning of the source.","","","","","","","",,,,,"",,,,"CodeableConcept.text",0,1,"","ele-1:All FHIR elements must have a @value or children {hasValue() or (children().count() > id.count())}
"
"Claim.subType","Claim.subType","","","",1,1,"","","","CodeableConcept {[]} {[]}
","More granular claim type","A finer grained suite of claim type codes which may convey additional information such as Inpatient vs Outpatient and/or a specialty service.","This may contain the local bill type codes, for example the US UB-04 bill type code or the CMS bill type.","Some jurisdictions need a finer grained claim type for routing and adjudication.","","","","<valueCodeableConcept xmlns=""http://hl7.org/fhir"">
  <coding>
    <system value=""https://elga.moped.at/CodeSystem/MopedClaimSubTypeCS""/>
    <code value=""VAEREQI""/>
  </coding>
</valueCodeableConcept>","","","",,"required","","https://elga.moped.at/ValueSet/MopedVAERequestSubTypeVS","",,,,"Claim.subType",0,1,"","ele-1:All FHIR elements must have a @value or children {hasValue() or (children().count() > id.count())}
"
"Claim.use","Claim.use","","","",1,1,"","","Y","code {[]} {[]}
","claim | preauthorization | predetermination","A code to indicate whether the nature of the request is: Claim - A request to an Insurer to adjudicate the supplied charges for health care goods and services under the identified policy and to pay the determined Benefit amount, if any; Preauthorization - A request to an Insurer to adjudicate the supplied proposed future charges for health care goods and services under the identified policy and to approve the services and provide the expected benefit amounts and potentially to reserve funds to pay the benefits when Claims for the indicated services are later submitted; or, Pre-determination - A request to an Insurer to adjudicate the supplied 'what if' charges for health care goods and services under the identified policy and report back what the Benefit payable would be had the services actually been provided.","","This element is required to understand the nature of the request for adjudication.","","","","<valueCode xmlns=""http://hl7.org/fhir"" value=""preauthorization""/>","","","",,"required","The purpose of the Claim: predetermination, preauthorization, claim.","http://hl7.org/fhir/ValueSet/claim-use|5.0.0","",,,,"Claim.use",1,1,"","ele-1:All FHIR elements must have a @value or children {hasValue() or (children().count() > id.count())}
"
"Claim.patient","Claim.patient","","","",1,1,"","","Y","Reference {[]} {[CanonicalType[https://elga.moped.at/StructureDefinition/at-moped-patient-vbPK-basis], CanonicalType[https://elga.moped.at/StructureDefinition/at-moped-patient-klarname-basis]]}
","The recipient of the products and services","The party to whom the professional services and/or products have been supplied or are being considered and for whom actual or forecast reimbursement is sought.","","The patient must be supplied to the insurer so that confirmation of coverage and service history may be considered as part of the authorization and/or adjudiction.","","","","","","","",,,,,"",,,,"Claim.patient",1,1,"","ele-1:All FHIR elements must have a @value or children {hasValue() or (children().count() > id.count())}
"
"Claim.billablePeriod","Claim.billablePeriod","","","",0,1,"","","Y","Period {[]} {[]}
","Relevant time frame for the claim","The period for which charges are being submitted.","Typically this would be today or in the past for a claim, and today or in the future for preauthorizations and predeterminations. Typically line item dates of service should fall within the billing period if one is specified.","A number jurisdictions required the submission of the billing period when submitting claims for example for hospital stays or long-term care.","","","","","","","",,,,,"",,,,"Claim.billablePeriod",0,1,"","ele-1:All FHIR elements must have a @value or children {hasValue() or (children().count() > id.count())}
"
"Claim.billablePeriod.id","Claim.billablePeriod.id","","","",0,1,"","","","id {[]} {[]}
","Unique id for inter-element referencing","Unique id for the element within a resource (for internal references). This may be any string value that does not contain spaces.","","","","","","","","","",,,,,"",,,,"Element.id",0,1,"ele-1
",""
"Claim.billablePeriod.extension","Claim.billablePeriod.extension","","extensions
user content","",0,*,"","","","Extension {[]} {[]}
","Additional content defined by implementations","May be used to represent additional information that is not part of the basic definition of the element. To make the use of extensions safe and managable, there is a strict set of governance applied to the definition and use of extensions. Though any implementer can define an extension, there is a set of requirements that SHALL be met as part of the definition of the extension.","There can be no stigma associated with the use of extensions by any application, project, or standard - regardless of the institution or jurisdiction that uses or defines the extensions.  The use of extensions is what allows the FHIR specification to retain a core level of simplicity for everyone.","","","","","","","","",,,,,"","value:url}
","Extensions are always sliced by (at least) url",,"open","Element.extension",0,*,"","ele-1:All FHIR elements must have a @value or children {hasValue() or (children().count() > id.count())}
ext-1:Must have either extensions or value[x], not both {extension.exists() != value.exists()}"
"Claim.billablePeriod.start","Claim.billablePeriod.start","","","",1,1,"","","Y","dateTime {[]} {[]}
","KaOrg: VAE Beginndatum","The start of the period. The boundary is inclusive.","If the low element is missing, the meaning is that the low boundary is not known.","","","","","","","","",,,,,"",,,,"Period.start",0,1,"per-1
","ele-1:All FHIR elements must have a @value or children {hasValue() or (children().count() > id.count())}
","VAE Beginndatum"
"Claim.billablePeriod.end","Claim.billablePeriod.end","","","",0,1,"","","Y","dateTime {[]} {[]}
","End time with inclusive boundary, if not ongoing","The end of the period. If the end of the period is missing, it means no end was known or planned at the time the instance was created. The start may be in the past, and the end date in the future, which means that period is expected/planned to end at that time.","The end value includes any matching date/time. i.e. 2012-02-03T10:00:00 is in a period that has an end value of 2012-02-03.","","","If the end of the period is missing, it means that the period is ongoing","","","","","",,,,,"",,,,"Period.end",0,1,"per-1
","ele-1:All FHIR elements must have a @value or children {hasValue() or (children().count() > id.count())}
"
"Claim.created","Claim.created","","","",1,1,"","","Y","dateTime {[]} {[]}
","Resource creation date","The date this resource was created.","This field is independent of the date of creation of the resource as it may reflect the creation date of a source document prior to digitization. Typically for claims all services must be completed as of this date.","Need to record a timestamp for use by both the recipient and the issuer.","","","","","","","",,,,,"",,,,"Claim.created",1,1,"","ele-1:All FHIR elements must have a @value or children {hasValue() or (children().count() > id.count())}
"
"Claim.enterer","Claim.enterer","","","",0,1,"","","","Reference {[]} {[CanonicalType[http://hl7.org/fhir/StructureDefinition/Practitioner|5.0.0], CanonicalType[http://hl7.org/fhir/StructureDefinition/PractitionerRole|5.0.0], CanonicalType[http://hl7.org/fhir/StructureDefinition/Patient|5.0.0], CanonicalType[http://hl7.org/fhir/StructureDefinition/RelatedPerson|5.0.0]]}
","Author of the claim","Individual who created the claim, predetermination or preauthorization.","","Some jurisdictions require the contact information for personnel completing claims.","","","","","","","",,,,,"",,,,"Claim.enterer",0,1,"","ele-1:All FHIR elements must have a @value or children {hasValue() or (children().count() > id.count())}
"
"Claim.insurer","Claim.insurer","","","",1,1,"","","Y","Reference {[]} {[CanonicalType[https://elga.moped.at/StructureDefinition/at-moped-organization-SV]]}
","Target","The Insurer who is target of the request.","","","","","","","","","",,,,,"",,,,"Claim.insurer",0,1,"","ele-1:All FHIR elements must have a @value or children {hasValue() or (children().count() > id.count())}
"
"Claim.provider","Claim.provider","","","",1,1,"","","Y","Reference {[]} {[CanonicalType[https://elga.moped.at/StructureDefinition/at-moped-organization-KA]]}
","Party responsible for the claim","The provider which is responsible for the claim, predetermination or preauthorization.","Typically this field would be 1..1 where this party is accountable for the data content within the claim but is not necessarily the facility, provider group or practitioner who provided the products and services listed within this claim resource. This field is the Billing Provider, for example, a facility, provider group, lab or practitioner.","","","","","","","","",,,,,"",,,,"Claim.provider",0,1,"","ele-1:All FHIR elements must have a @value or children {hasValue() or (children().count() > id.count())}
"
"Claim.priority","Claim.priority","","","",0,1,"","","Y","CodeableConcept {[]} {[]}
","Desired processing urgency","The provider-required urgency of processing the request. Typical values include: stat, normal, deferred.","If a claim processor is unable to complete the processing as per the priority then they should generate an error and not process the request.","The provider may need to indicate their processing requirements so that the processor can indicate if they are unable to comply.","","","","","","","",,"example","The timeliness with which processing is required: stat, normal, deferred.","http://hl7.org/fhir/ValueSet/process-priority|5.0.0","",,,,"Claim.priority",0,1,"","ele-1:All FHIR elements must have a @value or children {hasValue() or (children().count() > id.count())}
"
"Claim.fundsReserve","Claim.fundsReserve","","Fund pre-allocation
","",0,1,"","","","CodeableConcept {[]} {[]}
","For whom to reserve funds","A code to indicate whether and for whom funds are to be reserved for future claims.","This field is only used for preauthorizations.","In the case of a Pre-Determination/Pre-Authorization the provider may request that funds in the amount of the expected Benefit be reserved ('Patient' or 'Provider') to pay for the Benefits determined on the subsequent claim(s). 'None' explicitly indicates no funds reserving is requested.","","","","","","","",,"example","For whom funds are to be reserved: (Patient, Provider, None).","http://hl7.org/fhir/ValueSet/fundsreserve|5.0.0","",,,,"Claim.fundsReserve",0,1,"","ele-1:All FHIR elements must have a @value or children {hasValue() or (children().count() > id.count())}
"
"Claim.related","Claim.related","","","",0,*,"","","","BackboneElement {[]} {[]}
","Prior or corollary claims","Other claims which are related to this claim such as prior submissions or claims for related services or for the same event.","For example,  for the original treatment and follow-up exams.","For workplace or other accidents it is common to relate separate claims arising from the same event.","","","","","","","",,,,,"",,,,"Claim.related",0,*,"","ele-1:All FHIR elements must have a @value or children {hasValue() or (children().count() > id.count())}
"
"Claim.related.id","Claim.related.id","","","",0,1,"","","","string {[]} {[]}
","Unique id for inter-element referencing","Unique id for the element within a resource (for internal references). This may be any string value that does not contain spaces.","","","","","","","","","",,,,,"",,,,"Element.id",0,1,"ele-1
",""
"Claim.related.extension","Claim.related.extension","","extensions
user content","",0,*,"","","","Extension {[]} {[]}
","Additional content defined by implementations","May be used to represent additional information that is not part of the basic definition of the element. To make the use of extensions safe and managable, there is a strict set of governance applied to the definition and use of extensions. Though any implementer can define an extension, there is a set of requirements that SHALL be met as part of the definition of the extension.","There can be no stigma associated with the use of extensions by any application, project, or standard - regardless of the institution or jurisdiction that uses or defines the extensions.  The use of extensions is what allows the FHIR specification to retain a core level of simplicity for everyone.","","","","","","","","",,,,,"",,,,"Element.extension",0,*,"","ele-1:All FHIR elements must have a @value or children {hasValue() or (children().count() > id.count())}
ext-1:Must have either extensions or value[x], not both {extension.exists() != value.exists()}"
"Claim.related.modifierExtension","Claim.related.modifierExtension","","extensions
user contentmodifiers","",0,*,"","Y","Y","Extension {[]} {[]}
","Extensions that cannot be ignored even if unrecognized","May be used to represent additional information that is not part of the basic definition of the element and that modifies the understanding of the element in which it is contained and/or the understanding of the containing element's descendants. Usually modifier elements provide negation or qualification. To make the use of extensions safe and managable, there is a strict set of governance applied to the definition and use of extensions. Though any implementer can define an extension, there is a set of requirements that SHALL be met as part of the definition of the extension. Applications processing a resource are required to check for modifier extensions.

Modifier extensions SHALL NOT change the meaning of any elements on Resource or DomainResource (including cannot change the meaning of modifierExtension itself).","There can be no stigma associated with the use of extensions by any application, project, or standard - regardless of the institution or jurisdiction that uses or defines the extensions.  The use of extensions is what allows the FHIR specification to retain a core level of simplicity for everyone.","Modifier extensions allow for extensions that *cannot* be safely ignored to be clearly distinguished from the vast majority of extensions which can be safely ignored.  This promotes interoperability by eliminating the need for implementers to prohibit the presence of extensions. For further information, see the [definition of modifier extensions](http://hl7.org/fhir/R5/extensibility.html#modifierExtension).","","","","","","","",,,,,"",,,,"BackboneElement.modifierExtension",0,*,"","ele-1:All FHIR elements must have a @value or children {hasValue() or (children().count() > id.count())}
ext-1:Must have either extensions or value[x], not both {extension.exists() != value.exists()}"
"Claim.related.claim","Claim.related.claim","","","",0,1,"","","","Reference {[]} {[CanonicalType[https://elga.moped.at/StructureDefinition/at-moped-claim-vaerequest-generisch]]}
","Reference to the related claim","Reference to a related claim.","","For workplace or other accidents it is common to relate separate claims arising from the same event.","","","","","","","",,,,,"",,,,"Claim.related.claim",0,1,"","ele-1:All FHIR elements must have a @value or children {hasValue() or (children().count() > id.count())}
"
"Claim.related.relationship","Claim.related.relationship","","","",0,1,"","","","CodeableConcept {[]} {[]}
","How the reference claim is related","A code to convey how the claims are related.","For example, prior claim or umbrella.","Some insurers need a declaration of the type of relationship.","","","","","","","",,"example","Relationship of this claim to a related Claim.","http://hl7.org/fhir/ValueSet/related-claim-relationship|5.0.0","",,,,"Claim.related.relationship",0,1,"","ele-1:All FHIR elements must have a @value or children {hasValue() or (children().count() > id.count())}
"
"Claim.related.reference","Claim.related.reference","","","",0,1,"","","","Identifier {[]} {[]}
","File or case reference","An alternate organizational reference to the case or file to which this particular claim pertains.","For example, Property/Casualty insurer claim # or Workers Compensation case # .","In cases where an event-triggered claim is being submitted to an insurer which requires a reference number to be specified on all exchanges.","","","","","","","",,,,,"",,,,"Claim.related.reference",0,1,"","ele-1:All FHIR elements must have a @value or children {hasValue() or (children().count() > id.count())}
"
"Claim.prescription","Claim.prescription","","","",0,1,"","","","Reference {[]} {[CanonicalType[http://hl7.org/fhir/StructureDefinition/DeviceRequest|5.0.0], CanonicalType[http://hl7.org/fhir/StructureDefinition/MedicationRequest|5.0.0], CanonicalType[http://hl7.org/fhir/StructureDefinition/VisionPrescription|5.0.0]]}
","Prescription authorizing services and products","Prescription is the document/authorization given to the claim author for them to provide products and services for which consideration (reimbursement) is sought. Could be a RX for medications, an 'order' for oxygen or wheelchair or physiotherapy treatments.","","Required to authorize the dispensing of controlled substances and devices.","","","","","","","",,,,,"",,,,"Claim.prescription",0,1,"","ele-1:All FHIR elements must have a @value or children {hasValue() or (children().count() > id.count())}
"
"Claim.originalPrescription","Claim.originalPrescription","","","",0,1,"","","","Reference {[]} {[CanonicalType[http://hl7.org/fhir/StructureDefinition/DeviceRequest|5.0.0], CanonicalType[http://hl7.org/fhir/StructureDefinition/MedicationRequest|5.0.0], CanonicalType[http://hl7.org/fhir/StructureDefinition/VisionPrescription|5.0.0]]}
","Original prescription if superseded by fulfiller","Original prescription which has been superseded by this prescription to support the dispensing of pharmacy services, medications or products.","For example, a physician may prescribe a medication which the pharmacy determines is contraindicated, or for which the patient has an intolerance, and therefore issues a new prescription for an alternate medication which has the same therapeutic intent. The prescription from the pharmacy becomes the 'prescription' and that from the physician becomes the 'original prescription'.","Often required when a fulfiller varies what is fulfilled from that authorized on the original prescription.","","","","","","","",,,,,"",,,,"Claim.originalPrescription",0,1,"","ele-1:All FHIR elements must have a @value or children {hasValue() or (children().count() > id.count())}
"
"Claim.payee","Claim.payee","","","",0,1,"","","","BackboneElement {[]} {[]}
","Recipient of benefits payable","The party to be reimbursed for cost of the products and services according to the terms of the policy.","Often providers agree to receive the benefits payable to reduce the near-term costs to the patient. The insurer may decline to pay the provider and choose to pay the subscriber instead.","The provider needs to specify who they wish to be reimbursed and the claims processor needs express who they will reimburse.","","","","","","","",,,,,"",,,,"Claim.payee",0,1,"","ele-1:All FHIR elements must have a @value or children {hasValue() or (children().count() > id.count())}
"
"Claim.payee.id","Claim.payee.id","","","",0,1,"","","","string {[]} {[]}
","Unique id for inter-element referencing","Unique id for the element within a resource (for internal references). This may be any string value that does not contain spaces.","","","","","","","","","",,,,,"",,,,"Element.id",0,1,"ele-1
",""
"Claim.payee.extension","Claim.payee.extension","","extensions
user content","",0,*,"","","","Extension {[]} {[]}
","Additional content defined by implementations","May be used to represent additional information that is not part of the basic definition of the element. To make the use of extensions safe and managable, there is a strict set of governance applied to the definition and use of extensions. Though any implementer can define an extension, there is a set of requirements that SHALL be met as part of the definition of the extension.","There can be no stigma associated with the use of extensions by any application, project, or standard - regardless of the institution or jurisdiction that uses or defines the extensions.  The use of extensions is what allows the FHIR specification to retain a core level of simplicity for everyone.","","","","","","","","",,,,,"",,,,"Element.extension",0,*,"","ele-1:All FHIR elements must have a @value or children {hasValue() or (children().count() > id.count())}
ext-1:Must have either extensions or value[x], not both {extension.exists() != value.exists()}"
"Claim.payee.modifierExtension","Claim.payee.modifierExtension","","extensions
user contentmodifiers","",0,*,"","Y","Y","Extension {[]} {[]}
","Extensions that cannot be ignored even if unrecognized","May be used to represent additional information that is not part of the basic definition of the element and that modifies the understanding of the element in which it is contained and/or the understanding of the containing element's descendants. Usually modifier elements provide negation or qualification. To make the use of extensions safe and managable, there is a strict set of governance applied to the definition and use of extensions. Though any implementer can define an extension, there is a set of requirements that SHALL be met as part of the definition of the extension. Applications processing a resource are required to check for modifier extensions.

Modifier extensions SHALL NOT change the meaning of any elements on Resource or DomainResource (including cannot change the meaning of modifierExtension itself).","There can be no stigma associated with the use of extensions by any application, project, or standard - regardless of the institution or jurisdiction that uses or defines the extensions.  The use of extensions is what allows the FHIR specification to retain a core level of simplicity for everyone.","Modifier extensions allow for extensions that *cannot* be safely ignored to be clearly distinguished from the vast majority of extensions which can be safely ignored.  This promotes interoperability by eliminating the need for implementers to prohibit the presence of extensions. For further information, see the [definition of modifier extensions](http://hl7.org/fhir/R5/extensibility.html#modifierExtension).","","","","","","","",,,,,"",,,,"BackboneElement.modifierExtension",0,*,"","ele-1:All FHIR elements must have a @value or children {hasValue() or (children().count() > id.count())}
ext-1:Must have either extensions or value[x], not both {extension.exists() != value.exists()}"
"Claim.payee.type","Claim.payee.type","","","",1,1,"","","","CodeableConcept {[]} {[]}
","Category of recipient","Type of Party to be reimbursed: subscriber, provider, other.","","Need to know who should receive payment with the most common situations being the Provider (assignment of benefits) or the Subscriber.","","","","","","","",,"example","A code for the party to be reimbursed.","http://hl7.org/fhir/ValueSet/payeetype|5.0.0","",,,,"Claim.payee.type",1,1,"","ele-1:All FHIR elements must have a @value or children {hasValue() or (children().count() > id.count())}
"
"Claim.payee.party","Claim.payee.party","","","",0,1,"","","","Reference {[]} {[CanonicalType[http://hl7.org/fhir/StructureDefinition/Practitioner|5.0.0], CanonicalType[http://hl7.org/fhir/StructureDefinition/PractitionerRole|5.0.0], CanonicalType[http://hl7.org/fhir/StructureDefinition/Organization|5.0.0], CanonicalType[http://hl7.org/fhir/StructureDefinition/Patient|5.0.0], CanonicalType[http://hl7.org/fhir/StructureDefinition/RelatedPerson|5.0.0]]}
","Recipient reference","Reference to the individual or organization to whom any payment will be made.","Not required if the payee is 'subscriber' or 'provider'.","Need to provide demographics if the payee is not 'subscriber' nor 'provider'.","","","","","","","",,,,,"",,,,"Claim.payee.party",0,1,"","ele-1:All FHIR elements must have a @value or children {hasValue() or (children().count() > id.count())}
"
"Claim.referral","Claim.referral","","","",0,1,"","","","Reference {[]} {[CanonicalType[http://hl7.org/fhir/StructureDefinition/ServiceRequest|5.0.0]]}
","Treatment referral","The referral information received by the claim author, it is not to be used when the author generates a referral for a patient. A copy of that referral may be provided as supporting information. Some insurers require proof of referral to pay for services or to pay specialist rates for services.","The referral resource which lists the date, practitioner, reason and other supporting information.","Some insurers require proof of referral to pay for services or to pay specialist rates for services.","","","","","","","",,,,,"",,,,"Claim.referral",0,1,"","ele-1:All FHIR elements must have a @value or children {hasValue() or (children().count() > id.count())}
"
"Claim.encounter","Claim.encounter","","","",1,*,"","","","Reference {[]} {[CanonicalType[http://hl7.org/fhir/StructureDefinition/Encounter|5.0.0]]}
","Encounters associated with the listed treatments","Healthcare encounters related to this claim.","This will typically be the encounter the event occurred within, but some activities may be initiated prior to or after the official completion of an encounter but still be tied to the context of the encounter.","Used in some jurisdictions to link clinical events to claim items.","","","","","","","",,,,,"","value:resolve().type}
","",,"open","Claim.encounter",0,*,"","ele-1:All FHIR elements must have a @value or children {hasValue() or (children().count() > id.count())}
"
"Claim.encounter:MopedEncounter","Claim.encounter","MopedEncounter","","",1,1,"","","","Reference {[]} {[CanonicalType[https://elga.moped.at/StructureDefinition/at-moped-encounter-aufenthaltbesuch-generisch]]}
","Generelle Informationen zu Aufnahme und Entlassung des Patienten","Healthcare encounters related to this claim.","This will typically be the encounter the event occurred within, but some activities may be initiated prior to or after the official completion of an encounter but still be tied to the context of the encounter.","Used in some jurisdictions to link clinical events to claim items.","","","","","","","",,,,,"",,,,"Claim.encounter",0,*,"","ele-1:All FHIR elements must have a @value or children {hasValue() or (children().count() > id.count())}
"
"Claim.encounter:BewegungsEncounter","Claim.encounter","BewegungsEncounter","","",0,*,"","","","Reference {[]} {[CanonicalType[https://elga.moped.at/StructureDefinition/at-moped-encounter-bewegung-generisch]]}
","Informationen zu Verlegungen innerhalb oder zwischen Krankenanstalten","Healthcare encounters related to this claim.","This will typically be the encounter the event occurred within, but some activities may be initiated prior to or after the official completion of an encounter but still be tied to the context of the encounter.","Used in some jurisdictions to link clinical events to claim items.","","","","","","","",,,,,"",,,,"Claim.encounter",0,*,"","ele-1:All FHIR elements must have a @value or children {hasValue() or (children().count() > id.count())}
"
"Claim.facility","Claim.facility","","","",0,1,"","","","Reference {[]} {[CanonicalType[http://hl7.org/fhir/StructureDefinition/Location|5.0.0], CanonicalType[http://hl7.org/fhir/StructureDefinition/Organization|5.0.0]]}
","Servicing facility","Facility where the services were provided.","","Insurance adjudication can be dependant on where services were delivered.","","","","","","","",,,,,"",,,,"Claim.facility",0,1,"","ele-1:All FHIR elements must have a @value or children {hasValue() or (children().count() > id.count())}
"
"Claim.diagnosisRelatedGroup","Claim.diagnosisRelatedGroup","","","",0,1,"","","","CodeableConcept {[]} {[]}
","Package billing code","A package billing code or bundle code used to group products and services to a particular health condition (such as heart attack) which is based on a predetermined grouping code system.","For example DRG (Diagnosis Related Group) or a bundled billing code. A patient may have a diagnosis of a Myocardial Infarction and a DRG for HeartAttack would be assigned. The Claim item (and possible subsequent claims) would refer to the DRG for those line items that were for services related to the heart attack event.","Required to relate the current diagnosis to a package billing code that is then referenced on the individual claim items which are specific to the health condition covered by the package code.","","","","","","","",,"example","","http://hl7.org/fhir/ValueSet/ex-diagnosisrelatedgroup|5.0.0","",,,,"Claim.diagnosisRelatedGroup",0,1,"","ele-1:All FHIR elements must have a @value or children {hasValue() or (children().count() > id.count())}
"
"Claim.event","Claim.event","","","",0,*,"","","","BackboneElement {[]} {[]}
","Event information","Information code for an event with a corresponding date or period.","","","","","","","","","",,,,,"",,,,"Claim.event",0,*,"","ele-1:All FHIR elements must have a @value or children {hasValue() or (children().count() > id.count())}
"
"Claim.event.id","Claim.event.id","","","",0,1,"","","","string {[]} {[]}
","Unique id for inter-element referencing","Unique id for the element within a resource (for internal references). This may be any string value that does not contain spaces.","","","","","","","","","",,,,,"",,,,"Element.id",0,1,"ele-1
",""
"Claim.event.extension","Claim.event.extension","","extensions
user content","",0,*,"","","","Extension {[]} {[]}
","Additional content defined by implementations","May be used to represent additional information that is not part of the basic definition of the element. To make the use of extensions safe and managable, there is a strict set of governance applied to the definition and use of extensions. Though any implementer can define an extension, there is a set of requirements that SHALL be met as part of the definition of the extension.","There can be no stigma associated with the use of extensions by any application, project, or standard - regardless of the institution or jurisdiction that uses or defines the extensions.  The use of extensions is what allows the FHIR specification to retain a core level of simplicity for everyone.","","","","","","","","",,,,,"",,,,"Element.extension",0,*,"","ele-1:All FHIR elements must have a @value or children {hasValue() or (children().count() > id.count())}
ext-1:Must have either extensions or value[x], not both {extension.exists() != value.exists()}"
"Claim.event.modifierExtension","Claim.event.modifierExtension","","extensions
user contentmodifiers","",0,*,"","Y","Y","Extension {[]} {[]}
","Extensions that cannot be ignored even if unrecognized","May be used to represent additional information that is not part of the basic definition of the element and that modifies the understanding of the element in which it is contained and/or the understanding of the containing element's descendants. Usually modifier elements provide negation or qualification. To make the use of extensions safe and managable, there is a strict set of governance applied to the definition and use of extensions. Though any implementer can define an extension, there is a set of requirements that SHALL be met as part of the definition of the extension. Applications processing a resource are required to check for modifier extensions.

Modifier extensions SHALL NOT change the meaning of any elements on Resource or DomainResource (including cannot change the meaning of modifierExtension itself).","There can be no stigma associated with the use of extensions by any application, project, or standard - regardless of the institution or jurisdiction that uses or defines the extensions.  The use of extensions is what allows the FHIR specification to retain a core level of simplicity for everyone.","Modifier extensions allow for extensions that *cannot* be safely ignored to be clearly distinguished from the vast majority of extensions which can be safely ignored.  This promotes interoperability by eliminating the need for implementers to prohibit the presence of extensions. For further information, see the [definition of modifier extensions](http://hl7.org/fhir/R5/extensibility.html#modifierExtension).","","","","","","","",,,,,"",,,,"BackboneElement.modifierExtension",0,*,"","ele-1:All FHIR elements must have a @value or children {hasValue() or (children().count() > id.count())}
ext-1:Must have either extensions or value[x], not both {extension.exists() != value.exists()}"
"Claim.event.type","Claim.event.type","","","",1,1,"","","","CodeableConcept {[]} {[]}
","Specific event","A coded event such as when a service is expected or a card printed.","","","","","","","","","",,"example","","http://hl7.org/fhir/ValueSet/datestype|5.0.0","",,,,"Claim.event.type",1,1,"","ele-1:All FHIR elements must have a @value or children {hasValue() or (children().count() > id.count())}
"
"Claim.event.when[x]","Claim.event.when[x]","","","",1,1,"","","","dateTime {[]} {[]}
Period {[]} {[]}","Occurance date or period","A date or period in the past or future indicating when the event occurred or is expectd to occur.","","","","","","","","","",,,,,"",,,,"Claim.event.when[x]",1,1,"","ele-1:All FHIR elements must have a @value or children {hasValue() or (children().count() > id.count())}
"
"Claim.careTeam","Claim.careTeam","","","",0,*,"","","","BackboneElement {[]} {[]}
","Members of the care team","The members of the team who provided the products and services.","","Common to identify the responsible and supporting practitioners.","","","","","","","",,,,,"",,,,"Claim.careTeam",0,*,"","ele-1:All FHIR elements must have a @value or children {hasValue() or (children().count() > id.count())}
"
"Claim.careTeam.id","Claim.careTeam.id","","","",0,1,"","","","string {[]} {[]}
","Unique id for inter-element referencing","Unique id for the element within a resource (for internal references). This may be any string value that does not contain spaces.","","","","","","","","","",,,,,"",,,,"Element.id",0,1,"ele-1
",""
"Claim.careTeam.extension","Claim.careTeam.extension","","extensions
user content","",0,*,"","","","Extension {[]} {[]}
","Additional content defined by implementations","May be used to represent additional information that is not part of the basic definition of the element. To make the use of extensions safe and managable, there is a strict set of governance applied to the definition and use of extensions. Though any implementer can define an extension, there is a set of requirements that SHALL be met as part of the definition of the extension.","There can be no stigma associated with the use of extensions by any application, project, or standard - regardless of the institution or jurisdiction that uses or defines the extensions.  The use of extensions is what allows the FHIR specification to retain a core level of simplicity for everyone.","","","","","","","","",,,,,"",,,,"Element.extension",0,*,"","ele-1:All FHIR elements must have a @value or children {hasValue() or (children().count() > id.count())}
ext-1:Must have either extensions or value[x], not both {extension.exists() != value.exists()}"
"Claim.careTeam.modifierExtension","Claim.careTeam.modifierExtension","","extensions
user contentmodifiers","",0,*,"","Y","Y","Extension {[]} {[]}
","Extensions that cannot be ignored even if unrecognized","May be used to represent additional information that is not part of the basic definition of the element and that modifies the understanding of the element in which it is contained and/or the understanding of the containing element's descendants. Usually modifier elements provide negation or qualification. To make the use of extensions safe and managable, there is a strict set of governance applied to the definition and use of extensions. Though any implementer can define an extension, there is a set of requirements that SHALL be met as part of the definition of the extension. Applications processing a resource are required to check for modifier extensions.

Modifier extensions SHALL NOT change the meaning of any elements on Resource or DomainResource (including cannot change the meaning of modifierExtension itself).","There can be no stigma associated with the use of extensions by any application, project, or standard - regardless of the institution or jurisdiction that uses or defines the extensions.  The use of extensions is what allows the FHIR specification to retain a core level of simplicity for everyone.","Modifier extensions allow for extensions that *cannot* be safely ignored to be clearly distinguished from the vast majority of extensions which can be safely ignored.  This promotes interoperability by eliminating the need for implementers to prohibit the presence of extensions. For further information, see the [definition of modifier extensions](http://hl7.org/fhir/R5/extensibility.html#modifierExtension).","","","","","","","",,,,,"",,,,"BackboneElement.modifierExtension",0,*,"","ele-1:All FHIR elements must have a @value or children {hasValue() or (children().count() > id.count())}
ext-1:Must have either extensions or value[x], not both {extension.exists() != value.exists()}"
"Claim.careTeam.sequence","Claim.careTeam.sequence","","","",1,1,"","","","positiveInt {[]} {[]}
","Order of care team","A number to uniquely identify care team entries.","","Necessary to maintain the order of the care team and provide a mechanism to link individuals to claim details.","","","","","","","",,,,,"",,,,"Claim.careTeam.sequence",1,1,"","ele-1:All FHIR elements must have a @value or children {hasValue() or (children().count() > id.count())}
"
"Claim.careTeam.provider","Claim.careTeam.provider","","","",1,1,"","","","Reference {[]} {[CanonicalType[http://hl7.org/fhir/StructureDefinition/Practitioner|5.0.0], CanonicalType[http://hl7.org/fhir/StructureDefinition/PractitionerRole|5.0.0], CanonicalType[http://hl7.org/fhir/StructureDefinition/Organization|5.0.0]]}
","Practitioner or organization","Member of the team who provided the product or service.","","Often a regulatory requirement to specify the responsible provider.","","","","","","","",,,,,"",,,,"Claim.careTeam.provider",1,1,"","ele-1:All FHIR elements must have a @value or children {hasValue() or (children().count() > id.count())}
"
"Claim.careTeam.responsible","Claim.careTeam.responsible","","","",0,1,"","","","boolean {[]} {[]}
","Indicator of the lead practitioner","The party who is billing and/or responsible for the claimed products or services.","Responsible might not be required when there is only a single provider listed.","When multiple parties are present it is required to distinguish the lead or responsible individual.","","","","","","","",,,,,"",,,,"Claim.careTeam.responsible",0,1,"","ele-1:All FHIR elements must have a @value or children {hasValue() or (children().count() > id.count())}
"
"Claim.careTeam.role","Claim.careTeam.role","","","",0,1,"","","","CodeableConcept {[]} {[]}
","Function within the team","The lead, assisting or supervising practitioner and their discipline if a multidisciplinary team.","Role might not be required when there is only a single provider listed.","When multiple parties are present it is required to distinguish the roles performed by each member.","","","","","","","",,"example","The role codes for the care team members.","http://hl7.org/fhir/ValueSet/claim-careteamrole|5.0.0","",,,,"Claim.careTeam.role",0,1,"","ele-1:All FHIR elements must have a @value or children {hasValue() or (children().count() > id.count())}
"
"Claim.careTeam.specialty","Claim.careTeam.specialty","","","",0,1,"","","","CodeableConcept {[]} {[]}
","Practitioner or provider specialization","The specialization of the practitioner or provider which is applicable for this service.","","Need to specify which specialization a practitioner or provider acting under when delivering the product or service.","","","","","","","",,"example","","http://hl7.org/fhir/ValueSet/provider-qualification|5.0.0","",,,,"Claim.careTeam.specialty",0,1,"","ele-1:All FHIR elements must have a @value or children {hasValue() or (children().count() > id.count())}
"
"Claim.supportingInfo","Claim.supportingInfo","","Attachments
Exception Codes
Occurrence Codes
Value codes
","",2,*,"","","","BackboneElement {[]} {[]}
","Supporting information","Additional information codes regarding exceptions, special considerations, the condition, situation, prior or concurrent issues.","Often there are multiple jurisdiction specific valuesets which are required.","Typically these information codes are required to support the services rendered or the adjudication of the services rendered.","","","","","","","",,,,,"","value:category}
","",,"open","Claim.supportingInfo",0,*,"","ele-1:All FHIR elements must have a @value or children {hasValue() or (children().count() > id.count())}
"
"Claim.supportingInfo.id","Claim.supportingInfo.id","","","",0,1,"","","","string {[]} {[]}
","Unique id for inter-element referencing","Unique id for the element within a resource (for internal references). This may be any string value that does not contain spaces.","","","","","","","","","",,,,,"",,,,"Element.id",0,1,"ele-1
",""
"Claim.supportingInfo.extension","Claim.supportingInfo.extension","","extensions
user content","",0,*,"","","","Extension {[]} {[]}
","Additional content defined by implementations","May be used to represent additional information that is not part of the basic definition of the element. To make the use of extensions safe and managable, there is a strict set of governance applied to the definition and use of extensions. Though any implementer can define an extension, there is a set of requirements that SHALL be met as part of the definition of the extension.","There can be no stigma associated with the use of extensions by any application, project, or standard - regardless of the institution or jurisdiction that uses or defines the extensions.  The use of extensions is what allows the FHIR specification to retain a core level of simplicity for everyone.","","","","","","","","",,,,,"",,,,"Element.extension",0,*,"","ele-1:All FHIR elements must have a @value or children {hasValue() or (children().count() > id.count())}
ext-1:Must have either extensions or value[x], not both {extension.exists() != value.exists()}"
"Claim.supportingInfo.modifierExtension","Claim.supportingInfo.modifierExtension","","extensions
user contentmodifiers","",0,*,"","Y","Y","Extension {[]} {[]}
","Extensions that cannot be ignored even if unrecognized","May be used to represent additional information that is not part of the basic definition of the element and that modifies the understanding of the element in which it is contained and/or the understanding of the containing element's descendants. Usually modifier elements provide negation or qualification. To make the use of extensions safe and managable, there is a strict set of governance applied to the definition and use of extensions. Though any implementer can define an extension, there is a set of requirements that SHALL be met as part of the definition of the extension. Applications processing a resource are required to check for modifier extensions.

Modifier extensions SHALL NOT change the meaning of any elements on Resource or DomainResource (including cannot change the meaning of modifierExtension itself).","There can be no stigma associated with the use of extensions by any application, project, or standard - regardless of the institution or jurisdiction that uses or defines the extensions.  The use of extensions is what allows the FHIR specification to retain a core level of simplicity for everyone.","Modifier extensions allow for extensions that *cannot* be safely ignored to be clearly distinguished from the vast majority of extensions which can be safely ignored.  This promotes interoperability by eliminating the need for implementers to prohibit the presence of extensions. For further information, see the [definition of modifier extensions](http://hl7.org/fhir/R5/extensibility.html#modifierExtension).","","","","","","","",,,,,"",,,,"BackboneElement.modifierExtension",0,*,"","ele-1:All FHIR elements must have a @value or children {hasValue() or (children().count() > id.count())}
ext-1:Must have either extensions or value[x], not both {extension.exists() != value.exists()}"
"Claim.supportingInfo.sequence","Claim.supportingInfo.sequence","","","",1,1,"","","","positiveInt {[]} {[]}
","Information instance identifier","A number to uniquely identify supporting information entries.","","Necessary to maintain the order of the supporting information items and provide a mechanism to link to claim details.","","","","","","","",,,,,"",,,,"Claim.supportingInfo.sequence",1,1,"","ele-1:All FHIR elements must have a @value or children {hasValue() or (children().count() > id.count())}
"
"Claim.supportingInfo.category","Claim.supportingInfo.category","","","",1,1,"","","","CodeableConcept {[]} {[]}
","Classification of the supplied information","The general class of the information supplied: information; exception; accident, employment; onset, etc.","This may contain a category for the local bill type codes.","Required to group or associate information items with common characteristics. For example: admission information or prior treatments.","","","","","","","",,"example","The valuset used for additional information category codes.","http://hl7.org/fhir/ValueSet/claim-informationcategory|5.0.0","",,,,"Claim.supportingInfo.category",1,1,"","ele-1:All FHIR elements must have a @value or children {hasValue() or (children().count() > id.count())}
"
"Claim.supportingInfo.code","Claim.supportingInfo.code","","","",0,1,"","","","CodeableConcept {[]} {[]}
","Type of information","System and code pertaining to the specific information regarding special conditions relating to the setting, treatment or patient  for which care is sought.","","Required to identify the kind of additional information.","","","","","","","",,"example","The valuset used for additional information codes.","http://hl7.org/fhir/ValueSet/claim-exception|5.0.0","",,,,"Claim.supportingInfo.code",0,1,"","ele-1:All FHIR elements must have a @value or children {hasValue() or (children().count() > id.count())}
"
"Claim.supportingInfo.code.id","Claim.supportingInfo.code.id","","","",0,1,"","","","id {[]} {[]}
","Unique id for inter-element referencing","Unique id for the element within a resource (for internal references). This may be any string value that does not contain spaces.","","","","","","","","","",,,,,"",,,,"Element.id",0,1,"ele-1
",""
"Claim.supportingInfo.code.extension","Claim.supportingInfo.code.extension","","extensions
user content","",0,*,"","","","Extension {[]} {[]}
","Additional content defined by implementations","May be used to represent additional information that is not part of the basic definition of the element. To make the use of extensions safe and managable, there is a strict set of governance applied to the definition and use of extensions. Though any implementer can define an extension, there is a set of requirements that SHALL be met as part of the definition of the extension.","There can be no stigma associated with the use of extensions by any application, project, or standard - regardless of the institution or jurisdiction that uses or defines the extensions.  The use of extensions is what allows the FHIR specification to retain a core level of simplicity for everyone.","","","","","","","","",,,,,"","value:url}
","Extensions are always sliced by (at least) url",,"open","Element.extension",0,*,"","ele-1:All FHIR elements must have a @value or children {hasValue() or (children().count() > id.count())}
ext-1:Must have either extensions or value[x], not both {extension.exists() != value.exists()}"
"Claim.supportingInfo.code.coding","Claim.supportingInfo.code.coding","","","",0,*,"","","Y","Coding {[]} {[]}
","Code defined by a terminology system","A reference to a code defined by a terminology system.","Codes may be defined very casually in enumerations, or code lists, up to very formal definitions such as SNOMED CT - see the HL7 v3 Core Principles for more information.  Ordering of codings is undefined and SHALL NOT be used to infer meaning. Generally, at most only one of the coding values will be labeled as UserSelected = true.","Allows for alternative encodings within a code system, and translations to other code systems.","","","","","","","",,"required","","https://elga.moped.at/ValueSet/VAESupportingInformationCategoryVS","",,,,"CodeableConcept.coding",0,*,"","ele-1:All FHIR elements must have a @value or children {hasValue() or (children().count() > id.count())}
"
"Claim.supportingInfo.code.text","Claim.supportingInfo.code.text","","","",0,1,"","","Y","string {[]} {[]}
","Plain text representation of the concept","A human language representation of the concept as seen/selected/uttered by the user who entered the data and/or which represents the intended meaning of the user.","Very often the text is the same as a displayName of one of the codings.","The codes from the terminologies do not always capture the correct meaning with all the nuances of the human using them, or sometimes there is no appropriate code at all. In these cases, the text is used to capture the full meaning of the source.","","","","","","","",,,,,"",,,,"CodeableConcept.text",0,1,"","ele-1:All FHIR elements must have a @value or children {hasValue() or (children().count() > id.count())}
"
"Claim.supportingInfo.timing[x]","Claim.supportingInfo.timing[x]","","","",0,1,"","","","date {[]} {[]}
Period {[]} {[]}","When it occurred","The date when or period to which this information refers.","","","","","","","","","",,,,,"",,,,"Claim.supportingInfo.timing[x]",0,1,"","ele-1:All FHIR elements must have a @value or children {hasValue() or (children().count() > id.count())}
"
"Claim.supportingInfo.value[x]","Claim.supportingInfo.value[x]","","","",0,1,"","","","boolean {[]} {[]}
string {[]} {[]}Quantity {[]} {[]}Attachment {[]} {[]}Reference {[]} {[CanonicalType[http://hl7.org/fhir/StructureDefinition/Resource|5.0.0]]}Identifier {[]} {[]}","Data to be provided","Additional data or information such as resources, documents, images etc. including references to the data or the actual inclusion of the data.","Could be used to provide references to other resources, document. For example could contain a PDF in an Attachment of the Police Report for an Accident.","To convey the data content to be provided when the information is more than a simple code or period.","","","","","","","",,,,,"",,,,"Claim.supportingInfo.value[x]",0,1,"","ele-1:All FHIR elements must have a @value or children {hasValue() or (children().count() > id.count())}
"
"Claim.supportingInfo.reason","Claim.supportingInfo.reason","","","",0,1,"","","","CodeableConcept {[]} {[]}
","Explanation for the information","Provides the reason in the situation where a reason code is required in addition to the content.","For example: the reason for the additional stay, or why a tooth is  missing.","Needed when the supporting information has both a date and amount/value and requires explanation.","","","","","","","",,"example","Reason codes for the missing teeth.","http://hl7.org/fhir/ValueSet/missing-tooth-reason|5.0.0","",,,,"Claim.supportingInfo.reason",0,1,"","ele-1:All FHIR elements must have a @value or children {hasValue() or (children().count() > id.count())}
"
"Claim.supportingInfo:Sonderklasse","Claim.supportingInfo","Sonderklasse","Attachments
Exception Codes
Occurrence Codes
Value codes
","",1,*,"","","","BackboneElement {[]} {[]}
","KaOrg: Allgemeine Gebührenklasse/Sonderklasse","Additional information codes regarding exceptions, special considerations, the condition, situation, prior or concurrent issues.","Often there are multiple jurisdiction specific valuesets which are required.","Typically these information codes are required to support the services rendered or the adjudication of the services rendered.","","","","","","","",,,,,"",,,,"Claim.supportingInfo",0,*,"","ele-1:All FHIR elements must have a @value or children {hasValue() or (children().count() > id.count())}
"
"Claim.supportingInfo:Sonderklasse.id","Claim.supportingInfo.id","","","",0,1,"","","","string {[]} {[]}
","Unique id for inter-element referencing","Unique id for the element within a resource (for internal references). This may be any string value that does not contain spaces.","","","","","","","","","",,,,,"",,,,"Element.id",0,1,"ele-1
",""
"Claim.supportingInfo:Sonderklasse.extension","Claim.supportingInfo.extension","","extensions
user content","",0,*,"","","","Extension {[]} {[]}
","Additional content defined by implementations","May be used to represent additional information that is not part of the basic definition of the element. To make the use of extensions safe and managable, there is a strict set of governance applied to the definition and use of extensions. Though any implementer can define an extension, there is a set of requirements that SHALL be met as part of the definition of the extension.","There can be no stigma associated with the use of extensions by any application, project, or standard - regardless of the institution or jurisdiction that uses or defines the extensions.  The use of extensions is what allows the FHIR specification to retain a core level of simplicity for everyone.","","","","","","","","",,,,,"",,,,"Element.extension",0,*,"","ele-1:All FHIR elements must have a @value or children {hasValue() or (children().count() > id.count())}
ext-1:Must have either extensions or value[x], not both {extension.exists() != value.exists()}"
"Claim.supportingInfo:Sonderklasse.modifierExtension","Claim.supportingInfo.modifierExtension","","extensions
user contentmodifiers","",0,*,"","Y","Y","Extension {[]} {[]}
","Extensions that cannot be ignored even if unrecognized","May be used to represent additional information that is not part of the basic definition of the element and that modifies the understanding of the element in which it is contained and/or the understanding of the containing element's descendants. Usually modifier elements provide negation or qualification. To make the use of extensions safe and managable, there is a strict set of governance applied to the definition and use of extensions. Though any implementer can define an extension, there is a set of requirements that SHALL be met as part of the definition of the extension. Applications processing a resource are required to check for modifier extensions.

Modifier extensions SHALL NOT change the meaning of any elements on Resource or DomainResource (including cannot change the meaning of modifierExtension itself).","There can be no stigma associated with the use of extensions by any application, project, or standard - regardless of the institution or jurisdiction that uses or defines the extensions.  The use of extensions is what allows the FHIR specification to retain a core level of simplicity for everyone.","Modifier extensions allow for extensions that *cannot* be safely ignored to be clearly distinguished from the vast majority of extensions which can be safely ignored.  This promotes interoperability by eliminating the need for implementers to prohibit the presence of extensions. For further information, see the [definition of modifier extensions](http://hl7.org/fhir/R5/extensibility.html#modifierExtension).","","","","","","","",,,,,"",,,,"BackboneElement.modifierExtension",0,*,"","ele-1:All FHIR elements must have a @value or children {hasValue() or (children().count() > id.count())}
ext-1:Must have either extensions or value[x], not both {extension.exists() != value.exists()}"
"Claim.supportingInfo:Sonderklasse.sequence","Claim.supportingInfo.sequence","","","",1,1,"","","","positiveInt {[]} {[]}
","Information instance identifier","A number to uniquely identify supporting information entries.","","Necessary to maintain the order of the supporting information items and provide a mechanism to link to claim details.","","","","","","","",,,,,"",,,,"Claim.supportingInfo.sequence",1,1,"","ele-1:All FHIR elements must have a @value or children {hasValue() or (children().count() > id.count())}
"
"Claim.supportingInfo:Sonderklasse.category","Claim.supportingInfo.category","","","",1,1,"","","","CodeableConcept {[]} {[]}
","Classification of the supplied information","The general class of the information supplied: information; exception; accident, employment; onset, etc.","This may contain a category for the local bill type codes.","Required to group or associate information items with common characteristics. For example: admission information or prior treatments.","","","","<valueCodeableConcept xmlns=""http://hl7.org/fhir"">
  <coding>
    <system value=""https://elga.moped.at/CodeSystem/ClaimSupportingInformationCategoryCS""/>
    <code value=""KLAS""/>
  </coding>
</valueCodeableConcept>","","","",,"example","The valuset used for additional information category codes.","http://hl7.org/fhir/ValueSet/claim-informationcategory|5.0.0","",,,,"Claim.supportingInfo.category",1,1,"","ele-1:All FHIR elements must have a @value or children {hasValue() or (children().count() > id.count())}
"
"Claim.supportingInfo:Sonderklasse.code","Claim.supportingInfo.code","","","",1,1,"","","","CodeableConcept {[]} {[]}
","KaOrg: Verlegung Klasse","System and code pertaining to the specific information regarding special conditions relating to the setting, treatment or patient  for which care is sought.","","Required to identify the kind of additional information.","","","","","","","",,"required","","https://elga.moped.at/ValueSet/SonderklasseVS","",,,,"Claim.supportingInfo.code",0,1,"","ele-1:All FHIR elements must have a @value or children {hasValue() or (children().count() > id.count())}
","Allgemeine Gebührenklasse/Sonderklasse,Verlegung Klasse"
"Claim.supportingInfo:Sonderklasse.code.id","Claim.supportingInfo.code.id","","","",0,1,"","","","id {[]} {[]}
","Unique id for inter-element referencing","Unique id for the element within a resource (for internal references). This may be any string value that does not contain spaces.","","","","","","","","","",,,,,"",,,,"Element.id",0,1,"ele-1
",""
"Claim.supportingInfo:Sonderklasse.code.extension","Claim.supportingInfo.code.extension","","extensions
user content","",0,*,"","","","Extension {[]} {[]}
","Additional content defined by implementations","May be used to represent additional information that is not part of the basic definition of the element. To make the use of extensions safe and managable, there is a strict set of governance applied to the definition and use of extensions. Though any implementer can define an extension, there is a set of requirements that SHALL be met as part of the definition of the extension.","There can be no stigma associated with the use of extensions by any application, project, or standard - regardless of the institution or jurisdiction that uses or defines the extensions.  The use of extensions is what allows the FHIR specification to retain a core level of simplicity for everyone.","","","","","","","","",,,,,"","value:url}
","Extensions are always sliced by (at least) url",,"open","Element.extension",0,*,"","ele-1:All FHIR elements must have a @value or children {hasValue() or (children().count() > id.count())}
ext-1:Must have either extensions or value[x], not both {extension.exists() != value.exists()}"
"Claim.supportingInfo:Sonderklasse.code.coding","Claim.supportingInfo.code.coding","","","",0,*,"","","Y","Coding {[]} {[]}
","Code defined by a terminology system","A reference to a code defined by a terminology system.","Codes may be defined very casually in enumerations, or code lists, up to very formal definitions such as SNOMED CT - see the HL7 v3 Core Principles for more information.  Ordering of codings is undefined and SHALL NOT be used to infer meaning. Generally, at most only one of the coding values will be labeled as UserSelected = true.","Allows for alternative encodings within a code system, and translations to other code systems.","","","","","","","",,"required","","https://elga.moped.at/ValueSet/VAESupportingInformationCategoryVS","",,,,"CodeableConcept.coding",0,*,"","ele-1:All FHIR elements must have a @value or children {hasValue() or (children().count() > id.count())}
"
"Claim.supportingInfo:Sonderklasse.code.text","Claim.supportingInfo.code.text","","","",0,1,"","","Y","string {[]} {[]}
","Plain text representation of the concept","A human language representation of the concept as seen/selected/uttered by the user who entered the data and/or which represents the intended meaning of the user.","Very often the text is the same as a displayName of one of the codings.","The codes from the terminologies do not always capture the correct meaning with all the nuances of the human using them, or sometimes there is no appropriate code at all. In these cases, the text is used to capture the full meaning of the source.","","","","","","","",,,,,"",,,,"CodeableConcept.text",0,1,"","ele-1:All FHIR elements must have a @value or children {hasValue() or (children().count() > id.count())}
"
"Claim.supportingInfo:Sonderklasse.timing[x]","Claim.supportingInfo.timing[x]","","","",1,1,"","","","Period {[]} {[]}
","When it occurred","The date when or period to which this information refers.","","","","","","","","","",,,,,"","type:$this}
","",,"closed","Claim.supportingInfo.timing[x]",0,1,"","ele-1:All FHIR elements must have a @value or children {hasValue() or (children().count() > id.count())}
"
"Claim.supportingInfo:Sonderklasse.timing[x]:timingPeriod","Claim.supportingInfo.timing[x]","timingPeriod","","",1,1,"","","","Period {[]} {[]}
","KaOrg: Aufnahme-/Verlegungsdatum","The date when or period to which this information refers.","","","","","","","","","",,,,,"",,,,"Claim.supportingInfo.timing[x]",0,1,"","ele-1:All FHIR elements must have a @value or children {hasValue() or (children().count() > id.count())}
","Aufnahme-/Verlegungsdatum"
"Claim.supportingInfo:Sonderklasse.value[x]","Claim.supportingInfo.value[x]","","","",0,1,"","","","boolean {[]} {[]}
string {[]} {[]}Quantity {[]} {[]}Attachment {[]} {[]}Reference {[]} {[CanonicalType[http://hl7.org/fhir/StructureDefinition/Resource|5.0.0]]}Identifier {[]} {[]}","Data to be provided","Additional data or information such as resources, documents, images etc. including references to the data or the actual inclusion of the data.","Could be used to provide references to other resources, document. For example could contain a PDF in an Attachment of the Police Report for an Accident.","To convey the data content to be provided when the information is more than a simple code or period.","","","","","","","",,,,,"",,,,"Claim.supportingInfo.value[x]",0,1,"","ele-1:All FHIR elements must have a @value or children {hasValue() or (children().count() > id.count())}
"
"Claim.supportingInfo:Sonderklasse.reason","Claim.supportingInfo.reason","","","",0,1,"","","","CodeableConcept {[]} {[]}
","Explanation for the information","Provides the reason in the situation where a reason code is required in addition to the content.","For example: the reason for the additional stay, or why a tooth is  missing.","Needed when the supporting information has both a date and amount/value and requires explanation.","","","","","","","",,"example","Reason codes for the missing teeth.","http://hl7.org/fhir/ValueSet/missing-tooth-reason|5.0.0","",,,,"Claim.supportingInfo.reason",0,1,"","ele-1:All FHIR elements must have a @value or children {hasValue() or (children().count() > id.count())}
"
"Claim.supportingInfo:VerdachtFremdverschulden","Claim.supportingInfo","VerdachtFremdverschulden","Attachments
Exception Codes
Occurrence Codes
Value codes
","",1,1,"","","","BackboneElement {[]} {[]}
","Supporting information","Additional information codes regarding exceptions, special considerations, the condition, situation, prior or concurrent issues.","Often there are multiple jurisdiction specific valuesets which are required.","Typically these information codes are required to support the services rendered or the adjudication of the services rendered.","","","","","","","",,,,,"",,,,"Claim.supportingInfo",0,*,"","ele-1:All FHIR elements must have a @value or children {hasValue() or (children().count() > id.count())}
"
"Claim.supportingInfo:VerdachtFremdverschulden.id","Claim.supportingInfo.id","","","",0,1,"","","","string {[]} {[]}
","Unique id for inter-element referencing","Unique id for the element within a resource (for internal references). This may be any string value that does not contain spaces.","","","","","","","","","",,,,,"",,,,"Element.id",0,1,"ele-1
",""
"Claim.supportingInfo:VerdachtFremdverschulden.extension","Claim.supportingInfo.extension","","extensions
user content","",0,*,"","","","Extension {[]} {[]}
","Additional content defined by implementations","May be used to represent additional information that is not part of the basic definition of the element. To make the use of extensions safe and managable, there is a strict set of governance applied to the definition and use of extensions. Though any implementer can define an extension, there is a set of requirements that SHALL be met as part of the definition of the extension.","There can be no stigma associated with the use of extensions by any application, project, or standard - regardless of the institution or jurisdiction that uses or defines the extensions.  The use of extensions is what allows the FHIR specification to retain a core level of simplicity for everyone.","","","","","","","","",,,,,"",,,,"Element.extension",0,*,"","ele-1:All FHIR elements must have a @value or children {hasValue() or (children().count() > id.count())}
ext-1:Must have either extensions or value[x], not both {extension.exists() != value.exists()}"
"Claim.supportingInfo:VerdachtFremdverschulden.modifierExtension","Claim.supportingInfo.modifierExtension","","extensions
user contentmodifiers","",0,*,"","Y","Y","Extension {[]} {[]}
","Extensions that cannot be ignored even if unrecognized","May be used to represent additional information that is not part of the basic definition of the element and that modifies the understanding of the element in which it is contained and/or the understanding of the containing element's descendants. Usually modifier elements provide negation or qualification. To make the use of extensions safe and managable, there is a strict set of governance applied to the definition and use of extensions. Though any implementer can define an extension, there is a set of requirements that SHALL be met as part of the definition of the extension. Applications processing a resource are required to check for modifier extensions.

Modifier extensions SHALL NOT change the meaning of any elements on Resource or DomainResource (including cannot change the meaning of modifierExtension itself).","There can be no stigma associated with the use of extensions by any application, project, or standard - regardless of the institution or jurisdiction that uses or defines the extensions.  The use of extensions is what allows the FHIR specification to retain a core level of simplicity for everyone.","Modifier extensions allow for extensions that *cannot* be safely ignored to be clearly distinguished from the vast majority of extensions which can be safely ignored.  This promotes interoperability by eliminating the need for implementers to prohibit the presence of extensions. For further information, see the [definition of modifier extensions](http://hl7.org/fhir/R5/extensibility.html#modifierExtension).","","","","","","","",,,,,"",,,,"BackboneElement.modifierExtension",0,*,"","ele-1:All FHIR elements must have a @value or children {hasValue() or (children().count() > id.count())}
ext-1:Must have either extensions or value[x], not both {extension.exists() != value.exists()}"
"Claim.supportingInfo:VerdachtFremdverschulden.sequence","Claim.supportingInfo.sequence","","","",1,1,"","","","positiveInt {[]} {[]}
","Information instance identifier","A number to uniquely identify supporting information entries.","","Necessary to maintain the order of the supporting information items and provide a mechanism to link to claim details.","","","","","","","",,,,,"",,,,"Claim.supportingInfo.sequence",1,1,"","ele-1:All FHIR elements must have a @value or children {hasValue() or (children().count() > id.count())}
"
"Claim.supportingInfo:VerdachtFremdverschulden.category","Claim.supportingInfo.category","","","",1,1,"","","","CodeableConcept {[]} {[]}
","Classification of the supplied information","The general class of the information supplied: information; exception; accident, employment; onset, etc.","This may contain a category for the local bill type codes.","Required to group or associate information items with common characteristics. For example: admission information or prior treatments.","","","","<valueCodeableConcept xmlns=""http://hl7.org/fhir"">
  <coding>
    <system value=""https://elga.moped.at/CodeSystem/ClaimSupportingInformationCategoryCS""/>
    <code value=""FREVER""/>
  </coding>
</valueCodeableConcept>","","","",,"example","The valuset used for additional information category codes.","http://hl7.org/fhir/ValueSet/claim-informationcategory|5.0.0","",,,,"Claim.supportingInfo.category",1,1,"","ele-1:All FHIR elements must have a @value or children {hasValue() or (children().count() > id.count())}
"
"Claim.supportingInfo:VerdachtFremdverschulden.code","Claim.supportingInfo.code","","","",0,1,"","","","CodeableConcept {[]} {[]}
","Type of information","System and code pertaining to the specific information regarding special conditions relating to the setting, treatment or patient  for which care is sought.","","Required to identify the kind of additional information.","","","","","","","",,"example","The valuset used for additional information codes.","http://hl7.org/fhir/ValueSet/claim-exception|5.0.0","",,,,"Claim.supportingInfo.code",0,1,"","ele-1:All FHIR elements must have a @value or children {hasValue() or (children().count() > id.count())}
"
"Claim.supportingInfo:VerdachtFremdverschulden.code.id","Claim.supportingInfo.code.id","","","",0,1,"","","","id {[]} {[]}
","Unique id for inter-element referencing","Unique id for the element within a resource (for internal references). This may be any string value that does not contain spaces.","","","","","","","","","",,,,,"",,,,"Element.id",0,1,"ele-1
",""
"Claim.supportingInfo:VerdachtFremdverschulden.code.extension","Claim.supportingInfo.code.extension","","extensions
user content","",0,*,"","","","Extension {[]} {[]}
","Additional content defined by implementations","May be used to represent additional information that is not part of the basic definition of the element. To make the use of extensions safe and managable, there is a strict set of governance applied to the definition and use of extensions. Though any implementer can define an extension, there is a set of requirements that SHALL be met as part of the definition of the extension.","There can be no stigma associated with the use of extensions by any application, project, or standard - regardless of the institution or jurisdiction that uses or defines the extensions.  The use of extensions is what allows the FHIR specification to retain a core level of simplicity for everyone.","","","","","","","","",,,,,"","value:url}
","Extensions are always sliced by (at least) url",,"open","Element.extension",0,*,"","ele-1:All FHIR elements must have a @value or children {hasValue() or (children().count() > id.count())}
ext-1:Must have either extensions or value[x], not both {extension.exists() != value.exists()}"
"Claim.supportingInfo:VerdachtFremdverschulden.code.coding","Claim.supportingInfo.code.coding","","","",0,*,"","","Y","Coding {[]} {[]}
","Code defined by a terminology system","A reference to a code defined by a terminology system.","Codes may be defined very casually in enumerations, or code lists, up to very formal definitions such as SNOMED CT - see the HL7 v3 Core Principles for more information.  Ordering of codings is undefined and SHALL NOT be used to infer meaning. Generally, at most only one of the coding values will be labeled as UserSelected = true.","Allows for alternative encodings within a code system, and translations to other code systems.","","","","","","","",,"required","","https://elga.moped.at/ValueSet/VAESupportingInformationCategoryVS","",,,,"CodeableConcept.coding",0,*,"","ele-1:All FHIR elements must have a @value or children {hasValue() or (children().count() > id.count())}
"
"Claim.supportingInfo:VerdachtFremdverschulden.code.text","Claim.supportingInfo.code.text","","","",0,1,"","","Y","string {[]} {[]}
","Plain text representation of the concept","A human language representation of the concept as seen/selected/uttered by the user who entered the data and/or which represents the intended meaning of the user.","Very often the text is the same as a displayName of one of the codings.","The codes from the terminologies do not always capture the correct meaning with all the nuances of the human using them, or sometimes there is no appropriate code at all. In these cases, the text is used to capture the full meaning of the source.","","","","","","","",,,,,"",,,,"CodeableConcept.text",0,1,"","ele-1:All FHIR elements must have a @value or children {hasValue() or (children().count() > id.count())}
"
"Claim.supportingInfo:VerdachtFremdverschulden.timing[x]","Claim.supportingInfo.timing[x]","","","",0,1,"","","","date {[]} {[]}
Period {[]} {[]}","When it occurred","The date when or period to which this information refers.","","","","","","","","","",,,,,"",,,,"Claim.supportingInfo.timing[x]",0,1,"","ele-1:All FHIR elements must have a @value or children {hasValue() or (children().count() > id.count())}
"
"Claim.supportingInfo:VerdachtFremdverschulden.value[x]","Claim.supportingInfo.value[x]","","","",1,1,"","","","boolean {[]} {[]}
","KaOrg: Fremdverschulden","Additional data or information such as resources, documents, images etc. including references to the data or the actual inclusion of the data.","Could be used to provide references to other resources, document. For example could contain a PDF in an Attachment of the Police Report for an Accident.","To convey the data content to be provided when the information is more than a simple code or period.","","","","","","","",,,,,"",,,,"Claim.supportingInfo.value[x]",0,1,"","ele-1:All FHIR elements must have a @value or children {hasValue() or (children().count() > id.count())}
","Fremdverschulden"
"Claim.supportingInfo:VerdachtFremdverschulden.reason","Claim.supportingInfo.reason","","","",0,1,"","","","CodeableConcept {[]} {[]}
","Explanation for the information","Provides the reason in the situation where a reason code is required in addition to the content.","For example: the reason for the additional stay, or why a tooth is  missing.","Needed when the supporting information has both a date and amount/value and requires explanation.","","","","","","","",,"example","Reason codes for the missing teeth.","http://hl7.org/fhir/ValueSet/missing-tooth-reason|5.0.0","",,,,"Claim.supportingInfo.reason",0,1,"","ele-1:All FHIR elements must have a @value or children {hasValue() or (children().count() > id.count())}
"
"Claim.supportingInfo:Verlaengerungstage","Claim.supportingInfo","Verlaengerungstage","Attachments
Exception Codes
Occurrence Codes
Value codes
","",0,1,"","","","BackboneElement {[]} {[]}
","Supporting information","Additional information codes regarding exceptions, special considerations, the condition, situation, prior or concurrent issues.","Often there are multiple jurisdiction specific valuesets which are required.","Typically these information codes are required to support the services rendered or the adjudication of the services rendered.","","","","","","","",,,,,"",,,,"Claim.supportingInfo",0,*,"","ele-1:All FHIR elements must have a @value or children {hasValue() or (children().count() > id.count())}
"
"Claim.supportingInfo:Verlaengerungstage.id","Claim.supportingInfo.id","","","",0,1,"","","","string {[]} {[]}
","Unique id for inter-element referencing","Unique id for the element within a resource (for internal references). This may be any string value that does not contain spaces.","","","","","","","","","",,,,,"",,,,"Element.id",0,1,"ele-1
",""
"Claim.supportingInfo:Verlaengerungstage.extension","Claim.supportingInfo.extension","","extensions
user content","",0,*,"","","","Extension {[]} {[]}
","Additional content defined by implementations","May be used to represent additional information that is not part of the basic definition of the element. To make the use of extensions safe and managable, there is a strict set of governance applied to the definition and use of extensions. Though any implementer can define an extension, there is a set of requirements that SHALL be met as part of the definition of the extension.","There can be no stigma associated with the use of extensions by any application, project, or standard - regardless of the institution or jurisdiction that uses or defines the extensions.  The use of extensions is what allows the FHIR specification to retain a core level of simplicity for everyone.","","","","","","","","",,,,,"",,,,"Element.extension",0,*,"","ele-1:All FHIR elements must have a @value or children {hasValue() or (children().count() > id.count())}
ext-1:Must have either extensions or value[x], not both {extension.exists() != value.exists()}"
"Claim.supportingInfo:Verlaengerungstage.modifierExtension","Claim.supportingInfo.modifierExtension","","extensions
user contentmodifiers","",0,*,"","Y","Y","Extension {[]} {[]}
","Extensions that cannot be ignored even if unrecognized","May be used to represent additional information that is not part of the basic definition of the element and that modifies the understanding of the element in which it is contained and/or the understanding of the containing element's descendants. Usually modifier elements provide negation or qualification. To make the use of extensions safe and managable, there is a strict set of governance applied to the definition and use of extensions. Though any implementer can define an extension, there is a set of requirements that SHALL be met as part of the definition of the extension. Applications processing a resource are required to check for modifier extensions.

Modifier extensions SHALL NOT change the meaning of any elements on Resource or DomainResource (including cannot change the meaning of modifierExtension itself).","There can be no stigma associated with the use of extensions by any application, project, or standard - regardless of the institution or jurisdiction that uses or defines the extensions.  The use of extensions is what allows the FHIR specification to retain a core level of simplicity for everyone.","Modifier extensions allow for extensions that *cannot* be safely ignored to be clearly distinguished from the vast majority of extensions which can be safely ignored.  This promotes interoperability by eliminating the need for implementers to prohibit the presence of extensions. For further information, see the [definition of modifier extensions](http://hl7.org/fhir/R5/extensibility.html#modifierExtension).","","","","","","","",,,,,"",,,,"BackboneElement.modifierExtension",0,*,"","ele-1:All FHIR elements must have a @value or children {hasValue() or (children().count() > id.count())}
ext-1:Must have either extensions or value[x], not both {extension.exists() != value.exists()}"
"Claim.supportingInfo:Verlaengerungstage.sequence","Claim.supportingInfo.sequence","","","",1,1,"","","","positiveInt {[]} {[]}
","Information instance identifier","A number to uniquely identify supporting information entries.","","Necessary to maintain the order of the supporting information items and provide a mechanism to link to claim details.","","","","","","","",,,,,"",,,,"Claim.supportingInfo.sequence",1,1,"","ele-1:All FHIR elements must have a @value or children {hasValue() or (children().count() > id.count())}
"
"Claim.supportingInfo:Verlaengerungstage.category","Claim.supportingInfo.category","","","",1,1,"","","","CodeableConcept {[]} {[]}
","Classification of the supplied information","The general class of the information supplied: information; exception; accident, employment; onset, etc.","This may contain a category for the local bill type codes.","Required to group or associate information items with common characteristics. For example: admission information or prior treatments.","","","","<valueCodeableConcept xmlns=""http://hl7.org/fhir"">
  <coding>
    <system value=""https://elga.moped.at/CodeSystem/ClaimSupportingInformationCategoryCS""/>
    <code value=""VERLAENG""/>
  </coding>
</valueCodeableConcept>","","","",,"example","The valuset used for additional information category codes.","http://hl7.org/fhir/ValueSet/claim-informationcategory|5.0.0","",,,,"Claim.supportingInfo.category",1,1,"","ele-1:All FHIR elements must have a @value or children {hasValue() or (children().count() > id.count())}
"
"Claim.supportingInfo:Verlaengerungstage.code","Claim.supportingInfo.code","","","",0,1,"","","","CodeableConcept {[]} {[]}
","Type of information","System and code pertaining to the specific information regarding special conditions relating to the setting, treatment or patient  for which care is sought.","","Required to identify the kind of additional information.","","","","","","","",,"example","The valuset used for additional information codes.","http://hl7.org/fhir/ValueSet/claim-exception|5.0.0","",,,,"Claim.supportingInfo.code",0,1,"","ele-1:All FHIR elements must have a @value or children {hasValue() or (children().count() > id.count())}
"
"Claim.supportingInfo:Verlaengerungstage.code.id","Claim.supportingInfo.code.id","","","",0,1,"","","","id {[]} {[]}
","Unique id for inter-element referencing","Unique id for the element within a resource (for internal references). This may be any string value that does not contain spaces.","","","","","","","","","",,,,,"",,,,"Element.id",0,1,"ele-1
",""
"Claim.supportingInfo:Verlaengerungstage.code.extension","Claim.supportingInfo.code.extension","","extensions
user content","",0,*,"","","","Extension {[]} {[]}
","Additional content defined by implementations","May be used to represent additional information that is not part of the basic definition of the element. To make the use of extensions safe and managable, there is a strict set of governance applied to the definition and use of extensions. Though any implementer can define an extension, there is a set of requirements that SHALL be met as part of the definition of the extension.","There can be no stigma associated with the use of extensions by any application, project, or standard - regardless of the institution or jurisdiction that uses or defines the extensions.  The use of extensions is what allows the FHIR specification to retain a core level of simplicity for everyone.","","","","","","","","",,,,,"","value:url}
","Extensions are always sliced by (at least) url",,"open","Element.extension",0,*,"","ele-1:All FHIR elements must have a @value or children {hasValue() or (children().count() > id.count())}
ext-1:Must have either extensions or value[x], not both {extension.exists() != value.exists()}"
"Claim.supportingInfo:Verlaengerungstage.code.coding","Claim.supportingInfo.code.coding","","","",0,*,"","","Y","Coding {[]} {[]}
","Code defined by a terminology system","A reference to a code defined by a terminology system.","Codes may be defined very casually in enumerations, or code lists, up to very formal definitions such as SNOMED CT - see the HL7 v3 Core Principles for more information.  Ordering of codings is undefined and SHALL NOT be used to infer meaning. Generally, at most only one of the coding values will be labeled as UserSelected = true.","Allows for alternative encodings within a code system, and translations to other code systems.","","","","","","","",,"required","","https://elga.moped.at/ValueSet/VAESupportingInformationCategoryVS","",,,,"CodeableConcept.coding",0,*,"","ele-1:All FHIR elements must have a @value or children {hasValue() or (children().count() > id.count())}
"
"Claim.supportingInfo:Verlaengerungstage.code.text","Claim.supportingInfo.code.text","","","",0,1,"","","Y","string {[]} {[]}
","Plain text representation of the concept","A human language representation of the concept as seen/selected/uttered by the user who entered the data and/or which represents the intended meaning of the user.","Very often the text is the same as a displayName of one of the codings.","The codes from the terminologies do not always capture the correct meaning with all the nuances of the human using them, or sometimes there is no appropriate code at all. In these cases, the text is used to capture the full meaning of the source.","","","","","","","",,,,,"",,,,"CodeableConcept.text",0,1,"","ele-1:All FHIR elements must have a @value or children {hasValue() or (children().count() > id.count())}
"
"Claim.supportingInfo:Verlaengerungstage.timing[x]","Claim.supportingInfo.timing[x]","","","",0,1,"","","","date {[]} {[]}
Period {[]} {[]}","When it occurred","The date when or period to which this information refers.","","","","","","","","","",,,,,"",,,,"Claim.supportingInfo.timing[x]",0,1,"","ele-1:All FHIR elements must have a @value or children {hasValue() or (children().count() > id.count())}
"
"Claim.supportingInfo:Verlaengerungstage.value[x]","Claim.supportingInfo.value[x]","","","",0,1,"","","","boolean {[]} {[]}
string {[]} {[]}Quantity {[]} {[]}Attachment {[]} {[]}Reference {[]} {[CanonicalType[http://hl7.org/fhir/StructureDefinition/Resource|5.0.0]]}Identifier {[]} {[]}","Data to be provided","Additional data or information such as resources, documents, images etc. including references to the data or the actual inclusion of the data.","Could be used to provide references to other resources, document. For example could contain a PDF in an Attachment of the Police Report for an Accident.","To convey the data content to be provided when the information is more than a simple code or period.","","","","","","","",,,,,"","type:$this}
","",,"open","Claim.supportingInfo.value[x]",0,1,"","ele-1:All FHIR elements must have a @value or children {hasValue() or (children().count() > id.count())}
"
"Claim.supportingInfo:Verlaengerungstage.value[x]:valueQuantity","Claim.supportingInfo.value[x]","valueQuantity","","",0,1,"","","","Quantity {[]} {[]}
","Data to be provided","Additional data or information such as resources, documents, images etc. including references to the data or the actual inclusion of the data.","Could be used to provide references to other resources, document. For example could contain a PDF in an Attachment of the Police Report for an Accident.","To convey the data content to be provided when the information is more than a simple code or period.","","","","","","","",,,,,"",,,,"Claim.supportingInfo.value[x]",0,1,"","ele-1:All FHIR elements must have a @value or children {hasValue() or (children().count() > id.count())}
"
"Claim.supportingInfo:Verlaengerungstage.value[x]:valueQuantity.id","Claim.supportingInfo.value[x].id","","","",0,1,"","","","id {[]} {[]}
","Unique id for inter-element referencing","Unique id for the element within a resource (for internal references). This may be any string value that does not contain spaces.","","","","","","","","","",,,,,"",,,,"Element.id",0,1,"ele-1
",""
"Claim.supportingInfo:Verlaengerungstage.value[x]:valueQuantity.extension","Claim.supportingInfo.value[x].extension","","extensions
user content","",0,*,"","","","Extension {[]} {[]}
","Additional content defined by implementations","May be used to represent additional information that is not part of the basic definition of the element. To make the use of extensions safe and managable, there is a strict set of governance applied to the definition and use of extensions. Though any implementer can define an extension, there is a set of requirements that SHALL be met as part of the definition of the extension.","There can be no stigma associated with the use of extensions by any application, project, or standard - regardless of the institution or jurisdiction that uses or defines the extensions.  The use of extensions is what allows the FHIR specification to retain a core level of simplicity for everyone.","","","","","","","","",,,,,"","value:url}
","Extensions are always sliced by (at least) url",,"open","Element.extension",0,*,"","ele-1:All FHIR elements must have a @value or children {hasValue() or (children().count() > id.count())}
ext-1:Must have either extensions or value[x], not both {extension.exists() != value.exists()}"
"Claim.supportingInfo:Verlaengerungstage.value[x]:valueQuantity.value","Claim.supportingInfo.value[x].value","","","",1,1,"","","Y","decimal {[]} {[]}
","KaOrg: Anzahl der Verlängerungstage","The value of the measured amount. The value includes an implicit precision in the presentation of the value.","The implicit precision in the value should always be honored. Monetary values have their own rules for handling precision (refer to standard accounting text books).","Precision is handled implicitly in almost all cases of measurement.","","","","","","","",,,,,"",,,,"Quantity.value",0,1,"","ele-1:All FHIR elements must have a @value or children {hasValue() or (children().count() > id.count())}
","Anzahl der Verlängerungstage"
"Claim.supportingInfo:Verlaengerungstage.value[x]:valueQuantity.comparator","Claim.supportingInfo.value[x].comparator","","","",0,1,"","Y","Y","code {[]} {[]}
","< | <= | >= | > | ad - how to understand the value","How the value should be understood and represented - whether the actual value is greater or less than the stated value due to measurement issues; e.g. if the comparator is ""<"" , then the real value is < stated value.","","Need a framework for handling measures where the value is <5ug/L or >400mg/L due to the limitations of measuring methodology.","","If there is no comparator, then there is no modification of the value","","","","","",,"required","How the Quantity should be understood and represented.","http://hl7.org/fhir/ValueSet/quantity-comparator|5.0.0","",,,,"Quantity.comparator",0,1,"","ele-1:All FHIR elements must have a @value or children {hasValue() or (children().count() > id.count())}
"
"Claim.supportingInfo:Verlaengerungstage.value[x]:valueQuantity.unit","Claim.supportingInfo.value[x].unit","","","",0,1,"","","Y","string {[]} {[]}
","Unit representation","A human-readable form of the unit.","","There are many representations for units of measure and in many contexts, particular representations are fixed and required. I.e. mcg for micrograms.","","","","<valueString xmlns=""http://hl7.org/fhir"" value=""day""/>","","","",,,,,"",,,,"Quantity.unit",0,1,"","ele-1:All FHIR elements must have a @value or children {hasValue() or (children().count() > id.count())}
"
"Claim.supportingInfo:Verlaengerungstage.value[x]:valueQuantity.system","Claim.supportingInfo.value[x].system","","","",0,1,"","","Y","uri {[]} {[]}
","System that defines coded unit form","The identification of the system that provides the coded form of the unit.","","Need to know the system that defines the coded form of the unit.","","","","<valueUri xmlns=""http://hl7.org/fhir"" value=""http://unitsofmeasure.org""/>","","","",,,,,"",,,,"Quantity.system",0,1,"qty-3
","ele-1:All FHIR elements must have a @value or children {hasValue() or (children().count() > id.count())}
"
"Claim.supportingInfo:Verlaengerungstage.value[x]:valueQuantity.code","Claim.supportingInfo.value[x].code","","","",0,1,"","","Y","code {[]} {[]}
","Coded form of the unit","A computer processable form of the unit in some unit representation system.","The preferred system is UCUM, but SNOMED CT can also be used (for customary units) or ISO 4217 for currency.  The context of use may additionally require a code from a particular system.","Need a computable form of the unit that is fixed across all forms. UCUM provides this for quantities, but SNOMED CT provides many units of interest.","","","","<valueCode xmlns=""http://hl7.org/fhir"" value=""d""/>","","","",,,,,"",,,,"Quantity.code",0,1,"qty-3
","ele-1:All FHIR elements must have a @value or children {hasValue() or (children().count() > id.count())}
"
"Claim.supportingInfo:Verlaengerungstage.reason","Claim.supportingInfo.reason","","","",0,1,"","","","CodeableConcept {[]} {[]}
","Explanation for the information","Provides the reason in the situation where a reason code is required in addition to the content.","For example: the reason for the additional stay, or why a tooth is  missing.","Needed when the supporting information has both a date and amount/value and requires explanation.","","","","","","","",,"example","Reason codes for the missing teeth.","http://hl7.org/fhir/ValueSet/missing-tooth-reason|5.0.0","",,,,"Claim.supportingInfo.reason",0,1,"","ele-1:All FHIR elements must have a @value or children {hasValue() or (children().count() > id.count())}
"
"Claim.diagnosis","Claim.diagnosis","","","",0,*,"","","","BackboneElement {[]} {[]}
","Pertinent diagnosis information","Information about diagnoses relevant to the claim items.","","Required for the adjudication by provided context for the services and product listed.","","","","","","","",,,,,"",,,,"Claim.diagnosis",0,*,"","ele-1:All FHIR elements must have a @value or children {hasValue() or (children().count() > id.count())}
"
"Claim.diagnosis.id","Claim.diagnosis.id","","","",0,1,"","","","string {[]} {[]}
","Unique id for inter-element referencing","Unique id for the element within a resource (for internal references). This may be any string value that does not contain spaces.","","","","","","","","","",,,,,"",,,,"Element.id",0,1,"ele-1
",""
"Claim.diagnosis.extension","Claim.diagnosis.extension","","extensions
user content","",0,*,"","","","Extension {[]} {[]}
","Additional content defined by implementations","May be used to represent additional information that is not part of the basic definition of the element. To make the use of extensions safe and managable, there is a strict set of governance applied to the definition and use of extensions. Though any implementer can define an extension, there is a set of requirements that SHALL be met as part of the definition of the extension.","There can be no stigma associated with the use of extensions by any application, project, or standard - regardless of the institution or jurisdiction that uses or defines the extensions.  The use of extensions is what allows the FHIR specification to retain a core level of simplicity for everyone.","","","","","","","","",,,,,"",,,,"Element.extension",0,*,"","ele-1:All FHIR elements must have a @value or children {hasValue() or (children().count() > id.count())}
ext-1:Must have either extensions or value[x], not both {extension.exists() != value.exists()}"
"Claim.diagnosis.modifierExtension","Claim.diagnosis.modifierExtension","","extensions
user contentmodifiers","",0,*,"","Y","Y","Extension {[]} {[]}
","Extensions that cannot be ignored even if unrecognized","May be used to represent additional information that is not part of the basic definition of the element and that modifies the understanding of the element in which it is contained and/or the understanding of the containing element's descendants. Usually modifier elements provide negation or qualification. To make the use of extensions safe and managable, there is a strict set of governance applied to the definition and use of extensions. Though any implementer can define an extension, there is a set of requirements that SHALL be met as part of the definition of the extension. Applications processing a resource are required to check for modifier extensions.

Modifier extensions SHALL NOT change the meaning of any elements on Resource or DomainResource (including cannot change the meaning of modifierExtension itself).","There can be no stigma associated with the use of extensions by any application, project, or standard - regardless of the institution or jurisdiction that uses or defines the extensions.  The use of extensions is what allows the FHIR specification to retain a core level of simplicity for everyone.","Modifier extensions allow for extensions that *cannot* be safely ignored to be clearly distinguished from the vast majority of extensions which can be safely ignored.  This promotes interoperability by eliminating the need for implementers to prohibit the presence of extensions. For further information, see the [definition of modifier extensions](http://hl7.org/fhir/R5/extensibility.html#modifierExtension).","","","","","","","",,,,,"",,,,"BackboneElement.modifierExtension",0,*,"","ele-1:All FHIR elements must have a @value or children {hasValue() or (children().count() > id.count())}
ext-1:Must have either extensions or value[x], not both {extension.exists() != value.exists()}"
"Claim.diagnosis.sequence","Claim.diagnosis.sequence","","","",1,1,"","","","positiveInt {[]} {[]}
","Diagnosis instance identifier","A number to uniquely identify diagnosis entries.","Diagnosis are presented in list order to their expected importance: primary, secondary, etc.","Necessary to maintain the order of the diagnosis items and provide a mechanism to link to claim details.","","","","","","","",,,,,"",,,,"Claim.diagnosis.sequence",1,1,"","ele-1:All FHIR elements must have a @value or children {hasValue() or (children().count() > id.count())}
"
"Claim.diagnosis.diagnosis[x]","Claim.diagnosis.diagnosis[x]","","","",1,1,"","","","Reference {[]} {[CanonicalType[https://elga.moped.at/StructureDefinition/at-moped-condition-basis]]}
","Nature of illness or problem","The nature of illness or problem in a coded form or as a reference to an external defined Condition.","","Provides health context for the evaluation of the products and/or services.","","","","","","","",,,,,"",,,,"Claim.diagnosis.diagnosis[x]",1,1,"","ele-1:All FHIR elements must have a @value or children {hasValue() or (children().count() > id.count())}
"
"Claim.diagnosis.type","Claim.diagnosis.type","","","",0,*,"","","","CodeableConcept {[]} {[]}
","Timing or nature of the diagnosis","When the condition was observed or the relative ranking.","For example: admitting, primary, secondary, discharge.","Often required to capture a particular diagnosis, for example: primary or discharge.","","","","","","","",,"example","The type of the diagnosis: admitting, principal, discharge.","http://hl7.org/fhir/ValueSet/ex-diagnosistype|5.0.0","",,,,"Claim.diagnosis.type",0,*,"","ele-1:All FHIR elements must have a @value or children {hasValue() or (children().count() > id.count())}
"
"Claim.diagnosis.onAdmission","Claim.diagnosis.onAdmission","","","",0,1,"","","","CodeableConcept {[]} {[]}
","Present on admission","Indication of whether the diagnosis was present on admission to a facility.","","Many systems need to understand for adjudication if the diagnosis was present a time of admission.","","","","","","","",,"example","Present on admission.","http://hl7.org/fhir/ValueSet/ex-diagnosis-on-admission|5.0.0","",,,,"Claim.diagnosis.onAdmission",0,1,"","ele-1:All FHIR elements must have a @value or children {hasValue() or (children().count() > id.count())}
"
"Claim.procedure","Claim.procedure","","","",0,*,"","","","BackboneElement {[]} {[]}
","Clinical procedures performed","Procedures performed on the patient relevant to the billing items with the claim.","","The specific clinical invention are sometimes required to be provided to justify billing a greater than customary amount for a service.","","","","","","","",,,,,"",,,,"Claim.procedure",0,*,"","ele-1:All FHIR elements must have a @value or children {hasValue() or (children().count() > id.count())}
"
"Claim.procedure.id","Claim.procedure.id","","","",0,1,"","","","string {[]} {[]}
","Unique id for inter-element referencing","Unique id for the element within a resource (for internal references). This may be any string value that does not contain spaces.","","","","","","","","","",,,,,"",,,,"Element.id",0,1,"ele-1
",""
"Claim.procedure.extension","Claim.procedure.extension","","extensions
user content","",0,*,"","","","Extension {[]} {[]}
","Additional content defined by implementations","May be used to represent additional information that is not part of the basic definition of the element. To make the use of extensions safe and managable, there is a strict set of governance applied to the definition and use of extensions. Though any implementer can define an extension, there is a set of requirements that SHALL be met as part of the definition of the extension.","There can be no stigma associated with the use of extensions by any application, project, or standard - regardless of the institution or jurisdiction that uses or defines the extensions.  The use of extensions is what allows the FHIR specification to retain a core level of simplicity for everyone.","","","","","","","","",,,,,"",,,,"Element.extension",0,*,"","ele-1:All FHIR elements must have a @value or children {hasValue() or (children().count() > id.count())}
ext-1:Must have either extensions or value[x], not both {extension.exists() != value.exists()}"
"Claim.procedure.modifierExtension","Claim.procedure.modifierExtension","","extensions
user contentmodifiers","",0,*,"","Y","Y","Extension {[]} {[]}
","Extensions that cannot be ignored even if unrecognized","May be used to represent additional information that is not part of the basic definition of the element and that modifies the understanding of the element in which it is contained and/or the understanding of the containing element's descendants. Usually modifier elements provide negation or qualification. To make the use of extensions safe and managable, there is a strict set of governance applied to the definition and use of extensions. Though any implementer can define an extension, there is a set of requirements that SHALL be met as part of the definition of the extension. Applications processing a resource are required to check for modifier extensions.

Modifier extensions SHALL NOT change the meaning of any elements on Resource or DomainResource (including cannot change the meaning of modifierExtension itself).","There can be no stigma associated with the use of extensions by any application, project, or standard - regardless of the institution or jurisdiction that uses or defines the extensions.  The use of extensions is what allows the FHIR specification to retain a core level of simplicity for everyone.","Modifier extensions allow for extensions that *cannot* be safely ignored to be clearly distinguished from the vast majority of extensions which can be safely ignored.  This promotes interoperability by eliminating the need for implementers to prohibit the presence of extensions. For further information, see the [definition of modifier extensions](http://hl7.org/fhir/R5/extensibility.html#modifierExtension).","","","","","","","",,,,,"",,,,"BackboneElement.modifierExtension",0,*,"","ele-1:All FHIR elements must have a @value or children {hasValue() or (children().count() > id.count())}
ext-1:Must have either extensions or value[x], not both {extension.exists() != value.exists()}"
"Claim.procedure.sequence","Claim.procedure.sequence","","","",1,1,"","","","positiveInt {[]} {[]}
","Procedure instance identifier","A number to uniquely identify procedure entries.","","Necessary to provide a mechanism to link to claim details.","","","","","","","",,,,,"",,,,"Claim.procedure.sequence",1,1,"","ele-1:All FHIR elements must have a @value or children {hasValue() or (children().count() > id.count())}
"
"Claim.procedure.type","Claim.procedure.type","","","",0,*,"","","","CodeableConcept {[]} {[]}
","Category of Procedure","When the condition was observed or the relative ranking.","For example: primary, secondary.","Often required to capture a particular diagnosis, for example: primary or discharge.","","","","","","","",,"example","Example procedure type codes.","http://hl7.org/fhir/ValueSet/ex-procedure-type|5.0.0","",,,,"Claim.procedure.type",0,*,"","ele-1:All FHIR elements must have a @value or children {hasValue() or (children().count() > id.count())}
"
"Claim.procedure.date","Claim.procedure.date","","","",0,1,"","","","dateTime {[]} {[]}
","When the procedure was performed","Date and optionally time the procedure was performed.","","Required for auditing purposes.","","","","","","","",,,,,"",,,,"Claim.procedure.date",0,1,"","ele-1:All FHIR elements must have a @value or children {hasValue() or (children().count() > id.count())}
"
"Claim.procedure.procedure[x]","Claim.procedure.procedure[x]","","","",1,1,"","","","CodeableConcept {[]} {[]}
Reference {[]} {[CanonicalType[http://hl7.org/fhir/StructureDefinition/Procedure|5.0.0]]}","Specific clinical procedure","The code or reference to a Procedure resource which identifies the clinical intervention performed.","","This identifies the actual clinical procedure.","","","","","","","",,"example","Example ICD10 Procedure codes.","http://hl7.org/fhir/ValueSet/icd-10-procedures|5.0.0","",,,,"Claim.procedure.procedure[x]",1,1,"","ele-1:All FHIR elements must have a @value or children {hasValue() or (children().count() > id.count())}
"
"Claim.procedure.udi","Claim.procedure.udi","","","",0,*,"","","","Reference {[]} {[CanonicalType[http://hl7.org/fhir/StructureDefinition/Device|5.0.0]]}
","Unique device identifier","Unique Device Identifiers associated with this line item.","","The UDI code allows the insurer to obtain device level information on the product supplied.","","","","","","","",,,,,"",,,,"Claim.procedure.udi",0,*,"","ele-1:All FHIR elements must have a @value or children {hasValue() or (children().count() > id.count())}
"
"Claim.insurance","Claim.insurance","","","",0,*,"","","Y","BackboneElement {[]} {[]}
","Patient insurance information","Financial instruments for reimbursement for the health care products and services specified on the claim.","All insurance coverages for the patient which may be applicable for reimbursement, of the products and services listed in the claim, are typically provided in the claim to allow insurers to confirm the ordering of the insurance coverages relative to local 'coordination of benefit' rules. One coverage (and only one) with 'focal=true' is to be used in the adjudication of this claim. Coverages appearing before the focal Coverage in the list, and where 'Coverage.subrogation=false', should provide a reference to the ClaimResponse containing the adjudication results of the prior claim.","At least one insurer is required for a claim to be a claim.","","","","","","","",,,,,"",,,,"Claim.insurance",0,*,"","ele-1:All FHIR elements must have a @value or children {hasValue() or (children().count() > id.count())}
"
"Claim.insurance.id","Claim.insurance.id","","","",0,1,"","","","string {[]} {[]}
","Unique id for inter-element referencing","Unique id for the element within a resource (for internal references). This may be any string value that does not contain spaces.","","","","","","","","","",,,,,"",,,,"Element.id",0,1,"ele-1
",""
"Claim.insurance.extension","Claim.insurance.extension","","extensions
user content","",0,*,"","","","Extension {[]} {[]}
","Additional content defined by implementations","May be used to represent additional information that is not part of the basic definition of the element. To make the use of extensions safe and managable, there is a strict set of governance applied to the definition and use of extensions. Though any implementer can define an extension, there is a set of requirements that SHALL be met as part of the definition of the extension.","There can be no stigma associated with the use of extensions by any application, project, or standard - regardless of the institution or jurisdiction that uses or defines the extensions.  The use of extensions is what allows the FHIR specification to retain a core level of simplicity for everyone.","","","","","","","","",,,,,"",,,,"Element.extension",0,*,"","ele-1:All FHIR elements must have a @value or children {hasValue() or (children().count() > id.count())}
ext-1:Must have either extensions or value[x], not both {extension.exists() != value.exists()}"
"Claim.insurance.modifierExtension","Claim.insurance.modifierExtension","","extensions
user contentmodifiers","",0,*,"","Y","Y","Extension {[]} {[]}
","Extensions that cannot be ignored even if unrecognized","May be used to represent additional information that is not part of the basic definition of the element and that modifies the understanding of the element in which it is contained and/or the understanding of the containing element's descendants. Usually modifier elements provide negation or qualification. To make the use of extensions safe and managable, there is a strict set of governance applied to the definition and use of extensions. Though any implementer can define an extension, there is a set of requirements that SHALL be met as part of the definition of the extension. Applications processing a resource are required to check for modifier extensions.

Modifier extensions SHALL NOT change the meaning of any elements on Resource or DomainResource (including cannot change the meaning of modifierExtension itself).","There can be no stigma associated with the use of extensions by any application, project, or standard - regardless of the institution or jurisdiction that uses or defines the extensions.  The use of extensions is what allows the FHIR specification to retain a core level of simplicity for everyone.","Modifier extensions allow for extensions that *cannot* be safely ignored to be clearly distinguished from the vast majority of extensions which can be safely ignored.  This promotes interoperability by eliminating the need for implementers to prohibit the presence of extensions. For further information, see the [definition of modifier extensions](http://hl7.org/fhir/R5/extensibility.html#modifierExtension).","","","","","","","",,,,,"",,,,"BackboneElement.modifierExtension",0,*,"","ele-1:All FHIR elements must have a @value or children {hasValue() or (children().count() > id.count())}
ext-1:Must have either extensions or value[x], not both {extension.exists() != value.exists()}"
"Claim.insurance.sequence","Claim.insurance.sequence","","","",1,1,"","","Y","positiveInt {[]} {[]}
","Insurance instance identifier","A number to uniquely identify insurance entries and provide a sequence of coverages to convey coordination of benefit order.","","To maintain order of the coverages.","","","","","","","",,,,,"",,,,"Claim.insurance.sequence",1,1,"","ele-1:All FHIR elements must have a @value or children {hasValue() or (children().count() > id.count())}
"
"Claim.insurance.focal","Claim.insurance.focal","","","",1,1,"","","Y","boolean {[]} {[]}
","Coverage to be used for adjudication","A flag to indicate that this Coverage is to be used for adjudication of this claim when set to true.","A patient may (will) have multiple insurance policies which provide reimbursement for healthcare services and products. For example a person may also be covered by their spouse's policy and both appear in the list (and may be from the same insurer). This flag will be set to true for only one of the listed policies and that policy will be used for adjudicating this claim. Other claims would be created to request adjudication against the other listed policies.","To identify which coverage in the list is being used to adjudicate this claim.","","","","","","","",,,,,"",,,,"Claim.insurance.focal",1,1,"","ele-1:All FHIR elements must have a @value or children {hasValue() or (children().count() > id.count())}
"
"Claim.insurance.identifier","Claim.insurance.identifier","","","",0,1,"","","","Identifier {[]} {[]}
","Pre-assigned Claim number","The business identifier to be used when the claim is sent for adjudication against this insurance policy.","Only required in jurisdictions where insurers, rather than the provider, are required to send claims to  insurers that appear after them in the list. This element is not required when 'subrogation=true'.","This will be the claim number should it be necessary to create this claim in the future. This is provided so that payors may forward claims to other payors in the Coordination of Benefit for adjudication rather than the provider being required to initiate each adjudication.","","","","","","","",,,,,"",,,,"Claim.insurance.identifier",0,1,"","ele-1:All FHIR elements must have a @value or children {hasValue() or (children().count() > id.count())}
"
"Claim.insurance.coverage","Claim.insurance.coverage","","","",1,1,"","","Y","Reference {[]} {[CanonicalType[https://elga.moped.at/StructureDefinition/at-moped-coverage-versicherter-basis]]}
","Insurance information","Reference to the insurance card level information contained in the Coverage resource. The coverage issuing insurer will use these details to locate the patient's actual coverage within the insurer's information system.","","Required to allow the adjudicator to locate the correct policy and history within their information system.","","","","","","","",,,,,"",,,,"Claim.insurance.coverage",1,1,"","ele-1:All FHIR elements must have a @value or children {hasValue() or (children().count() > id.count())}
"
"Claim.insurance.businessArrangement","Claim.insurance.businessArrangement","","","",0,1,"","","","string {[]} {[]}
","Additional provider contract number","A business agreement number established between the provider and the insurer for special business processing purposes.","","Providers may have multiple business arrangements with a given insurer and must supply the specific contract number for adjudication.","","","","","","","",,,,,"",,,,"Claim.insurance.businessArrangement",0,1,"","ele-1:All FHIR elements must have a @value or children {hasValue() or (children().count() > id.count())}
"
"Claim.insurance.preAuthRef","Claim.insurance.preAuthRef","","","",0,*,"","","","string {[]} {[]}
","Prior authorization reference number","Reference numbers previously provided by the insurer to the provider to be quoted on subsequent claims containing services or products related to the prior authorization.","This value is an alphanumeric string that may be provided over the phone, via text, via paper, or within a ClaimResponse resource and is not a FHIR Identifier.","Providers must quote previously issued authorization reference numbers in order to obtain adjudication as previously advised on the Preauthorization.","","","","","","","",,,,,"",,,,"Claim.insurance.preAuthRef",0,*,"","ele-1:All FHIR elements must have a @value or children {hasValue() or (children().count() > id.count())}
"
"Claim.insurance.claimResponse","Claim.insurance.claimResponse","","","",0,1,"","","","Reference {[]} {[CanonicalType[http://hl7.org/fhir/StructureDefinition/ClaimResponse|5.0.0]]}
","Adjudication results","The result of the adjudication of the line items for the Coverage specified in this insurance.","Must not be specified when 'focal=true' for this insurance.","An insurer need the adjudication results from prior insurers to determine the outstanding balance remaining by item for the items in the curent claim.","","","","","","","",,,,,"",,,,"Claim.insurance.claimResponse",0,1,"","ele-1:All FHIR elements must have a @value or children {hasValue() or (children().count() > id.count())}
"
"Claim.accident","Claim.accident","","","",0,1,"","","","BackboneElement {[]} {[]}
","Details of the event","Details of an accident which resulted in injuries which required the products and services listed in the claim.","","When healthcare products and services are accident related, benefits may be payable under accident provisions of policies, such as automotive, etc before they are payable under normal health insurance.","","","","","","","",,,,,"",,,,"Claim.accident",0,1,"","ele-1:All FHIR elements must have a @value or children {hasValue() or (children().count() > id.count())}
"
"Claim.accident.id","Claim.accident.id","","","",0,1,"","","","string {[]} {[]}
","Unique id for inter-element referencing","Unique id for the element within a resource (for internal references). This may be any string value that does not contain spaces.","","","","","","","","","",,,,,"",,,,"Element.id",0,1,"ele-1
",""
"Claim.accident.extension","Claim.accident.extension","","extensions
user content","",0,*,"","","","Extension {[]} {[]}
","Additional content defined by implementations","May be used to represent additional information that is not part of the basic definition of the element. To make the use of extensions safe and managable, there is a strict set of governance applied to the definition and use of extensions. Though any implementer can define an extension, there is a set of requirements that SHALL be met as part of the definition of the extension.","There can be no stigma associated with the use of extensions by any application, project, or standard - regardless of the institution or jurisdiction that uses or defines the extensions.  The use of extensions is what allows the FHIR specification to retain a core level of simplicity for everyone.","","","","","","","","",,,,,"",,,,"Element.extension",0,*,"","ele-1:All FHIR elements must have a @value or children {hasValue() or (children().count() > id.count())}
ext-1:Must have either extensions or value[x], not both {extension.exists() != value.exists()}"
"Claim.accident.modifierExtension","Claim.accident.modifierExtension","","extensions
user contentmodifiers","",0,*,"","Y","Y","Extension {[]} {[]}
","Extensions that cannot be ignored even if unrecognized","May be used to represent additional information that is not part of the basic definition of the element and that modifies the understanding of the element in which it is contained and/or the understanding of the containing element's descendants. Usually modifier elements provide negation or qualification. To make the use of extensions safe and managable, there is a strict set of governance applied to the definition and use of extensions. Though any implementer can define an extension, there is a set of requirements that SHALL be met as part of the definition of the extension. Applications processing a resource are required to check for modifier extensions.

Modifier extensions SHALL NOT change the meaning of any elements on Resource or DomainResource (including cannot change the meaning of modifierExtension itself).","There can be no stigma associated with the use of extensions by any application, project, or standard - regardless of the institution or jurisdiction that uses or defines the extensions.  The use of extensions is what allows the FHIR specification to retain a core level of simplicity for everyone.","Modifier extensions allow for extensions that *cannot* be safely ignored to be clearly distinguished from the vast majority of extensions which can be safely ignored.  This promotes interoperability by eliminating the need for implementers to prohibit the presence of extensions. For further information, see the [definition of modifier extensions](http://hl7.org/fhir/R5/extensibility.html#modifierExtension).","","","","","","","",,,,,"",,,,"BackboneElement.modifierExtension",0,*,"","ele-1:All FHIR elements must have a @value or children {hasValue() or (children().count() > id.count())}
ext-1:Must have either extensions or value[x], not both {extension.exists() != value.exists()}"
"Claim.accident.date","Claim.accident.date","","","",1,1,"","","","date {[]} {[]}
","KaOrg: Ereignis-/Unfalldatum (echtes Unfalldatum)","Date of an accident event  related to the products and services contained in the claim.","The date of the accident has to precede the dates of the products and services but within a reasonable timeframe.","Required for audit purposes and adjudication.","","","","","","","",,,,,"",,,,"Claim.accident.date",1,1,"","ele-1:All FHIR elements must have a @value or children {hasValue() or (children().count() > id.count())}
","Ereignis-/Unfalldatum (echtes Unfalldatum)"
"Claim.accident.type","Claim.accident.type","","","",1,1,"","","","CodeableConcept {[]} {[]}
","KaOrg: Verdacht auf Arbeits-/Schülerunfall","The type or context of the accident event for the purposes of selection of potential insurance coverages and determination of coordination between insurers.","","Coverage may be dependant on the type of accident.","","","","","","","",,"required","","https://elga.moped.at/ValueSet/VerdachtArbeitsSchuelerunfallVS","",,,,"Claim.accident.type",0,1,"","ele-1:All FHIR elements must have a @value or children {hasValue() or (children().count() > id.count())}
","Verdacht auf Arbeits-/Schülerunfall"
"Claim.accident.location[x]","Claim.accident.location[x]","","","",0,1,"","","","Address {[]} {[]}
Reference {[]} {[CanonicalType[http://hl7.org/fhir/StructureDefinition/Location|5.0.0]]}","Where the event occurred","The physical location of the accident event.","","Required for audit purposes and determination of applicable insurance liability.","","","","","","","",,,,,"",,,,"Claim.accident.location[x]",0,1,"","ele-1:All FHIR elements must have a @value or children {hasValue() or (children().count() > id.count())}
"
"Claim.patientPaid","Claim.patientPaid","","","",0,1,"","","","Money {[]} {[]}
","Paid by the patient","The amount paid by the patient, in total at the claim claim level or specifically for the item and detail level, to the provider for goods and services.","","Necessary to demonstrate that copayments, co-insurance and similar patient payments have been made or accounted for.","","","","","","","",,,,,"",,,,"Claim.patientPaid",0,1,"","ele-1:All FHIR elements must have a @value or children {hasValue() or (children().count() > id.count())}
"
"Claim.item","Claim.item","","","",0,*,"","","","BackboneElement {[]} {[]}
","Product or service provided","A claim line. Either a simple  product or service or a 'group' of details which can each be a simple items or groups of sub-details.","","The items to be processed for adjudication.","","","","","","","",,,,,"",,,,"Claim.item",0,*,"","ele-1:All FHIR elements must have a @value or children {hasValue() or (children().count() > id.count())}
"
"Claim.item.id","Claim.item.id","","","",0,1,"","","","string {[]} {[]}
","Unique id for inter-element referencing","Unique id for the element within a resource (for internal references). This may be any string value that does not contain spaces.","","","","","","","","","",,,,,"",,,,"Element.id",0,1,"ele-1
",""
"Claim.item.extension","Claim.item.extension","","extensions
user content","",0,*,"","","","Extension {[]} {[]}
","Additional content defined by implementations","May be used to represent additional information that is not part of the basic definition of the element. To make the use of extensions safe and managable, there is a strict set of governance applied to the definition and use of extensions. Though any implementer can define an extension, there is a set of requirements that SHALL be met as part of the definition of the extension.","There can be no stigma associated with the use of extensions by any application, project, or standard - regardless of the institution or jurisdiction that uses or defines the extensions.  The use of extensions is what allows the FHIR specification to retain a core level of simplicity for everyone.","","","","","","","","",,,,,"",,,,"Element.extension",0,*,"","ele-1:All FHIR elements must have a @value or children {hasValue() or (children().count() > id.count())}
ext-1:Must have either extensions or value[x], not both {extension.exists() != value.exists()}"
"Claim.item.modifierExtension","Claim.item.modifierExtension","","extensions
user contentmodifiers","",0,*,"","Y","Y","Extension {[]} {[]}
","Extensions that cannot be ignored even if unrecognized","May be used to represent additional information that is not part of the basic definition of the element and that modifies the understanding of the element in which it is contained and/or the understanding of the containing element's descendants. Usually modifier elements provide negation or qualification. To make the use of extensions safe and managable, there is a strict set of governance applied to the definition and use of extensions. Though any implementer can define an extension, there is a set of requirements that SHALL be met as part of the definition of the extension. Applications processing a resource are required to check for modifier extensions.

Modifier extensions SHALL NOT change the meaning of any elements on Resource or DomainResource (including cannot change the meaning of modifierExtension itself).","There can be no stigma associated with the use of extensions by any application, project, or standard - regardless of the institution or jurisdiction that uses or defines the extensions.  The use of extensions is what allows the FHIR specification to retain a core level of simplicity for everyone.","Modifier extensions allow for extensions that *cannot* be safely ignored to be clearly distinguished from the vast majority of extensions which can be safely ignored.  This promotes interoperability by eliminating the need for implementers to prohibit the presence of extensions. For further information, see the [definition of modifier extensions](http://hl7.org/fhir/R5/extensibility.html#modifierExtension).","","","","","","","",,,,,"",,,,"BackboneElement.modifierExtension",0,*,"","ele-1:All FHIR elements must have a @value or children {hasValue() or (children().count() > id.count())}
ext-1:Must have either extensions or value[x], not both {extension.exists() != value.exists()}"
"Claim.item.sequence","Claim.item.sequence","","","",1,1,"","","","positiveInt {[]} {[]}
","Item instance identifier","A number to uniquely identify item entries.","","Necessary to provide a mechanism to link to items from within the claim and within the adjudication details of the ClaimResponse.","","","","","","","",,,,,"",,,,"Claim.item.sequence",1,1,"","ele-1:All FHIR elements must have a @value or children {hasValue() or (children().count() > id.count())}
"
"Claim.item.traceNumber","Claim.item.traceNumber","","","",0,*,"","","","Identifier {[]} {[]}
","Number for tracking","Trace number for tracking purposes. May be defined at the jurisdiction level or between trading partners.","","Allows partners to uniquely identify components for tracking.","","","","","","","",,,,,"",,,,"Claim.item.traceNumber",0,*,"","ele-1:All FHIR elements must have a @value or children {hasValue() or (children().count() > id.count())}
"
"Claim.item.careTeamSequence","Claim.item.careTeamSequence","","","",0,*,"","","","positiveInt {[]} {[]}
","Applicable careTeam members","CareTeam members related to this service or product.","","Need to identify the individuals and their roles in the provision of the product or service.","","","","","","","",,,,,"",,,,"Claim.item.careTeamSequence",0,*,"","ele-1:All FHIR elements must have a @value or children {hasValue() or (children().count() > id.count())}
"
"Claim.item.diagnosisSequence","Claim.item.diagnosisSequence","","","",0,*,"","","","positiveInt {[]} {[]}
","Applicable diagnoses","Diagnosis applicable for this service or product.","","Need to related the product or service to the associated diagnoses.","","","","","","","",,,,,"",,,,"Claim.item.diagnosisSequence",0,*,"","ele-1:All FHIR elements must have a @value or children {hasValue() or (children().count() > id.count())}
"
"Claim.item.procedureSequence","Claim.item.procedureSequence","","","",0,*,"","","","positiveInt {[]} {[]}
","Applicable procedures","Procedures applicable for this service or product.","","Need to provide any listed specific procedures to support the product or service being claimed.","","","","","","","",,,,,"",,,,"Claim.item.procedureSequence",0,*,"","ele-1:All FHIR elements must have a @value or children {hasValue() or (children().count() > id.count())}
"
"Claim.item.informationSequence","Claim.item.informationSequence","","","",0,*,"","","","positiveInt {[]} {[]}
","Applicable exception and supporting information","Exceptions, special conditions and supporting information applicable for this service or product.","","Need to reference the supporting information items that relate directly to this product or service.","","","","","","","",,,,,"",,,,"Claim.item.informationSequence",0,*,"","ele-1:All FHIR elements must have a @value or children {hasValue() or (children().count() > id.count())}
"
"Claim.item.revenue","Claim.item.revenue","","","",0,1,"","","","CodeableConcept {[]} {[]}
","Revenue or cost center code","The type of revenue or cost center providing the product and/or service.","","Needed in the processing of institutional claims.","","","","","","","",,"example","Codes for the revenue or cost centers supplying the service and/or products.","http://hl7.org/fhir/ValueSet/ex-revenue-center|5.0.0","",,,,"Claim.item.revenue",0,1,"","ele-1:All FHIR elements must have a @value or children {hasValue() or (children().count() > id.count())}
"
"Claim.item.category","Claim.item.category","","","",0,1,"","","","CodeableConcept {[]} {[]}
","Benefit classification","Code to identify the general type of benefits under which products and services are provided.","Examples include Medical Care, Periodontics, Renal Dialysis, Vision Coverage.","Needed in the processing of institutional claims as this allows the insurer to determine whether a facial X-Ray is for dental, orthopedic, or facial surgery purposes.","","","","","","","",,"example","Benefit categories such as: oral-basic, major, glasses.","http://hl7.org/fhir/ValueSet/ex-benefitcategory|5.0.0","",,,,"Claim.item.category",0,1,"","ele-1:All FHIR elements must have a @value or children {hasValue() or (children().count() > id.count())}
"
"Claim.item.productOrService","Claim.item.productOrService","","Drug Code
Bill CodeService Code","",0,1,"","","","CodeableConcept {[]} {[]}
","Billing, service, product, or drug code","When the value is a group code then this item collects a set of related item details, otherwise this contains the product, service, drug or other billing code for the item. This element may be the start of a range of .productOrService codes used in conjunction with .productOrServiceEnd or it may be a solo element where .productOrServiceEnd is not used.","If this is an actual service or product line, i.e. not a Group, then use code to indicate the Professional Service or Product supplied (e.g. CTP, HCPCS, USCLS, ICD10, NCPDP, DIN, RxNorm, ACHI, CCI). If a grouping item then use a group code to indicate the type of thing being grouped e.g. 'glasses' or 'compound'.","Necessary to state what was provided or done.","","","","","","","",,"example","Allowable service and product codes.","http://hl7.org/fhir/ValueSet/service-uscls|5.0.0","",,,,"Claim.item.productOrService",0,1,"","ele-1:All FHIR elements must have a @value or children {hasValue() or (children().count() > id.count())}
"
"Claim.item.productOrServiceEnd","Claim.item.productOrServiceEnd","","End of a range of Drug Code; Bill Code; Service Cod
","",0,1,"","","","CodeableConcept {[]} {[]}
","End of a range of codes","This contains the end of a range of product, service, drug or other billing codes for the item. This element is not used when the .productOrService is a group code. This value may only be present when a .productOfService code has been provided to convey the start of the range. Typically this value may be used only with preauthorizations and not with claims.","","","","","","","","","",,"example","","http://hl7.org/fhir/ValueSet/service-uscls|5.0.0","",,,,"Claim.item.productOrServiceEnd",0,1,"","ele-1:All FHIR elements must have a @value or children {hasValue() or (children().count() > id.count())}
"
"Claim.item.request","Claim.item.request","","","",0,*,"","","","Reference {[]} {[CanonicalType[http://hl7.org/fhir/StructureDefinition/DeviceRequest|5.0.0], CanonicalType[http://hl7.org/fhir/StructureDefinition/MedicationRequest|5.0.0], CanonicalType[http://hl7.org/fhir/StructureDefinition/NutritionOrder|5.0.0], CanonicalType[http://hl7.org/fhir/StructureDefinition/ServiceRequest|5.0.0], CanonicalType[http://hl7.org/fhir/StructureDefinition/SupplyRequest|5.0.0], CanonicalType[http://hl7.org/fhir/StructureDefinition/VisionPrescription|5.0.0]]}
","Request or Referral for Service","Request or Referral for Goods or Service to be rendered.","","May identify the service to be provided or provider authorization for the service.","","","","","","","",,,,,"",,,,"Claim.item.request",0,*,"","ele-1:All FHIR elements must have a @value or children {hasValue() or (children().count() > id.count())}
"
"Claim.item.modifier","Claim.item.modifier","","","",0,*,"","","","CodeableConcept {[]} {[]}
","Product or service billing modifiers","Item typification or modifiers codes to convey additional context for the product or service.","For example in Oral whether the treatment is cosmetic or associated with TMJ, or for Medical whether the treatment was outside the clinic or outside of office hours.","To support inclusion of the item for adjudication or to charge an elevated fee.","","","","","","","",,"example","Item type or modifiers codes, eg for Oral whether the treatment is cosmetic or associated with TMJ, or an appliance was lost or stolen.","http://hl7.org/fhir/ValueSet/claim-modifiers|5.0.0","",,,,"Claim.item.modifier",0,*,"","ele-1:All FHIR elements must have a @value or children {hasValue() or (children().count() > id.count())}
"
"Claim.item.programCode","Claim.item.programCode","","","",0,*,"","","","CodeableConcept {[]} {[]}
","Program the product or service is provided under","Identifies the program under which this may be recovered.","For example: Neonatal program, child dental program or drug users recovery program.","Commonly used in in the identification of publicly provided program focused on population segments or disease classifications.","","","","","","","",,"example","Program specific reason codes.","http://hl7.org/fhir/ValueSet/ex-program-code|5.0.0","",,,,"Claim.item.programCode",0,*,"","ele-1:All FHIR elements must have a @value or children {hasValue() or (children().count() > id.count())}
"
"Claim.item.serviced[x]","Claim.item.serviced[x]","","","",0,1,"","","","date {[]} {[]}
Period {[]} {[]}","Date or dates of service or product delivery","The date or dates when the service or product was supplied, performed or completed.","","Needed to determine whether the  service or product was provided during the term of the insurance coverage.","","","","","","","",,,,,"",,,,"Claim.item.serviced[x]",0,1,"","ele-1:All FHIR elements must have a @value or children {hasValue() or (children().count() > id.count())}
"
"Claim.item.location[x]","Claim.item.location[x]","","","",0,1,"","","","CodeableConcept {[]} {[]}
Address {[]} {[]}Reference {[]} {[CanonicalType[http://hl7.org/fhir/StructureDefinition/Location|5.0.0]]}","Place of service or where product was supplied","Where the product or service was provided.","","The location can alter whether the item was acceptable for insurance purposes or impact the determination of the benefit amount.","","","","","","","",,"example","Place of service: pharmacy, school, prison, etc.","http://hl7.org/fhir/ValueSet/service-place|5.0.0","",,,,"Claim.item.location[x]",0,1,"","ele-1:All FHIR elements must have a @value or children {hasValue() or (children().count() > id.count())}
"
"Claim.item.patientPaid","Claim.item.patientPaid","","","",0,1,"","","","Money {[]} {[]}
","Paid by the patient","The amount paid by the patient, in total at the claim claim level or specifically for the item and detail level, to the provider for goods and services.","","Necessary to demonstrate that copayments, co-insurance and similar patient payments have been made or accounted for.","","","","","","","",,,,,"",,,,"Claim.item.patientPaid",0,1,"","ele-1:All FHIR elements must have a @value or children {hasValue() or (children().count() > id.count())}
"
"Claim.item.quantity","Claim.item.quantity","","","",0,1,"","","","Quantity {[CanonicalType[http://hl7.org/fhir/StructureDefinition/SimpleQuantity|5.0.0]]} {[]}
","Count of products or services","The number of repetitions of a service or product.","","Required when the product or service code does not convey the quantity provided.","","","","","","","",,,,,"",,,,"Claim.item.quantity",0,1,"","ele-1:All FHIR elements must have a @value or children {hasValue() or (children().count() > id.count())}
"
"Claim.item.unitPrice","Claim.item.unitPrice","","","",0,1,"","","","Money {[]} {[]}
","Fee, charge or cost per item","If the item is not a group then this is the fee for the product or service, otherwise this is the total of the fees for the details of the group.","","The amount charged to the patient by the provider for a single unit.","","","","","","","",,,,,"",,,,"Claim.item.unitPrice",0,1,"","ele-1:All FHIR elements must have a @value or children {hasValue() or (children().count() > id.count())}
"
"Claim.item.factor","Claim.item.factor","","","",0,1,"","","","decimal {[]} {[]}
","Price scaling factor","A real number that represents a multiplier used in determining the overall value of services delivered and/or goods received. The concept of a Factor allows for a discount or surcharge multiplier to be applied to a monetary amount.","To show a 10% senior's discount, the value entered is: 0.90 (1.00 - 0.10).","When discounts are provided to a patient (example: Senior's discount) then this must be documented for adjudication.","","","","","","","",,,,,"",,,,"Claim.item.factor",0,1,"","ele-1:All FHIR elements must have a @value or children {hasValue() or (children().count() > id.count())}
"
"Claim.item.tax","Claim.item.tax","","","",0,1,"","","","Money {[]} {[]}
","Total tax","The total of taxes applicable for this product or service.","","Required when taxes are not embedded in the unit price or provided as a separate service.","","","","","","","",,,,,"",,,,"Claim.item.tax",0,1,"","ele-1:All FHIR elements must have a @value or children {hasValue() or (children().count() > id.count())}
"
"Claim.item.net","Claim.item.net","","","",0,1,"","","","Money {[]} {[]}
","Total item cost","The total amount claimed for the group (if a grouper) or the line item. Net = unit price * quantity * factor.","For example, the formula: quantity * unitPrice * factor  = net. Quantity and factor are assumed to be 1 if not supplied.","Provides the total amount claimed  for the group (if a grouper) or the line item.","","","","","","","",,,,,"",,,,"Claim.item.net",0,1,"","ele-1:All FHIR elements must have a @value or children {hasValue() or (children().count() > id.count())}
"
"Claim.item.udi","Claim.item.udi","","","",0,*,"","","","Reference {[]} {[CanonicalType[http://hl7.org/fhir/StructureDefinition/Device|5.0.0]]}
","Unique device identifier","Unique Device Identifiers associated with this line item.","","The UDI code allows the insurer to obtain device level information on the product supplied.","","","","","","","",,,,,"",,,,"Claim.item.udi",0,*,"","ele-1:All FHIR elements must have a @value or children {hasValue() or (children().count() > id.count())}
"
"Claim.item.bodySite","Claim.item.bodySite","","","",0,*,"","","","BackboneElement {[]} {[]}
","Anatomical location","Physical location where the service is performed or applies.","","","","","","","","","",,,,,"",,,,"Claim.item.bodySite",0,*,"","ele-1:All FHIR elements must have a @value or children {hasValue() or (children().count() > id.count())}
"
"Claim.item.bodySite.id","Claim.item.bodySite.id","","","",0,1,"","","","string {[]} {[]}
","Unique id for inter-element referencing","Unique id for the element within a resource (for internal references). This may be any string value that does not contain spaces.","","","","","","","","","",,,,,"",,,,"Element.id",0,1,"ele-1
",""
"Claim.item.bodySite.extension","Claim.item.bodySite.extension","","extensions
user content","",0,*,"","","","Extension {[]} {[]}
","Additional content defined by implementations","May be used to represent additional information that is not part of the basic definition of the element. To make the use of extensions safe and managable, there is a strict set of governance applied to the definition and use of extensions. Though any implementer can define an extension, there is a set of requirements that SHALL be met as part of the definition of the extension.","There can be no stigma associated with the use of extensions by any application, project, or standard - regardless of the institution or jurisdiction that uses or defines the extensions.  The use of extensions is what allows the FHIR specification to retain a core level of simplicity for everyone.","","","","","","","","",,,,,"",,,,"Element.extension",0,*,"","ele-1:All FHIR elements must have a @value or children {hasValue() or (children().count() > id.count())}
ext-1:Must have either extensions or value[x], not both {extension.exists() != value.exists()}"
"Claim.item.bodySite.modifierExtension","Claim.item.bodySite.modifierExtension","","extensions
user contentmodifiers","",0,*,"","Y","Y","Extension {[]} {[]}
","Extensions that cannot be ignored even if unrecognized","May be used to represent additional information that is not part of the basic definition of the element and that modifies the understanding of the element in which it is contained and/or the understanding of the containing element's descendants. Usually modifier elements provide negation or qualification. To make the use of extensions safe and managable, there is a strict set of governance applied to the definition and use of extensions. Though any implementer can define an extension, there is a set of requirements that SHALL be met as part of the definition of the extension. Applications processing a resource are required to check for modifier extensions.

Modifier extensions SHALL NOT change the meaning of any elements on Resource or DomainResource (including cannot change the meaning of modifierExtension itself).","There can be no stigma associated with the use of extensions by any application, project, or standard - regardless of the institution or jurisdiction that uses or defines the extensions.  The use of extensions is what allows the FHIR specification to retain a core level of simplicity for everyone.","Modifier extensions allow for extensions that *cannot* be safely ignored to be clearly distinguished from the vast majority of extensions which can be safely ignored.  This promotes interoperability by eliminating the need for implementers to prohibit the presence of extensions. For further information, see the [definition of modifier extensions](http://hl7.org/fhir/R5/extensibility.html#modifierExtension).","","","","","","","",,,,,"",,,,"BackboneElement.modifierExtension",0,*,"","ele-1:All FHIR elements must have a @value or children {hasValue() or (children().count() > id.count())}
ext-1:Must have either extensions or value[x], not both {extension.exists() != value.exists()}"
"Claim.item.bodySite.site","Claim.item.bodySite.site","","","",1,*,"","","","CodeableReference {[]} {[CanonicalType[http://hl7.org/fhir/StructureDefinition/BodyStructure|5.0.0]]}
","Location","Physical service site on the patient (limb, tooth, etc.).","For example: Providing a tooth code, allows an insurer to identify a provider performing a filling on a tooth that was previously removed.","Allows insurer to validate specific procedures.","","","","","","","",,"example","","http://hl7.org/fhir/ValueSet/tooth|5.0.0","",,,,"Claim.item.bodySite.site",1,*,"","ele-1:All FHIR elements must have a @value or children {hasValue() or (children().count() > id.count())}
"
"Claim.item.bodySite.subSite","Claim.item.bodySite.subSite","","","",0,*,"","","","CodeableConcept {[]} {[]}
","Sub-location","A region or surface of the bodySite, e.g. limb region or tooth surface(s).","","Allows insurer to validate specific procedures.","","","","","","","",,"example","","http://hl7.org/fhir/ValueSet/surface|5.0.0","",,,,"Claim.item.bodySite.subSite",0,*,"","ele-1:All FHIR elements must have a @value or children {hasValue() or (children().count() > id.count())}
"
"Claim.item.encounter","Claim.item.encounter","","","",0,*,"","","","Reference {[]} {[CanonicalType[http://hl7.org/fhir/StructureDefinition/Encounter|5.0.0]]}
","Encounters associated with the listed treatments","Healthcare encounters related to this claim.","This will typically be the encounter the event occurred within, but some activities may be initiated prior to or after the official completion of an encounter but still be tied to the context of the encounter.","Used in some jurisdictions to link clinical events to claim items.","","","","","","","",,,,,"",,,,"Claim.item.encounter",0,*,"","ele-1:All FHIR elements must have a @value or children {hasValue() or (children().count() > id.count())}
"
"Claim.item.detail","Claim.item.detail","","","",0,*,"","","","BackboneElement {[]} {[]}
","Product or service provided","A claim detail line. Either a simple (a product or service) or a 'group' of sub-details which are simple items.","","The items to be processed for adjudication.","","","","","","","",,,,,"",,,,"Claim.item.detail",0,*,"","ele-1:All FHIR elements must have a @value or children {hasValue() or (children().count() > id.count())}
"
"Claim.item.detail.id","Claim.item.detail.id","","","",0,1,"","","","string {[]} {[]}
","Unique id for inter-element referencing","Unique id for the element within a resource (for internal references). This may be any string value that does not contain spaces.","","","","","","","","","",,,,,"",,,,"Element.id",0,1,"ele-1
",""
"Claim.item.detail.extension","Claim.item.detail.extension","","extensions
user content","",0,*,"","","","Extension {[]} {[]}
","Additional content defined by implementations","May be used to represent additional information that is not part of the basic definition of the element. To make the use of extensions safe and managable, there is a strict set of governance applied to the definition and use of extensions. Though any implementer can define an extension, there is a set of requirements that SHALL be met as part of the definition of the extension.","There can be no stigma associated with the use of extensions by any application, project, or standard - regardless of the institution or jurisdiction that uses or defines the extensions.  The use of extensions is what allows the FHIR specification to retain a core level of simplicity for everyone.","","","","","","","","",,,,,"",,,,"Element.extension",0,*,"","ele-1:All FHIR elements must have a @value or children {hasValue() or (children().count() > id.count())}
ext-1:Must have either extensions or value[x], not both {extension.exists() != value.exists()}"
"Claim.item.detail.modifierExtension","Claim.item.detail.modifierExtension","","extensions
user contentmodifiers","",0,*,"","Y","Y","Extension {[]} {[]}
","Extensions that cannot be ignored even if unrecognized","May be used to represent additional information that is not part of the basic definition of the element and that modifies the understanding of the element in which it is contained and/or the understanding of the containing element's descendants. Usually modifier elements provide negation or qualification. To make the use of extensions safe and managable, there is a strict set of governance applied to the definition and use of extensions. Though any implementer can define an extension, there is a set of requirements that SHALL be met as part of the definition of the extension. Applications processing a resource are required to check for modifier extensions.

Modifier extensions SHALL NOT change the meaning of any elements on Resource or DomainResource (including cannot change the meaning of modifierExtension itself).","There can be no stigma associated with the use of extensions by any application, project, or standard - regardless of the institution or jurisdiction that uses or defines the extensions.  The use of extensions is what allows the FHIR specification to retain a core level of simplicity for everyone.","Modifier extensions allow for extensions that *cannot* be safely ignored to be clearly distinguished from the vast majority of extensions which can be safely ignored.  This promotes interoperability by eliminating the need for implementers to prohibit the presence of extensions. For further information, see the [definition of modifier extensions](http://hl7.org/fhir/R5/extensibility.html#modifierExtension).","","","","","","","",,,,,"",,,,"BackboneElement.modifierExtension",0,*,"","ele-1:All FHIR elements must have a @value or children {hasValue() or (children().count() > id.count())}
ext-1:Must have either extensions or value[x], not both {extension.exists() != value.exists()}"
"Claim.item.detail.sequence","Claim.item.detail.sequence","","","",1,1,"","","","positiveInt {[]} {[]}
","Item instance identifier","A number to uniquely identify item entries.","","Necessary to provide a mechanism to link to items from within the claim and within the adjudication details of the ClaimResponse.","","","","","","","",,,,,"",,,,"Claim.item.detail.sequence",1,1,"","ele-1:All FHIR elements must have a @value or children {hasValue() or (children().count() > id.count())}
"
"Claim.item.detail.traceNumber","Claim.item.detail.traceNumber","","","",0,*,"","","","Identifier {[]} {[]}
","Number for tracking","Trace number for tracking purposes. May be defined at the jurisdiction level or between trading partners.","","Allows partners to uniquely identify components for tracking.","","","","","","","",,,,,"",,,,"Claim.item.detail.traceNumber",0,*,"","ele-1:All FHIR elements must have a @value or children {hasValue() or (children().count() > id.count())}
"
"Claim.item.detail.revenue","Claim.item.detail.revenue","","","",0,1,"","","","CodeableConcept {[]} {[]}
","Revenue or cost center code","The type of revenue or cost center providing the product and/or service.","","Needed in the processing of institutional claims.","","","","","","","",,"example","Codes for the revenue or cost centers supplying the service and/or products.","http://hl7.org/fhir/ValueSet/ex-revenue-center|5.0.0","",,,,"Claim.item.detail.revenue",0,1,"","ele-1:All FHIR elements must have a @value or children {hasValue() or (children().count() > id.count())}
"
"Claim.item.detail.category","Claim.item.detail.category","","","",0,1,"","","","CodeableConcept {[]} {[]}
","Benefit classification","Code to identify the general type of benefits under which products and services are provided.","Examples include Medical Care, Periodontics, Renal Dialysis, Vision Coverage.","Needed in the processing of institutional claims as this allows the insurer to determine whether a facial X-Ray is for dental, orthopedic, or facial surgery purposes.","","","","","","","",,"example","Benefit categories such as: oral-basic, major, glasses.","http://hl7.org/fhir/ValueSet/ex-benefitcategory|5.0.0","",,,,"Claim.item.detail.category",0,1,"","ele-1:All FHIR elements must have a @value or children {hasValue() or (children().count() > id.count())}
"
"Claim.item.detail.productOrService","Claim.item.detail.productOrService","","Drug Code
Bill CodeService Code","",0,1,"","","","CodeableConcept {[]} {[]}
","Billing, service, product, or drug code","When the value is a group code then this item collects a set of related item details, otherwise this contains the product, service, drug or other billing code for the item. This element may be the start of a range of .productOrService codes used in conjunction with .productOrServiceEnd or it may be a solo element where .productOrServiceEnd is not used.","If this is an actual service or product line, i.e. not a Group, then use code to indicate the Professional Service or Product supplied (e.g. CTP, HCPCS, USCLS, ICD10, NCPDP, DIN, RxNorm, ACHI, CCI). If a grouping item then use a group code to indicate the type of thing being grouped e.g. 'glasses' or 'compound'.","Necessary to state what was provided or done.","","","","","","","",,"example","Allowable service and product codes.","http://hl7.org/fhir/ValueSet/service-uscls|5.0.0","",,,,"Claim.item.detail.productOrService",0,1,"","ele-1:All FHIR elements must have a @value or children {hasValue() or (children().count() > id.count())}
"
"Claim.item.detail.productOrServiceEnd","Claim.item.detail.productOrServiceEnd","","End of a range of Drug Code; Bill Code; Service Cod
","",0,1,"","","","CodeableConcept {[]} {[]}
","End of a range of codes","This contains the end of a range of product, service, drug or other billing codes for the item. This element is not used when the .productOrService is a group code. This value may only be present when a .productOfService code has been provided to convey the start of the range. Typically this value may be used only with preauthorizations and not with claims.","","","","","","","","","",,"example","","http://hl7.org/fhir/ValueSet/service-uscls|5.0.0","",,,,"Claim.item.detail.productOrServiceEnd",0,1,"","ele-1:All FHIR elements must have a @value or children {hasValue() or (children().count() > id.count())}
"
"Claim.item.detail.modifier","Claim.item.detail.modifier","","","",0,*,"","","","CodeableConcept {[]} {[]}
","Service/Product billing modifiers","Item typification or modifiers codes to convey additional context for the product or service.","For example in Oral whether the treatment is cosmetic or associated with TMJ, or for Medical whether the treatment was outside the clinic or out of office hours.","To support inclusion of the item for adjudication or to charge an elevated fee.","","","","","","","",,"example","Item type or modifiers codes, eg for Oral whether the treatment is cosmetic or associated with TMJ, or an appliance was lost or stolen.","http://hl7.org/fhir/ValueSet/claim-modifiers|5.0.0","",,,,"Claim.item.detail.modifier",0,*,"","ele-1:All FHIR elements must have a @value or children {hasValue() or (children().count() > id.count())}
"
"Claim.item.detail.programCode","Claim.item.detail.programCode","","","",0,*,"","","","CodeableConcept {[]} {[]}
","Program the product or service is provided under","Identifies the program under which this may be recovered.","For example: Neonatal program, child dental program or drug users recovery program.","Commonly used in in the identification of publicly provided program focused on population segments or disease classifications.","","","","","","","",,"example","Program specific reason codes.","http://hl7.org/fhir/ValueSet/ex-program-code|5.0.0","",,,,"Claim.item.detail.programCode",0,*,"","ele-1:All FHIR elements must have a @value or children {hasValue() or (children().count() > id.count())}
"
"Claim.item.detail.patientPaid","Claim.item.detail.patientPaid","","","",0,1,"","","","Money {[]} {[]}
","Paid by the patient","The amount paid by the patient, in total at the claim claim level or specifically for the item and detail level, to the provider for goods and services.","","Necessary to demonstrate that copayments, co-insurance and similar patient payments have been made or accounted for.","","","","","","","",,,,,"",,,,"Claim.item.detail.patientPaid",0,1,"","ele-1:All FHIR elements must have a @value or children {hasValue() or (children().count() > id.count())}
"
"Claim.item.detail.quantity","Claim.item.detail.quantity","","","",0,1,"","","","Quantity {[CanonicalType[http://hl7.org/fhir/StructureDefinition/SimpleQuantity|5.0.0]]} {[]}
","Count of products or services","The number of repetitions of a service or product.","","Required when the product or service code does not convey the quantity provided.","","","","","","","",,,,,"",,,,"Claim.item.detail.quantity",0,1,"","ele-1:All FHIR elements must have a @value or children {hasValue() or (children().count() > id.count())}
"
"Claim.item.detail.unitPrice","Claim.item.detail.unitPrice","","","",0,1,"","","","Money {[]} {[]}
","Fee, charge or cost per item","If the item is not a group then this is the fee for the product or service, otherwise this is the total of the fees for the details of the group.","","The amount charged to the patient by the provider for a single unit.","","","","","","","",,,,,"",,,,"Claim.item.detail.unitPrice",0,1,"","ele-1:All FHIR elements must have a @value or children {hasValue() or (children().count() > id.count())}
"
"Claim.item.detail.factor","Claim.item.detail.factor","","","",0,1,"","","","decimal {[]} {[]}
","Price scaling factor","A real number that represents a multiplier used in determining the overall value of services delivered and/or goods received. The concept of a Factor allows for a discount or surcharge multiplier to be applied to a monetary amount.","To show a 10% senior's discount, the value entered is: 0.90 (1.00 - 0.10).","When discounts are provided to a patient (example: Senior's discount) then this must be documented for adjudication.","","","","","","","",,,,,"",,,,"Claim.item.detail.factor",0,1,"","ele-1:All FHIR elements must have a @value or children {hasValue() or (children().count() > id.count())}
"
"Claim.item.detail.tax","Claim.item.detail.tax","","","",0,1,"","","","Money {[]} {[]}
","Total tax","The total of taxes applicable for this product or service.","","Required when taxes are not embedded in the unit price or provided as a separate service.","","","","","","","",,,,,"",,,,"Claim.item.detail.tax",0,1,"","ele-1:All FHIR elements must have a @value or children {hasValue() or (children().count() > id.count())}
"
"Claim.item.detail.net","Claim.item.detail.net","","","",0,1,"","","","Money {[]} {[]}
","Total item cost","The total amount claimed for the group (if a grouper) or the line item.detail. Net = unit price * quantity * factor.","For example, the formula: quantity * unitPrice * factor  = net. Quantity and factor are assumed to be 1 if not supplied.","Provides the total amount claimed  for the group (if a grouper) or the line item.","","","","","","","",,,,,"",,,,"Claim.item.detail.net",0,1,"","ele-1:All FHIR elements must have a @value or children {hasValue() or (children().count() > id.count())}
"
"Claim.item.detail.udi","Claim.item.detail.udi","","","",0,*,"","","","Reference {[]} {[CanonicalType[http://hl7.org/fhir/StructureDefinition/Device|5.0.0]]}
","Unique device identifier","Unique Device Identifiers associated with this line item.","","The UDI code allows the insurer to obtain device level information on the product supplied.","","","","","","","",,,,,"",,,,"Claim.item.detail.udi",0,*,"","ele-1:All FHIR elements must have a @value or children {hasValue() or (children().count() > id.count())}
"
"Claim.item.detail.subDetail","Claim.item.detail.subDetail","","","",0,*,"","","","BackboneElement {[]} {[]}
","Product or service provided","A claim detail line. Either a simple (a product or service) or a 'group' of sub-details which are simple items.","","The items to be processed for adjudication.","","","","","","","",,,,,"",,,,"Claim.item.detail.subDetail",0,*,"","ele-1:All FHIR elements must have a @value or children {hasValue() or (children().count() > id.count())}
"
"Claim.item.detail.subDetail.id","Claim.item.detail.subDetail.id","","","",0,1,"","","","string {[]} {[]}
","Unique id for inter-element referencing","Unique id for the element within a resource (for internal references). This may be any string value that does not contain spaces.","","","","","","","","","",,,,,"",,,,"Element.id",0,1,"ele-1
",""
"Claim.item.detail.subDetail.extension","Claim.item.detail.subDetail.extension","","extensions
user content","",0,*,"","","","Extension {[]} {[]}
","Additional content defined by implementations","May be used to represent additional information that is not part of the basic definition of the element. To make the use of extensions safe and managable, there is a strict set of governance applied to the definition and use of extensions. Though any implementer can define an extension, there is a set of requirements that SHALL be met as part of the definition of the extension.","There can be no stigma associated with the use of extensions by any application, project, or standard - regardless of the institution or jurisdiction that uses or defines the extensions.  The use of extensions is what allows the FHIR specification to retain a core level of simplicity for everyone.","","","","","","","","",,,,,"",,,,"Element.extension",0,*,"","ele-1:All FHIR elements must have a @value or children {hasValue() or (children().count() > id.count())}
ext-1:Must have either extensions or value[x], not both {extension.exists() != value.exists()}"
"Claim.item.detail.subDetail.modifierExtension","Claim.item.detail.subDetail.modifierExtension","","extensions
user contentmodifiers","",0,*,"","Y","Y","Extension {[]} {[]}
","Extensions that cannot be ignored even if unrecognized","May be used to represent additional information that is not part of the basic definition of the element and that modifies the understanding of the element in which it is contained and/or the understanding of the containing element's descendants. Usually modifier elements provide negation or qualification. To make the use of extensions safe and managable, there is a strict set of governance applied to the definition and use of extensions. Though any implementer can define an extension, there is a set of requirements that SHALL be met as part of the definition of the extension. Applications processing a resource are required to check for modifier extensions.

Modifier extensions SHALL NOT change the meaning of any elements on Resource or DomainResource (including cannot change the meaning of modifierExtension itself).","There can be no stigma associated with the use of extensions by any application, project, or standard - regardless of the institution or jurisdiction that uses or defines the extensions.  The use of extensions is what allows the FHIR specification to retain a core level of simplicity for everyone.","Modifier extensions allow for extensions that *cannot* be safely ignored to be clearly distinguished from the vast majority of extensions which can be safely ignored.  This promotes interoperability by eliminating the need for implementers to prohibit the presence of extensions. For further information, see the [definition of modifier extensions](http://hl7.org/fhir/R5/extensibility.html#modifierExtension).","","","","","","","",,,,,"",,,,"BackboneElement.modifierExtension",0,*,"","ele-1:All FHIR elements must have a @value or children {hasValue() or (children().count() > id.count())}
ext-1:Must have either extensions or value[x], not both {extension.exists() != value.exists()}"
"Claim.item.detail.subDetail.sequence","Claim.item.detail.subDetail.sequence","","","",1,1,"","","","positiveInt {[]} {[]}
","Item instance identifier","A number to uniquely identify item entries.","","Necessary to provide a mechanism to link to items from within the claim and within the adjudication details of the ClaimResponse.","","","","","","","",,,,,"",,,,"Claim.item.detail.subDetail.sequence",1,1,"","ele-1:All FHIR elements must have a @value or children {hasValue() or (children().count() > id.count())}
"
"Claim.item.detail.subDetail.traceNumber","Claim.item.detail.subDetail.traceNumber","","","",0,*,"","","","Identifier {[]} {[]}
","Number for tracking","Trace number for tracking purposes. May be defined at the jurisdiction level or between trading partners.","","Allows partners to uniquely identify components for tracking.","","","","","","","",,,,,"",,,,"Claim.item.detail.subDetail.traceNumber",0,*,"","ele-1:All FHIR elements must have a @value or children {hasValue() or (children().count() > id.count())}
"
"Claim.item.detail.subDetail.revenue","Claim.item.detail.subDetail.revenue","","","",0,1,"","","","CodeableConcept {[]} {[]}
","Revenue or cost center code","The type of revenue or cost center providing the product and/or service.","","Needed in the processing of institutional claims.","","","","","","","",,"example","Codes for the revenue or cost centers supplying the service and/or products.","http://hl7.org/fhir/ValueSet/ex-revenue-center|5.0.0","",,,,"Claim.item.detail.subDetail.revenue",0,1,"","ele-1:All FHIR elements must have a @value or children {hasValue() or (children().count() > id.count())}
"
"Claim.item.detail.subDetail.category","Claim.item.detail.subDetail.category","","","",0,1,"","","","CodeableConcept {[]} {[]}
","Benefit classification","Code to identify the general type of benefits under which products and services are provided.","Examples include Medical Care, Periodontics, Renal Dialysis, Vision Coverage.","Needed in the processing of institutional claims as this allows the insurer to determine whether a facial X-Ray is for dental, orthopedic, or facial surgery purposes.","","","","","","","",,"example","Benefit categories such as: oral-basic, major, glasses.","http://hl7.org/fhir/ValueSet/ex-benefitcategory|5.0.0","",,,,"Claim.item.detail.subDetail.category",0,1,"","ele-1:All FHIR elements must have a @value or children {hasValue() or (children().count() > id.count())}
"
"Claim.item.detail.subDetail.productOrService","Claim.item.detail.subDetail.productOrService","","","",0,1,"","","","CodeableConcept {[]} {[]}
","Billing, service, product, or drug code","When the value is a group code then this item collects a set of related item details, otherwise this contains the product, service, drug or other billing code for the item. This element may be the start of a range of .productOrService codes used in conjunction with .productOrServiceEnd or it may be a solo element where .productOrServiceEnd is not used.","If this is an actual service or product line, i.e. not a Group, then use code to indicate the Professional Service or Product supplied (e.g. CTP, HCPCS, USCLS, ICD10, NCPDP, DIN, RxNorm, ACHI, CCI). If a grouping item then use a group code to indicate the type of thing being grouped e.g. 'glasses' or 'compound'.","Necessary to state what was provided or done.","","","","","","","",,"example","Allowable service and product codes.","http://hl7.org/fhir/ValueSet/service-uscls|5.0.0","",,,,"Claim.item.detail.subDetail.productOrService",0,1,"","ele-1:All FHIR elements must have a @value or children {hasValue() or (children().count() > id.count())}
"
"Claim.item.detail.subDetail.productOrServiceEnd","Claim.item.detail.subDetail.productOrServiceEnd","","End of a range of Drug Code; Bill Code; Service Cod
","",0,1,"","","","CodeableConcept {[]} {[]}
","End of a range of codes","This contains the end of a range of product, service, drug or other billing codes for the item. This element is not used when the .productOrService is a group code. This value may only be present when a .productOfService code has been provided to convey the start of the range. Typically this value may be used only with preauthorizations and not with claims.","","","","","","","","","",,"example","","http://hl7.org/fhir/ValueSet/service-uscls|5.0.0","",,,,"Claim.item.detail.subDetail.productOrServiceEnd",0,1,"","ele-1:All FHIR elements must have a @value or children {hasValue() or (children().count() > id.count())}
"
"Claim.item.detail.subDetail.modifier","Claim.item.detail.subDetail.modifier","","","",0,*,"","","","CodeableConcept {[]} {[]}
","Service/Product billing modifiers","Item typification or modifiers codes to convey additional context for the product or service.","For example in Oral whether the treatment is cosmetic or associated with TMJ, or for Medical whether the treatment was outside the clinic or out of office hours.","To support inclusion of the item for adjudication or to charge an elevated fee.","","","","","","","",,"example","Item type or modifiers codes, eg for Oral whether the treatment is cosmetic or associated with TMJ, or an appliance was lost or stolen.","http://hl7.org/fhir/ValueSet/claim-modifiers|5.0.0","",,,,"Claim.item.detail.subDetail.modifier",0,*,"","ele-1:All FHIR elements must have a @value or children {hasValue() or (children().count() > id.count())}
"
"Claim.item.detail.subDetail.programCode","Claim.item.detail.subDetail.programCode","","","",0,*,"","","","CodeableConcept {[]} {[]}
","Program the product or service is provided under","Identifies the program under which this may be recovered.","For example: Neonatal program, child dental program or drug users recovery program.","Commonly used in in the identification of publicly provided program focused on population segments or disease classifications.","","","","","","","",,"example","Program specific reason codes.","http://hl7.org/fhir/ValueSet/ex-program-code|5.0.0","",,,,"Claim.item.detail.subDetail.programCode",0,*,"","ele-1:All FHIR elements must have a @value or children {hasValue() or (children().count() > id.count())}
"
"Claim.item.detail.subDetail.patientPaid","Claim.item.detail.subDetail.patientPaid","","","",0,1,"","","","Money {[]} {[]}
","Paid by the patient","The amount paid by the patient, in total at the claim claim level or specifically for the item and detail level, to the provider for goods and services.","","Necessary to demonstrate that copayments, co-insurance and similar patient payments have been made or accounted for.","","","","","","","",,,,,"",,,,"Claim.item.detail.subDetail.patientPaid",0,1,"","ele-1:All FHIR elements must have a @value or children {hasValue() or (children().count() > id.count())}
"
"Claim.item.detail.subDetail.quantity","Claim.item.detail.subDetail.quantity","","","",0,1,"","","","Quantity {[CanonicalType[http://hl7.org/fhir/StructureDefinition/SimpleQuantity|5.0.0]]} {[]}
","Count of products or services","The number of repetitions of a service or product.","","Required when the product or service code does not convey the quantity provided.","","","","","","","",,,,,"",,,,"Claim.item.detail.subDetail.quantity",0,1,"","ele-1:All FHIR elements must have a @value or children {hasValue() or (children().count() > id.count())}
"
"Claim.item.detail.subDetail.unitPrice","Claim.item.detail.subDetail.unitPrice","","","",0,1,"","","","Money {[]} {[]}
","Fee, charge or cost per item","If the item is not a group then this is the fee for the product or service, otherwise this is the total of the fees for the details of the group.","","The amount charged to the patient by the provider for a single unit.","","","","","","","",,,,,"",,,,"Claim.item.detail.subDetail.unitPrice",0,1,"","ele-1:All FHIR elements must have a @value or children {hasValue() or (children().count() > id.count())}
"
"Claim.item.detail.subDetail.factor","Claim.item.detail.subDetail.factor","","","",0,1,"","","","decimal {[]} {[]}
","Price scaling factor","A real number that represents a multiplier used in determining the overall value of services delivered and/or goods received. The concept of a Factor allows for a discount or surcharge multiplier to be applied to a monetary amount.","To show a 10% senior's discount, the value entered is: 0.90 (1.00 - 0.10).","When discounts are provided to a patient (example: Senior's discount) then this must be documented for adjudication.","","","","","","","",,,,,"",,,,"Claim.item.detail.subDetail.factor",0,1,"","ele-1:All FHIR elements must have a @value or children {hasValue() or (children().count() > id.count())}
"
"Claim.item.detail.subDetail.tax","Claim.item.detail.subDetail.tax","","","",0,1,"","","","Money {[]} {[]}
","Total tax","The total of taxes applicable for this product or service.","","Required when taxes are not embedded in the unit price or provided as a separate service.","","","","","","","",,,,,"",,,,"Claim.item.detail.subDetail.tax",0,1,"","ele-1:All FHIR elements must have a @value or children {hasValue() or (children().count() > id.count())}
"
"Claim.item.detail.subDetail.net","Claim.item.detail.subDetail.net","","","",0,1,"","","","Money {[]} {[]}
","Total item cost","The total amount claimed for line item.detail.subDetail. Net = unit price * quantity * factor.","For example, the formula: quantity * unitPrice * factor  = net. Quantity and factor are assumed to be 1 if not supplied.","Provides the total amount claimed  for the group (if a grouper) or the line item.","","","","","","","",,,,,"",,,,"Claim.item.detail.subDetail.net",0,1,"","ele-1:All FHIR elements must have a @value or children {hasValue() or (children().count() > id.count())}
"
"Claim.item.detail.subDetail.udi","Claim.item.detail.subDetail.udi","","","",0,*,"","","","Reference {[]} {[CanonicalType[http://hl7.org/fhir/StructureDefinition/Device|5.0.0]]}
","Unique device identifier","Unique Device Identifiers associated with this line item.","","The UDI code allows the insurer to obtain device level information on the product supplied.","","","","","","","",,,,,"",,,,"Claim.item.detail.subDetail.udi",0,*,"","ele-1:All FHIR elements must have a @value or children {hasValue() or (children().count() > id.count())}
"
"Claim.total","Claim.total","","","",0,1,"","","","Money {[]} {[]}
","Total claim cost","The total value of the all the items in the claim.","","Used for  control total purposes.","","","","","","","",,,,,"",,,,"Claim.total",0,1,"","ele-1:All FHIR elements must have a @value or children {hasValue() or (children().count() > id.count())}
"
