URL,Version,Status,OIDs,Name,Title,Description,Uses,Used,Sources
http://hl7.org/fhir/ValueSet/address-type,5.0.0,active,"2.16.840.1.113883.4.642.3.69",AddressType,AddressType,"The type of an address (physical / postal).","StructureDefinition/at-moped-patient-vbPK-LGF,StructureDefinition/at-moped-patient-vbPK-bund,StructureDefinition/at-moped-patient-klarname-basis,StructureDefinition/at-moped-patient-klarname-KA,StructureDefinition/at-moped-patient-vbPK-basis,StructureDefinition/at-moped-patient-klarname-SV,StructureDefinition/at-moped-patient-vbPK-SV,StructureDefinition/at-moped-patient-klarname-bund,StructureDefinition/at-moped-patient-klarname-LGF,StructureDefinition/at-moped-patient-generisch,StructureDefinition/at-moped-patient-vbPK-KA","hl7.fhir.r5.core"
http://hl7.org/fhir/ValueSet/address-use,5.0.0,active,"2.16.840.1.113883.4.642.3.67",AddressUse,AddressUse,"The use of an address.","StructureDefinition/at-moped-patient-vbPK-LGF,StructureDefinition/at-moped-patient-vbPK-bund,StructureDefinition/at-moped-patient-klarname-basis,StructureDefinition/at-moped-patient-klarname-KA,StructureDefinition/at-moped-patient-vbPK-basis,StructureDefinition/at-moped-patient-klarname-SV,StructureDefinition/at-moped-patient-vbPK-SV,StructureDefinition/at-moped-patient-klarname-bund,StructureDefinition/at-moped-patient-klarname-LGF,StructureDefinition/at-moped-patient-generisch,StructureDefinition/at-moped-patient-vbPK-KA","hl7.fhir.r5.core"
http://hl7.org/fhir/ValueSet/adjudication,5.0.0,draft,"2.16.840.1.113883.4.642.2.325,2.16.840.1.113883.4.642.3.596,2.16.840.1.113883.4.642.3.588",AdjudicationValueCodes,Adjudication Value Codes,"This value set includes a smattering of Adjudication Value codes which includes codes to indicate the amounts eligible under the plan, the amount of benefit, copays etc.","StructureDefinition/MopedARKResponse,StructureDefinition/at-moped-claimresponse-lkfresponse-basis,StructureDefinition/at-moped-claimresponse-vaeresponse-basis,StructureDefinition/at-moped-claimresponse-vaeresponse-generisch,StructureDefinition/at-moped-claimresponse-lkfresponse-generisch","THO"
http://hl7.org/fhir/ValueSet/adjudication-error,5.0.0,draft,"2.16.840.1.113883.4.642.3.39",AdjudicationErrorCodes,Adjudication Error Codes,"This value set includes a smattering of adjudication codes.","StructureDefinition/MopedARKResponse,StructureDefinition/at-moped-claimresponse-lkfresponse-basis,StructureDefinition/at-moped-claimresponse-vaeresponse-basis,StructureDefinition/at-moped-claimresponse-vaeresponse-generisch,StructureDefinition/at-moped-claimresponse-lkfresponse-generisch","THO"
http://hl7.org/fhir/ValueSet/adjudication-reason,5.0.0,draft,"2.16.840.1.113883.4.642.3.598,2.16.840.1.113883.4.642.3.590",AdjudicationReasonCodes,Adjudication Reason Codes,"This value set includes smattering of Adjudication Reason codes.","StructureDefinition/MopedARKResponse,StructureDefinition/at-moped-claimresponse-lkfresponse-basis,StructureDefinition/at-moped-claimresponse-vaeresponse-basis,StructureDefinition/at-moped-claimresponse-vaeresponse-generisch,StructureDefinition/at-moped-claimresponse-lkfresponse-generisch","THO"
http://hl7.org/fhir/ValueSet/administrative-gender,5.0.0,active,"2.16.840.1.113883.4.642.3.1",AdministrativeGender,AdministrativeGender,"The gender of a person used for administrative purposes.","StructureDefinition/at-moped-patient-vbPK-LGF,StructureDefinition/at-moped-patient-vbPK-bund,StructureDefinition/at-moped-patient-klarname-KA,StructureDefinition/at-moped-relatedperson-hauptversicherter-generisch,StructureDefinition/at-moped-relatedperson-hauptversicherter-basis,StructureDefinition/at-moped-patient-klarname-LGF,StructureDefinition/at-moped-patient-vbPK-KA,StructureDefinition/at-moped-patient-generisch,StructureDefinition/at-moped-patient-klarname-basis,StructureDefinition/at-moped-patient-vbPK-basis,StructureDefinition/at-moped-patient-klarname-SV,StructureDefinition/at-moped-patient-vbPK-SV,StructureDefinition/at-moped-patient-klarname-bund","hl7.fhir.r5.core"
http://hl7.org/fhir/ValueSet/all-languages,5.0.0,active,"2.16.840.1.113883.4.642.3.21",AllLanguages,All Languages,"This value set includes all possible codes from BCP-47 (see http://tools.ietf.org/html/bcp47)","StructureDefinition/at-moped-procedure-basis,StructureDefinition/at-moped-bundle-melden-LGF,StructureDefinition/at-moped-patient-vbPK-LGF,StructureDefinition/at-moped-encounter-besuch-ambulant-LGF,StructureDefinition/at-moped-bundle-entlassen-KA,StructureDefinition/at-moped-encounter-aufenthalt-stationaer-LGF,StructureDefinition/at-moped-encounter-besuch-ambulant-Bund,StructureDefinition/at-moped-coverage-versicherter-basis,StructureDefinition/at-moped-encounter-aufenthalt-stationaer-basis,StructureDefinition/at-moped-patient-klarname-basis,StructureDefinition/at-moped-observation-geburtenanzahl-basis,StructureDefinition/at-moped-observation-entbindungsart-basis,StructureDefinition/at-moped-condition-generisch,StructureDefinition/at-moped-bundle-abrechnen-KA,StructureDefinition/at-moped-patient-klarname-bund,StructureDefinition/at-moped-composition-basis,StructureDefinition/at-moped-questionnaireresponse-nicht-fallbezogen,StructureDefinition/at-moped-observation-generisch,StructureDefinition/at-moped-encounter-aufenthalt-stationaer-KA,StructureDefinition/at-moped-claim-lkfrequest-basis,StructureDefinition/at-moped-organization-LGF,StructureDefinition/at-moped-coverage-selbstzahler,StructureDefinition/at-moped-bundle-aufnehmen-KA,StructureDefinition/at-moped-bundle-antworten-SV,StructureDefinition/at-moped-claim-vaerequest-basis,StructureDefinition/at-moped-claim-vaerequest-verlaengerung,StructureDefinition/at-moped-encounter-aufenthalt-stationaer-SV,StructureDefinition/at-moped-composition-generisch,StructureDefinition/at-moped-relatedperson-hauptversicherter-generisch,StructureDefinition/at-moped-procedure-generisch,StructureDefinition/at-moped-encounter-aufenthaltbesuch-generisch,StructureDefinition/at-moped-patient-vbPK-KA,StructureDefinition/at-moped-encounter-aufenthalt-stationaer-Bund,StructureDefinition/at-moped-composition-entlassen-aviso,StructureDefinition/MopedARKStatusUpdate,StructureDefinition/at-moped-patient-vbPK-SV,StructureDefinition/at-moped-composition-entlassen-vollstaendig,StructureDefinition/at-moped-encounter-besuch-ambulant-basis,StructureDefinition/at-moped-questionnaireresponse-fallbezogen,StructureDefinition/at-moped-composition-beantworten,StructureDefinition/at-moped-encounter-aufenthalt-stationaer-Aufnahme,StructureDefinition/at-moped-encounter-besuch-ambulant-KA,StructureDefinition/at-moped-claim-lkfrequest-generisch,StructureDefinition/at-moped-bundle-input-KA,StructureDefinition/at-moped-bundle-entscheiden-LGF,StructureDefinition/at-moped-encounter-besuch-ambulant-SV,StructureDefinition/at-moped-patient-klarname-KA,StructureDefinition/at-moped-organization-KA,StructureDefinition/at-moped-claim-VAE-request-initial,StructureDefinition/at-moped-patient-generisch,StructureDefinition/at-moped-device-XDok,StructureDefinition/at-moped-organization-dachverband,StructureDefinition/at-moped-claimresponse-lkfresponse-basis,StructureDefinition/at-moped-organization-bund,StructureDefinition/at-moped-patient-klarname-SV,StructureDefinition/at-moped-composition-update,StructureDefinition/at-moped-encounter-aufenthalt-stationaer-Entlassung,StructureDefinition/at-moped-bundle-anfragen-KA,StructureDefinition/at-moped-bundle-questionnaireresponse-einmelden-KA,StructureDefinition/at-moped-patient-vbPK-bund,StructureDefinition/at-moped-composition-anfragen,StructureDefinition/at-moped-claimresponse-vaeresponse-generisch,StructureDefinition/at-moped-encounter-bewegung-stationaer-basis,StructureDefinition/at-moped-relatedperson-hauptversicherter-basis,StructureDefinition/at-moped-patient-klarname-LGF,StructureDefinition/at-moped-claim-vaerequest-generisch,StructureDefinition/MopedARKResponse,StructureDefinition/MopedARKRequest,StructureDefinition/at-moped-coverage-generisch,StructureDefinition/at-moped-claimresponse-vaeresponse-basis,StructureDefinition/at-moped-encounter-bewegung-generisch,StructureDefinition/at-moped-device-generisch,StructureDefinition/at-moped-encounter-bewegung-intensiv-basis,StructureDefinition/at-moped-condition-basis,StructureDefinition/at-moped-claimresponse-lkfresponse-generisch,StructureDefinition/at-moped-bundle-update-KA,StructureDefinition/at-moped-patient-vbPK-basis,StructureDefinition/at-moped-organization-organisationseinheit-KA,StructureDefinition/at-moped-encounter-bewegung-ambulant-basis,StructureDefinition/at-moped-composition-aufnehmen,StructureDefinition/at-moped-organization-SV","Other"
http://hl7.org/fhir/ValueSet/benefit-network,5.0.0,draft,"2.16.840.1.113883.4.642.3.600,2.16.840.1.113883.4.642.3.608",NetworkTypeCodes,Network Type Codes,"This value set includes a smattering of Network type codes.","StructureDefinition/at-moped-coverage-generisch,StructureDefinition/at-moped-coverage-versicherter-basis,StructureDefinition/at-moped-coverage-selbstzahler","THO"
http://hl7.org/fhir/ValueSet/benefit-term,5.0.0,draft,"2.16.840.1.113883.4.642.3.612,2.16.840.1.113883.4.642.3.604",BenefitTermCodes,Benefit Term Codes,"This value set includes a smattering of Benefit Term codes.","StructureDefinition/at-moped-coverage-generisch,StructureDefinition/at-moped-coverage-versicherter-basis,StructureDefinition/at-moped-coverage-selbstzahler","THO"
http://hl7.org/fhir/ValueSet/benefit-unit,5.0.0,draft,"2.16.840.1.113883.4.642.3.602,2.16.840.1.113883.4.642.3.610",UnitTypeCodes,Unit Type Codes,"This value set includes a smattering of Unit type codes.","StructureDefinition/at-moped-coverage-generisch,StructureDefinition/at-moped-coverage-versicherter-basis,StructureDefinition/at-moped-coverage-selbstzahler","THO"
http://hl7.org/fhir/ValueSet/body-site,5.0.0,draft,"2.16.840.1.113883.4.642.3.653,2.16.840.1.113883.4.642.2.78,2.16.840.1.113883.4.642.3.141",SNOMEDCTBodyStructures,SNOMED CT Body Structures,"This value set includes all codes from [SNOMED CT](http://snomed.info/sct) where concept is-a 442083009 (Anatomical or acquired body site (body structure)).","StructureDefinition/at-moped-observation-generisch,StructureDefinition/at-moped-condition-basis,StructureDefinition/at-moped-observation-entbindungsart-basis,StructureDefinition/at-moped-observation-geburtenanzahl-basis,StructureDefinition/at-moped-condition-generisch","SCT"
http://hl7.org/fhir/ValueSet/bundle-type,5.0.0,active,"2.16.840.1.113883.4.642.3.620,2.16.840.1.113883.4.642.2.327,2.16.840.1.113883.4.642.3.612",BundleType,Bundle Type,"Indicates the purpose of a bundle - how it is intended to be used.","StructureDefinition/at-moped-bundle-melden-LGF,StructureDefinition/at-moped-bundle-anfragen-KA,StructureDefinition/at-moped-bundle-questionnaireresponse-einmelden-KA,StructureDefinition/at-moped-bundle-aufnehmen-KA,StructureDefinition/at-moped-bundle-input-KA,StructureDefinition/at-moped-bundle-antworten-SV,StructureDefinition/at-moped-bundle-entscheiden-LGF,StructureDefinition/at-moped-bundle-update-KA,StructureDefinition/at-moped-bundle-entlassen-KA,StructureDefinition/at-moped-bundle-abrechnen-KA","hl7.fhir.r5.core"
http://hl7.org/fhir/ValueSet/c80-practice-codes,5.0.0,active,"2.16.840.1.113883.4.642.2.134,2.16.840.1.113883.3.88.12.80.72",PracticeSettingCodeValueSet,Practice Setting Code Value Set,"This is the code representing the clinical specialty of the clinician or provider who    interacted with, treated, or provided a service to/for the patient. The value set used    for clinical specialty has been limited by HITSP to the value set reproduced from HITSP    C80 Table 2-149 Clinical Specialty Value Set Definition.","StructureDefinition/at-moped-organization-organisationseinheit-KA","SCT"
http://hl7.org/fhir/ValueSet/claim-careteamrole,5.0.0,draft,"2.16.840.1.113883.4.642.3.586,2.16.840.1.113883.4.642.3.578",ClaimCareTeamRoleCodes,Claim Care Team Role Codes,"This value set includes sample Claim Care Team Role codes.","StructureDefinition/at-moped-claim-vaerequest-generisch,StructureDefinition/MopedARKRequest,StructureDefinition/at-moped-claim-lkfrequest-basis,StructureDefinition/at-moped-claim-lkfrequest-generisch,StructureDefinition/at-moped-claim-vaerequest-basis,StructureDefinition/at-moped-claim-vaerequest-verlaengerung,StructureDefinition/at-moped-claim-VAE-request-initial","THO"
http://hl7.org/fhir/ValueSet/claim-decision,5.0.0,draft,"2.16.840.1.113883.4.642.3.2983",ClaimAdjudicationDecisionsCodes,Claim Adjudication Decision Codes,"This value set includes Claim Adjudication Decision codes.","StructureDefinition/MopedARKResponse,StructureDefinition/at-moped-claimresponse-lkfresponse-basis,StructureDefinition/at-moped-claimresponse-vaeresponse-basis,StructureDefinition/at-moped-claimresponse-vaeresponse-generisch,StructureDefinition/at-moped-claimresponse-lkfresponse-generisch","hl7.fhir.r5.core"
http://hl7.org/fhir/ValueSet/claim-decision-reason,5.0.0,draft,,ClaimAdjudicationDecisionReasonCodes,Claim Adjudication Decision Reason Codes,"This value set includes example Claim Adjudication Decision Reason codes.","StructureDefinition/MopedARKResponse,StructureDefinition/at-moped-claimresponse-lkfresponse-basis,StructureDefinition/at-moped-claimresponse-vaeresponse-basis,StructureDefinition/at-moped-claimresponse-vaeresponse-generisch,StructureDefinition/at-moped-claimresponse-lkfresponse-generisch","hl7.fhir.r5.core"
http://hl7.org/fhir/ValueSet/claim-exception,5.0.0,draft,"2.16.840.1.113883.4.642.3.572,2.16.840.1.113883.4.642.2.307,2.16.840.1.113883.4.642.3.580",ExceptionCodes,Exception Codes,"This value set includes sample Exception codes.","StructureDefinition/at-moped-claim-vaerequest-generisch,StructureDefinition/MopedARKRequest,StructureDefinition/at-moped-claim-lkfrequest-basis,StructureDefinition/at-moped-claim-lkfrequest-generisch,StructureDefinition/at-moped-claim-vaerequest-basis,StructureDefinition/at-moped-claim-vaerequest-verlaengerung,StructureDefinition/at-moped-claim-VAE-request-initial","THO"
http://hl7.org/fhir/ValueSet/claim-informationcategory,5.0.0,draft,"2.16.840.1.113883.4.642.3.574,2.16.840.1.113883.4.642.3.582",ClaimInformationCategoryCodes,Claim Information Category Codes,"This value set includes sample Information Category codes.","StructureDefinition/at-moped-claim-vaerequest-generisch,StructureDefinition/MopedARKRequest,StructureDefinition/at-moped-claim-lkfrequest-basis,StructureDefinition/at-moped-claim-lkfrequest-generisch,StructureDefinition/at-moped-claim-vaerequest-basis,StructureDefinition/at-moped-claim-vaerequest-verlaengerung,StructureDefinition/at-moped-claim-VAE-request-initial","THO"
http://hl7.org/fhir/ValueSet/claim-modifiers,5.0.0,draft,"2.16.840.1.113883.4.642.3.536,2.16.840.1.113883.4.642.2.311,2.16.840.1.113883.4.642.3.528",ModifierTypeCodes,Modifier type Codes,"This value set includes sample Modifier type codes.","StructureDefinition/at-moped-claim-vaerequest-generisch,StructureDefinition/MopedARKResponse,StructureDefinition/at-moped-claimresponse-lkfresponse-basis,StructureDefinition/MopedARKRequest,StructureDefinition/at-moped-claim-lkfrequest-basis,StructureDefinition/at-moped-claimresponse-vaeresponse-basis,StructureDefinition/at-moped-claimresponse-vaeresponse-generisch,StructureDefinition/at-moped-claim-lkfrequest-generisch,StructureDefinition/at-moped-claimresponse-lkfresponse-generisch,StructureDefinition/at-moped-claim-vaerequest-basis,StructureDefinition/at-moped-claim-vaerequest-verlaengerung,StructureDefinition/at-moped-claim-VAE-request-initial","THO"
http://hl7.org/fhir/ValueSet/claim-outcome,5.0.0,draft,"2.16.840.1.113883.4.642.3.2984",ClaimProcessingCodes,Claim Processing Codes,"This value set includes Claim Processing Outcome codes.","StructureDefinition/MopedARKResponse,StructureDefinition/at-moped-claimresponse-lkfresponse-basis,StructureDefinition/at-moped-claimresponse-vaeresponse-basis,StructureDefinition/at-moped-claimresponse-vaeresponse-generisch,StructureDefinition/at-moped-claimresponse-lkfresponse-generisch","hl7.fhir.r5.core"
http://hl7.org/fhir/ValueSet/claim-subtype,5.0.0,draft,"2.16.840.1.113883.4.642.3.558,2.16.840.1.113883.4.642.3.566",ExampleClaimSubTypeCodes,Example Claim SubType Codes,"This value set includes sample Claim SubType codes which are used to distinguish the claim types for example within type institutional there may be subtypes for emergency services, bed stay and transportation.","StructureDefinition/at-moped-claimresponse-vaeresponse-basis,StructureDefinition/at-moped-claimresponse-vaeresponse-generisch","THO"
http://hl7.org/fhir/ValueSet/claim-use,5.0.0,draft,"2.16.840.1.113883.4.642.3.536,2.16.840.1.113883.4.642.3.544",Use,Use,"The purpose of the Claim: predetermination, preauthorization, claim.","StructureDefinition/at-moped-claim-vaerequest-generisch,StructureDefinition/MopedARKResponse,StructureDefinition/at-moped-claimresponse-lkfresponse-basis,StructureDefinition/MopedARKRequest,StructureDefinition/at-moped-claim-lkfrequest-basis,StructureDefinition/at-moped-claimresponse-vaeresponse-basis,StructureDefinition/at-moped-claimresponse-vaeresponse-generisch,StructureDefinition/at-moped-claim-lkfrequest-generisch,StructureDefinition/at-moped-claimresponse-lkfresponse-generisch,StructureDefinition/at-moped-claim-vaerequest-basis,StructureDefinition/at-moped-claim-vaerequest-verlaengerung,StructureDefinition/at-moped-claim-VAE-request-initial","hl7.fhir.r5.core"
http://hl7.org/fhir/ValueSet/clinical-findings,5.0.0,draft,"2.16.840.1.113883.4.642.3.232,2.16.840.1.113883.4.642.3.227,2.16.840.1.113883.4.642.2.115",SNOMEDCTClinicalFindings,SNOMED CT Clinical Findings,"This value set includes all the ""Clinical finding"" [SNOMED CT](http://snomed.info/sct) codes - concepts where concept is-a 404684003 (Clinical finding (finding)).","StructureDefinition/at-moped-condition-basis,StructureDefinition/at-moped-condition-generisch","SCT"
http://hl7.org/fhir/ValueSet/composition-attestation-mode,5.0.0,draft,"2.16.840.1.113883.4.642.3.233,2.16.840.1.113883.4.642.3.238,2.16.840.1.113883.4.642.2.120",CompositionAttestationMode,Composition Attestation Mode,"The way in which a person authenticated a composition.","StructureDefinition/at-moped-composition-update,StructureDefinition/at-moped-composition-beantworten,StructureDefinition/at-moped-composition-entlassen-aviso,StructureDefinition/at-moped-composition-basis,StructureDefinition/at-moped-composition-anfragen,StructureDefinition/at-moped-composition-generisch,StructureDefinition/at-moped-composition-aufnehmen,StructureDefinition/at-moped-composition-entlassen-vollstaendig","hl7.fhir.r5.core"
http://hl7.org/fhir/ValueSet/composition-status,5.0.0,draft,"2.16.840.1.113883.4.642.2.123,2.16.840.1.113883.4.642.3.236,2.16.840.1.113883.4.642.3.241",CompositionStatus,Composition Status,"The workflow/clinical status of the composition.","StructureDefinition/at-moped-composition-update,StructureDefinition/at-moped-composition-beantworten,StructureDefinition/at-moped-composition-entlassen-aviso,StructureDefinition/at-moped-composition-basis,StructureDefinition/at-moped-composition-anfragen,StructureDefinition/at-moped-composition-generisch,StructureDefinition/at-moped-composition-aufnehmen,StructureDefinition/at-moped-composition-entlassen-vollstaendig","hl7.fhir.r5.core"
http://hl7.org/fhir/ValueSet/condition-category,5.0.0,draft,"2.16.840.1.113883.4.642.3.153,2.16.840.1.113883.4.642.3.162,2.16.840.1.113883.4.642.2.73",ConditionCategoryCodes,Condition Category Codes,"Preferred value set for Condition Categories.","StructureDefinition/at-moped-condition-basis,StructureDefinition/at-moped-condition-generisch","THO"
http://hl7.org/fhir/ValueSet/condition-clinical,5.0.0,draft,"2.16.840.1.113883.4.642.3.155,2.16.840.1.113883.4.642.3.164,2.16.840.1.113883.4.642.2.74",ConditionClinicalStatusCodes,Condition Clinical Status Codes,"Preferred value set for Condition Clinical Status.","StructureDefinition/at-moped-condition-basis,StructureDefinition/at-moped-condition-generisch","THO"
http://hl7.org/fhir/ValueSet/condition-code,5.0.0,draft,"2.16.840.1.113883.4.642.3.161,2.16.840.1.113883.4.642.2.72,2.16.840.1.113883.4.642.3.152",ConditionProblemDiagnosisCodes,Condition/Problem/Diagnosis Codes,"Example value set for Condition/Problem/Diagnosis codes.","StructureDefinition/at-moped-procedure-basis,StructureDefinition/at-moped-encounter-aufenthalt-stationaer-Entlassung,StructureDefinition/at-moped-encounter-aufenthalt-stationaer-Aufnahme,StructureDefinition/at-moped-encounter-aufenthalt-stationaer-KA,StructureDefinition/at-moped-encounter-besuch-ambulant-KA,StructureDefinition/at-moped-encounter-besuch-ambulant-LGF,StructureDefinition/at-moped-encounter-bewegung-stationaer-basis,StructureDefinition/at-moped-encounter-besuch-ambulant-SV,StructureDefinition/at-moped-encounter-aufenthalt-stationaer-SV,StructureDefinition/at-moped-encounter-aufenthalt-stationaer-LGF,StructureDefinition/at-moped-procedure-generisch,StructureDefinition/at-moped-encounter-aufenthaltbesuch-generisch,StructureDefinition/at-moped-encounter-besuch-ambulant-Bund,StructureDefinition/at-moped-encounter-aufenthalt-stationaer-Bund,StructureDefinition/at-moped-encounter-bewegung-generisch,StructureDefinition/at-moped-encounter-bewegung-intensiv-basis,StructureDefinition/at-moped-encounter-aufenthalt-stationaer-basis,StructureDefinition/at-moped-condition-basis,StructureDefinition/at-moped-condition-generisch,StructureDefinition/at-moped-encounter-bewegung-ambulant-basis,StructureDefinition/at-moped-encounter-besuch-ambulant-basis","SCT"
http://hl7.org/fhir/ValueSet/condition-severity,5.0.0,draft,"2.16.840.1.113883.4.642.3.168,2.16.840.1.113883.4.642.2.76,2.16.840.1.113883.4.642.3.159",ConditionDiagnosisSeverity,Condition/Diagnosis Severity,"Preferred value set for Condition/Diagnosis severity grading.","StructureDefinition/at-moped-condition-basis,StructureDefinition/at-moped-condition-generisch","SCT"
http://hl7.org/fhir/ValueSet/condition-stage,5.0.0,draft,"2.16.840.1.113883.4.642.3.161,2.16.840.1.113883.4.642.3.170,2.16.840.1.113883.4.642.2.408",ConditionStage,Condition Stage,"Value set for stages of cancer and other conditions.","StructureDefinition/at-moped-condition-basis,StructureDefinition/at-moped-condition-generisch","SCT"
http://hl7.org/fhir/ValueSet/condition-stage-type,5.0.0,draft,"2.16.840.1.113883.4.642.3.171",ConditionStageType,Condition Stage Type,"Example value set for the type of stages of cancer and other conditions","StructureDefinition/at-moped-condition-basis,StructureDefinition/at-moped-condition-generisch","SCT"
http://hl7.org/fhir/ValueSet/condition-ver-status,5.0.0,draft,"2.16.840.1.113883.4.642.3.157,2.16.840.1.113883.4.642.2.75,2.16.840.1.113883.4.642.3.166",ConditionVerificationStatus,Condition Verification Status,"The verification status to support or decline the clinical status of the condition or diagnosis.","StructureDefinition/at-moped-condition-basis,StructureDefinition/at-moped-condition-generisch","THO"
http://hl7.org/fhir/ValueSet/contact-point-system,5.0.0,active,"2.16.840.1.113883.4.642.3.71",ContactPointSystem,ContactPointSystem,"Telecommunications form for contact point.","StructureDefinition/at-moped-patient-vbPK-LGF,StructureDefinition/at-moped-patient-vbPK-bund,StructureDefinition/at-moped-patient-klarname-basis,StructureDefinition/at-moped-patient-klarname-KA,StructureDefinition/at-moped-patient-vbPK-basis,StructureDefinition/at-moped-patient-klarname-SV,StructureDefinition/at-moped-patient-vbPK-SV,StructureDefinition/at-moped-patient-klarname-bund,StructureDefinition/at-moped-patient-klarname-LGF,StructureDefinition/at-moped-patient-generisch,StructureDefinition/at-moped-patient-vbPK-KA","hl7.fhir.r5.core"
http://hl7.org/fhir/ValueSet/contact-point-use,5.0.0,active,"2.16.840.1.113883.4.642.3.73",ContactPointUse,ContactPointUse,"Use of contact point.","StructureDefinition/at-moped-patient-vbPK-LGF,StructureDefinition/at-moped-patient-vbPK-bund,StructureDefinition/at-moped-patient-klarname-basis,StructureDefinition/at-moped-patient-klarname-KA,StructureDefinition/at-moped-patient-vbPK-basis,StructureDefinition/at-moped-patient-klarname-SV,StructureDefinition/at-moped-patient-vbPK-SV,StructureDefinition/at-moped-patient-klarname-bund,StructureDefinition/at-moped-patient-klarname-LGF,StructureDefinition/at-moped-patient-generisch,StructureDefinition/at-moped-patient-vbPK-KA","hl7.fhir.r5.core"
http://hl7.org/fhir/ValueSet/coverage-class,5.0.0,draft,"2.16.840.1.113883.4.642.3.1009",CoverageClassCodes,Coverage Class Codes,"This value set includes Coverage Class codes.","StructureDefinition/at-moped-coverage-generisch,StructureDefinition/at-moped-coverage-versicherter-basis,StructureDefinition/at-moped-coverage-selbstzahler","THO"
http://hl7.org/fhir/ValueSet/coverage-copay-type,5.0.0,draft,"2.16.840.1.113883.4.642.3.527",CoverageCopayTypeCodes,Coverage Copay Type Codes,"This value set includes sample Coverage Copayment Type codes.","StructureDefinition/at-moped-coverage-generisch,StructureDefinition/at-moped-coverage-versicherter-basis,StructureDefinition/at-moped-coverage-selbstzahler","THO"
http://hl7.org/fhir/ValueSet/coverage-financial-exception,5.0.0,draft,"2.16.840.1.113883.4.642.3.1328",ExampleCoverageFinancialExceptionCodes,Example Coverage Financial Exception Codes,"This value set includes Example Coverage Financial Exception Codes.","StructureDefinition/at-moped-coverage-generisch,StructureDefinition/at-moped-coverage-versicherter-basis,StructureDefinition/at-moped-coverage-selbstzahler","THO"
http://hl7.org/fhir/ValueSet/coverage-kind,5.0.0,draft,"2.16.840.1.113883.4.642.3.3244",Kind,Kind,"The kind of coverage: insurance, selfpay or other.","StructureDefinition/at-moped-coverage-generisch,StructureDefinition/at-moped-coverage-versicherter-basis,StructureDefinition/at-moped-coverage-selbstzahler","hl7.fhir.r5.core"
http://hl7.org/fhir/ValueSet/coverage-type,5.0.0,draft,"2.16.840.1.113883.4.642.3.520,2.16.840.1.113883.4.642.3.514",CoverageTypeAndSelfPayCodes,Coverage Type and Self-Pay Codes,"This value set includes Coverage Type codes.","StructureDefinition/at-moped-coverage-generisch,StructureDefinition/at-moped-coverage-versicherter-basis,StructureDefinition/at-moped-coverage-selbstzahler","THO"
http://hl7.org/fhir/ValueSet/currencies,5.0.0,active,"2.16.840.1.113883.4.642.3.1025",Currencies,Currencies,"Currency codes from ISO 4217 (see https://www.iso.org/iso-4217-currency-codes.html)","StructureDefinition/MopedARKStatusUpdate","Other"
http://hl7.org/fhir/ValueSet/data-absent-reason,5.0.0,active,"2.16.840.1.113883.4.642.3.5",DataAbsentReason,Data Absent Reason,"Used to specify why the normally expected content of the data element is missing.","StructureDefinition/at-moped-patient-vbPK-LGF,StructureDefinition/at-moped-observation-generisch,StructureDefinition/at-moped-patient-vbPK-bund,StructureDefinition/at-moped-observation-entbindungsart-basis,StructureDefinition/at-moped-observation-geburtenanzahl-basis,StructureDefinition/at-moped-patient-vbPK-basis,StructureDefinition/at-moped-patient-vbPK-SV,StructureDefinition/at-moped-patient-klarname-bund,StructureDefinition/at-moped-patient-klarname-LGF,StructureDefinition/at-moped-patient-vbPK-KA","THO"
http://hl7.org/fhir/ValueSet/datestype,5.0.0,draft,,DatesTypeCodes,Dates Type Codes,"This value set includes sample Dates Type codes.","StructureDefinition/at-moped-claim-vaerequest-generisch,StructureDefinition/MopedARKResponse,StructureDefinition/at-moped-claimresponse-lkfresponse-basis,StructureDefinition/MopedARKRequest,StructureDefinition/at-moped-claim-lkfrequest-basis,StructureDefinition/at-moped-claimresponse-vaeresponse-basis,StructureDefinition/at-moped-claimresponse-vaeresponse-generisch,StructureDefinition/at-moped-claim-lkfrequest-generisch,StructureDefinition/at-moped-claimresponse-lkfresponse-generisch,StructureDefinition/at-moped-claim-vaerequest-basis,StructureDefinition/at-moped-claim-vaerequest-verlaengerung,StructureDefinition/at-moped-claim-VAE-request-initial","hl7.fhir.r5.core"
http://hl7.org/fhir/ValueSet/device-action,5.0.0,draft,"2.16.840.1.113883.4.642.3.425,2.16.840.1.113883.4.642.2.236,2.16.840.1.113883.4.642.3.416",ProcedureDeviceActionCodes,Procedure Device Action Codes,"Example codes indicating the change that happened to the device during the procedure.  Note that these are in no way complete and might not even be appropriate for some uses.","StructureDefinition/at-moped-procedure-basis,StructureDefinition/at-moped-procedure-generisch","SCT"
http://hl7.org/fhir/ValueSet/device-availability-status,5.0.0,draft,"2.16.840.1.113883.4.642.3.3198",FHIRDeviceAvailabilityStatus,FHIR Device Availability Status,"The availability status of the device.","StructureDefinition/at-moped-device-XDok,StructureDefinition/at-moped-device-generisch","hl7.fhir.r5.core"
http://hl7.org/fhir/ValueSet/device-category,5.0.0,draft,"2.16.840.1.113883.4.642.3.3307",FHIRDeviceCategory,FHIR Device Category,"The association state of the device.","StructureDefinition/at-moped-device-XDok,StructureDefinition/at-moped-device-generisch","hl7.fhir.r5.core"
http://hl7.org/fhir/ValueSet/device-nametype,5.0.0,draft,"2.16.840.1.113883.4.642.3.1083",DeviceNameType,Device Name Type,"The type of name the device is referred by.","StructureDefinition/at-moped-device-XDok,StructureDefinition/at-moped-device-generisch","hl7.fhir.r5.core"
http://hl7.org/fhir/ValueSet/device-operation-mode,5.0.0,draft,"2.16.840.1.113883.4.642.3.3309",FHIRDeviceOperationMode,FHIR Device Operation Mode,"The operation mode of the device.","StructureDefinition/at-moped-device-XDok,StructureDefinition/at-moped-device-generisch","hl7.fhir.r5.core"
http://hl7.org/fhir/ValueSet/device-property-type,5.0.0,draft,"2.16.840.1.113883.4.642.3.3195",DeviceType,Device Property Type,"Codes used to identify medical devices. Includes concepts from SNOMED CT (http://www.snomed.org/) where concept is-a 49062001 (Device)  and is provided as a suggestive example.","StructureDefinition/at-moped-device-XDok,StructureDefinition/at-moped-device-generisch","SCT,Other"
http://hl7.org/fhir/ValueSet/device-safety,5.0.0,draft,"2.16.840.1.113883.4.642.3.213,2.16.840.1.113883.4.642.3.893",DeviceSafety,Device Safety,"Codes used to identify medical devices safety characteristics. These codes are taken from the [NCI Thesaurus](https://ncit.nci.nih.gov/ncitbrowser/pages/home.jsf) and are provided here as a suggestive example.","StructureDefinition/at-moped-device-XDok,StructureDefinition/at-moped-device-generisch","Other"
http://hl7.org/fhir/ValueSet/device-specification-category,5.0.0,draft,"2.16.840.1.113883.4.642.3.3197",DeviceSpecificationCategory,Device Specification Category,"The kind of standards used by the device.","StructureDefinition/at-moped-device-XDok,StructureDefinition/at-moped-device-generisch","hl7.fhir.r5.core"
http://hl7.org/fhir/ValueSet/device-specification-type,5.0.0,draft,"2.16.840.1.113883.4.642.3.3204",DeviceSpecificationType,Device Specification Type,"The type or specification of a standard that devices can adhere to","StructureDefinition/at-moped-device-XDok,StructureDefinition/at-moped-device-generisch","Other"
http://hl7.org/fhir/ValueSet/device-status,5.0.0,draft,"2.16.840.1.113883.4.642.3.199,2.16.840.1.113883.4.642.3.209",FHIRDeviceStatus,FHIR Device Status,"The status of the Device record.","StructureDefinition/at-moped-device-XDok,StructureDefinition/at-moped-device-generisch","hl7.fhir.r5.core"
http://hl7.org/fhir/ValueSet/device-type,5.0.0,draft,"2.16.840.1.113883.4.642.3.1376",DeviceType,Device Type,"Codes used to identify medical devices. Includes concepts from SNOMED CT (http://www.snomed.org/) where concept is-a 49062001 (Device)  and is provided as a suggestive example.","StructureDefinition/at-moped-procedure-basis,StructureDefinition/at-moped-procedure-generisch","SCT,Other"
http://hl7.org/fhir/ValueSet/device-versiontype,5.0.0,draft,"2.16.840.1.113883.4.642.3.3202",DeviceVersionType,Device Version Type,"Describes the type of version","StructureDefinition/at-moped-device-XDok,StructureDefinition/at-moped-device-generisch","Other"
http://hl7.org/fhir/ValueSet/doc-typecodes,5.0.0,draft,"2.16.840.1.113883.4.642.3.235,2.16.840.1.113883.4.642.2.121,2.16.840.1.113883.4.642.3.240",FHIRDocumentTypeCodes,FHIR Document Type Codes,"FHIR Document Codes - all LOINC codes where scale type = 'DOC'.","StructureDefinition/at-moped-composition-update,StructureDefinition/at-moped-composition-beantworten,StructureDefinition/at-moped-composition-entlassen-aviso,StructureDefinition/at-moped-composition-basis,StructureDefinition/at-moped-composition-anfragen,StructureDefinition/at-moped-composition-generisch,StructureDefinition/at-moped-composition-aufnehmen,StructureDefinition/at-moped-composition-entlassen-vollstaendig","LOINC"
http://hl7.org/fhir/ValueSet/encounter-admit-source,5.0.0,draft,"2.16.840.1.113883.4.642.3.257,2.16.840.1.113883.4.642.2.144,2.16.840.1.113883.4.642.3.252",AdmitSource,Admit Source,"This value set defines a set of codes that can be used to indicate from where the patient came in.","StructureDefinition/at-moped-encounter-aufenthalt-stationaer-Entlassung,StructureDefinition/at-moped-encounter-aufenthalt-stationaer-Aufnahme,StructureDefinition/at-moped-encounter-aufenthalt-stationaer-KA,StructureDefinition/at-moped-encounter-besuch-ambulant-KA,StructureDefinition/at-moped-encounter-besuch-ambulant-LGF,StructureDefinition/at-moped-encounter-bewegung-stationaer-basis,StructureDefinition/at-moped-encounter-besuch-ambulant-SV,StructureDefinition/at-moped-encounter-aufenthalt-stationaer-SV,StructureDefinition/at-moped-encounter-aufenthalt-stationaer-LGF,StructureDefinition/at-moped-encounter-aufenthaltbesuch-generisch,StructureDefinition/at-moped-encounter-besuch-ambulant-Bund,StructureDefinition/at-moped-encounter-aufenthalt-stationaer-Bund,StructureDefinition/at-moped-encounter-bewegung-generisch,StructureDefinition/at-moped-encounter-bewegung-intensiv-basis,StructureDefinition/at-moped-encounter-aufenthalt-stationaer-basis,StructureDefinition/at-moped-encounter-bewegung-ambulant-basis,StructureDefinition/at-moped-encounter-besuch-ambulant-basis","THO"
http://hl7.org/fhir/ValueSet/encounter-diagnosis-use,5.0.0,draft,"2.16.840.1.113883.4.642.4.3321",EncounterDiagnosisUse,Encounter Diagnosis Use,"What a specific Encounter/EpisodeOfCare `diagnosis.condition` is to be used for.","StructureDefinition/at-moped-encounter-aufenthalt-stationaer-Entlassung,StructureDefinition/at-moped-encounter-aufenthalt-stationaer-Aufnahme,StructureDefinition/at-moped-encounter-aufenthalt-stationaer-KA,StructureDefinition/at-moped-encounter-besuch-ambulant-KA,StructureDefinition/at-moped-encounter-besuch-ambulant-LGF,StructureDefinition/at-moped-encounter-bewegung-stationaer-basis,StructureDefinition/at-moped-encounter-besuch-ambulant-SV,StructureDefinition/at-moped-encounter-aufenthalt-stationaer-SV,StructureDefinition/at-moped-encounter-aufenthalt-stationaer-LGF,StructureDefinition/at-moped-encounter-aufenthaltbesuch-generisch,StructureDefinition/at-moped-encounter-besuch-ambulant-Bund,StructureDefinition/at-moped-encounter-aufenthalt-stationaer-Bund,StructureDefinition/at-moped-encounter-bewegung-generisch,StructureDefinition/at-moped-encounter-bewegung-intensiv-basis,StructureDefinition/at-moped-encounter-aufenthalt-stationaer-basis,StructureDefinition/at-moped-encounter-bewegung-ambulant-basis,StructureDefinition/at-moped-encounter-besuch-ambulant-basis","hl7.fhir.r5.core"
http://hl7.org/fhir/ValueSet/encounter-diet,5.0.0,draft,"2.16.840.1.113883.4.642.3.255,2.16.840.1.113883.4.642.2.142,2.16.840.1.113883.4.642.3.250",EncounterDiet,Diet,"This value set defines a set of codes that can be used to indicate dietary preferences or restrictions a patient may have.","StructureDefinition/at-moped-encounter-aufenthalt-stationaer-Entlassung,StructureDefinition/at-moped-encounter-aufenthalt-stationaer-Aufnahme,StructureDefinition/at-moped-encounter-aufenthalt-stationaer-KA,StructureDefinition/at-moped-encounter-besuch-ambulant-KA,StructureDefinition/at-moped-encounter-besuch-ambulant-LGF,StructureDefinition/at-moped-encounter-bewegung-stationaer-basis,StructureDefinition/at-moped-encounter-besuch-ambulant-SV,StructureDefinition/at-moped-encounter-aufenthalt-stationaer-SV,StructureDefinition/at-moped-encounter-aufenthalt-stationaer-LGF,StructureDefinition/at-moped-encounter-aufenthaltbesuch-generisch,StructureDefinition/at-moped-encounter-besuch-ambulant-Bund,StructureDefinition/at-moped-encounter-aufenthalt-stationaer-Bund,StructureDefinition/at-moped-encounter-bewegung-generisch,StructureDefinition/at-moped-encounter-bewegung-intensiv-basis,StructureDefinition/at-moped-encounter-aufenthalt-stationaer-basis,StructureDefinition/at-moped-encounter-bewegung-ambulant-basis,StructureDefinition/at-moped-encounter-besuch-ambulant-basis","THO"
http://hl7.org/fhir/ValueSet/encounter-discharge-disposition,5.0.0,draft,"2.16.840.1.113883.4.642.3.254,2.16.840.1.113883.4.642.2.145,2.16.840.1.113883.4.642.3.259",DischargeDisposition,Discharge Disposition,"This value set defines a set of codes that can be used to where the patient left the hospital.","StructureDefinition/at-moped-encounter-bewegung-generisch,StructureDefinition/at-moped-encounter-bewegung-intensiv-basis,StructureDefinition/at-moped-encounter-bewegung-stationaer-basis,StructureDefinition/at-moped-encounter-bewegung-ambulant-basis,StructureDefinition/at-moped-encounter-aufenthaltbesuch-generisch","THO"
http://hl7.org/fhir/ValueSet/encounter-location-status,5.0.0,draft,"2.16.840.1.113883.4.642.3.257,2.16.840.1.113883.4.642.2.147,2.16.840.1.113883.4.642.3.262",EncounterLocationStatus,Encounter Location Status,"The status of the location.","StructureDefinition/at-moped-encounter-aufenthalt-stationaer-Entlassung,StructureDefinition/at-moped-encounter-aufenthalt-stationaer-Aufnahme,StructureDefinition/at-moped-encounter-aufenthalt-stationaer-KA,StructureDefinition/at-moped-encounter-besuch-ambulant-KA,StructureDefinition/at-moped-encounter-besuch-ambulant-LGF,StructureDefinition/at-moped-encounter-bewegung-stationaer-basis,StructureDefinition/at-moped-encounter-besuch-ambulant-SV,StructureDefinition/at-moped-encounter-aufenthalt-stationaer-SV,StructureDefinition/at-moped-encounter-aufenthalt-stationaer-LGF,StructureDefinition/at-moped-encounter-aufenthaltbesuch-generisch,StructureDefinition/at-moped-encounter-besuch-ambulant-Bund,StructureDefinition/at-moped-encounter-aufenthalt-stationaer-Bund,StructureDefinition/at-moped-encounter-bewegung-generisch,StructureDefinition/at-moped-encounter-bewegung-intensiv-basis,StructureDefinition/at-moped-encounter-aufenthalt-stationaer-basis,StructureDefinition/at-moped-encounter-bewegung-ambulant-basis,StructureDefinition/at-moped-encounter-besuch-ambulant-basis","hl7.fhir.r5.core"
http://hl7.org/fhir/ValueSet/encounter-participant-type,5.0.0,draft,"2.16.840.1.113883.4.642.3.245,2.16.840.1.113883.4.642.2.139,2.16.840.1.113883.4.642.3.250",ParticipantType,Participant Type,"This value set defines a set of codes that can be used to indicate how an individual participates in an encounter.","StructureDefinition/at-moped-encounter-aufenthalt-stationaer-Entlassung,StructureDefinition/at-moped-encounter-aufenthalt-stationaer-Aufnahme,StructureDefinition/at-moped-encounter-aufenthalt-stationaer-KA,StructureDefinition/at-moped-encounter-besuch-ambulant-KA,StructureDefinition/at-moped-encounter-besuch-ambulant-LGF,StructureDefinition/at-moped-encounter-bewegung-stationaer-basis,StructureDefinition/at-moped-encounter-besuch-ambulant-SV,StructureDefinition/at-moped-encounter-aufenthalt-stationaer-SV,StructureDefinition/at-moped-encounter-aufenthalt-stationaer-LGF,StructureDefinition/at-moped-encounter-aufenthaltbesuch-generisch,StructureDefinition/at-moped-encounter-besuch-ambulant-Bund,StructureDefinition/at-moped-encounter-aufenthalt-stationaer-Bund,StructureDefinition/at-moped-encounter-bewegung-generisch,StructureDefinition/at-moped-encounter-bewegung-intensiv-basis,StructureDefinition/at-moped-encounter-aufenthalt-stationaer-basis,StructureDefinition/at-moped-encounter-bewegung-ambulant-basis,StructureDefinition/at-moped-encounter-besuch-ambulant-basis","THO (V3),THO"
http://hl7.org/fhir/ValueSet/encounter-reason,5.0.0,draft,"2.16.840.1.113883.4.642.3.256,2.16.840.1.113883.4.642.2.146,2.16.840.1.113883.4.642.3.261",EncounterReasonCodes,Encounter Reason Codes,"This examples value set defines the set of codes that can be used to indicate reasons for an encounter.","StructureDefinition/at-moped-encounter-aufenthalt-stationaer-Entlassung,StructureDefinition/at-moped-encounter-aufenthalt-stationaer-Aufnahme,StructureDefinition/at-moped-encounter-aufenthalt-stationaer-KA,StructureDefinition/at-moped-encounter-besuch-ambulant-KA,StructureDefinition/at-moped-encounter-besuch-ambulant-LGF,StructureDefinition/at-moped-encounter-bewegung-stationaer-basis,StructureDefinition/at-moped-encounter-besuch-ambulant-SV,StructureDefinition/at-moped-encounter-aufenthalt-stationaer-SV,StructureDefinition/at-moped-encounter-aufenthalt-stationaer-LGF,StructureDefinition/at-moped-encounter-aufenthaltbesuch-generisch,StructureDefinition/at-moped-encounter-besuch-ambulant-Bund,StructureDefinition/at-moped-encounter-aufenthalt-stationaer-Bund,StructureDefinition/at-moped-encounter-bewegung-generisch,StructureDefinition/at-moped-encounter-bewegung-intensiv-basis,StructureDefinition/at-moped-encounter-aufenthalt-stationaer-basis,StructureDefinition/at-moped-encounter-bewegung-ambulant-basis,StructureDefinition/at-moped-encounter-besuch-ambulant-basis","SCT"
http://hl7.org/fhir/ValueSet/encounter-reason-use,5.0.0,draft,"2.16.840.1.113883.4.642.4.3320",EncounterReasonUse,Encounter Reason Use,"What a specific Encounter/EpisodeOfCare `reason.value` is to be used for.","StructureDefinition/at-moped-encounter-aufenthalt-stationaer-Entlassung,StructureDefinition/at-moped-encounter-aufenthalt-stationaer-Aufnahme,StructureDefinition/at-moped-encounter-aufenthalt-stationaer-KA,StructureDefinition/at-moped-encounter-besuch-ambulant-KA,StructureDefinition/at-moped-encounter-besuch-ambulant-LGF,StructureDefinition/at-moped-encounter-bewegung-stationaer-basis,StructureDefinition/at-moped-encounter-besuch-ambulant-SV,StructureDefinition/at-moped-encounter-aufenthalt-stationaer-SV,StructureDefinition/at-moped-encounter-aufenthalt-stationaer-LGF,StructureDefinition/at-moped-encounter-aufenthaltbesuch-generisch,StructureDefinition/at-moped-encounter-besuch-ambulant-Bund,StructureDefinition/at-moped-encounter-aufenthalt-stationaer-Bund,StructureDefinition/at-moped-encounter-bewegung-generisch,StructureDefinition/at-moped-encounter-bewegung-intensiv-basis,StructureDefinition/at-moped-encounter-aufenthalt-stationaer-basis,StructureDefinition/at-moped-encounter-bewegung-ambulant-basis,StructureDefinition/at-moped-encounter-besuch-ambulant-basis","hl7.fhir.r5.core"
http://hl7.org/fhir/ValueSet/encounter-special-arrangements,5.0.0,draft,"2.16.840.1.113883.4.642.3.248,2.16.840.1.113883.4.642.2.141,2.16.840.1.113883.4.642.3.253",SpecialArrangements,Special Arrangements,"This value set defines a set of codes that can be used to indicate the kinds of special arrangements in place for a patients visit.","StructureDefinition/at-moped-encounter-aufenthalt-stationaer-Entlassung,StructureDefinition/at-moped-encounter-aufenthalt-stationaer-Aufnahme,StructureDefinition/at-moped-encounter-aufenthalt-stationaer-KA,StructureDefinition/at-moped-encounter-besuch-ambulant-KA,StructureDefinition/at-moped-encounter-besuch-ambulant-LGF,StructureDefinition/at-moped-encounter-bewegung-stationaer-basis,StructureDefinition/at-moped-encounter-besuch-ambulant-SV,StructureDefinition/at-moped-encounter-aufenthalt-stationaer-SV,StructureDefinition/at-moped-encounter-aufenthalt-stationaer-LGF,StructureDefinition/at-moped-encounter-aufenthaltbesuch-generisch,StructureDefinition/at-moped-encounter-besuch-ambulant-Bund,StructureDefinition/at-moped-encounter-aufenthalt-stationaer-Bund,StructureDefinition/at-moped-encounter-bewegung-generisch,StructureDefinition/at-moped-encounter-bewegung-intensiv-basis,StructureDefinition/at-moped-encounter-aufenthalt-stationaer-basis,StructureDefinition/at-moped-encounter-bewegung-ambulant-basis,StructureDefinition/at-moped-encounter-besuch-ambulant-basis","THO"
http://hl7.org/fhir/ValueSet/encounter-special-courtesy,5.0.0,draft,"2.16.840.1.113883.4.642.3.247,2.16.840.1.113883.4.642.3.252,2.16.840.1.113883.4.642.2.140",SpecialCourtesy,Special Courtesy,"This value set defines a set of codes that can be used to indicate special courtesies provided to the patient.","StructureDefinition/at-moped-encounter-aufenthalt-stationaer-Entlassung,StructureDefinition/at-moped-encounter-aufenthalt-stationaer-Aufnahme,StructureDefinition/at-moped-encounter-aufenthalt-stationaer-KA,StructureDefinition/at-moped-encounter-besuch-ambulant-KA,StructureDefinition/at-moped-encounter-besuch-ambulant-LGF,StructureDefinition/at-moped-encounter-bewegung-stationaer-basis,StructureDefinition/at-moped-encounter-besuch-ambulant-SV,StructureDefinition/at-moped-encounter-aufenthalt-stationaer-SV,StructureDefinition/at-moped-encounter-aufenthalt-stationaer-LGF,StructureDefinition/at-moped-encounter-aufenthaltbesuch-generisch,StructureDefinition/at-moped-encounter-besuch-ambulant-Bund,StructureDefinition/at-moped-encounter-aufenthalt-stationaer-Bund,StructureDefinition/at-moped-encounter-bewegung-generisch,StructureDefinition/at-moped-encounter-bewegung-intensiv-basis,StructureDefinition/at-moped-encounter-aufenthalt-stationaer-basis,StructureDefinition/at-moped-encounter-bewegung-ambulant-basis,StructureDefinition/at-moped-encounter-besuch-ambulant-basis","THO (V3)"
http://hl7.org/fhir/ValueSet/encounter-status,5.0.0,draft,"2.16.840.1.113883.4.642.3.246,2.16.840.1.113883.4.642.3.241",EncounterStatus,Encounter Status,"Current state of the encounter.","StructureDefinition/at-moped-encounter-bewegung-generisch,StructureDefinition/at-moped-encounter-bewegung-intensiv-basis,StructureDefinition/at-moped-encounter-bewegung-stationaer-basis,StructureDefinition/at-moped-encounter-bewegung-ambulant-basis","hl7.fhir.r5.core"
http://hl7.org/fhir/ValueSet/encounter-subject-status,5.0.0,draft,"2.16.840.1.113883.4.642.3.3159",EncounterSubjectStatus,Encounter Subject Status,"This example value set defines a set of codes that can be used to indicate the status of the subject within the encounter","StructureDefinition/at-moped-encounter-aufenthalt-stationaer-Entlassung,StructureDefinition/at-moped-encounter-aufenthalt-stationaer-Aufnahme,StructureDefinition/at-moped-encounter-aufenthalt-stationaer-KA,StructureDefinition/at-moped-encounter-besuch-ambulant-KA,StructureDefinition/at-moped-encounter-besuch-ambulant-LGF,StructureDefinition/at-moped-encounter-bewegung-stationaer-basis,StructureDefinition/at-moped-encounter-besuch-ambulant-SV,StructureDefinition/at-moped-encounter-aufenthalt-stationaer-SV,StructureDefinition/at-moped-encounter-aufenthalt-stationaer-LGF,StructureDefinition/at-moped-encounter-aufenthaltbesuch-generisch,StructureDefinition/at-moped-encounter-besuch-ambulant-Bund,StructureDefinition/at-moped-encounter-aufenthalt-stationaer-Bund,StructureDefinition/at-moped-encounter-bewegung-generisch,StructureDefinition/at-moped-encounter-bewegung-intensiv-basis,StructureDefinition/at-moped-encounter-aufenthalt-stationaer-basis,StructureDefinition/at-moped-encounter-besuch-ambulant-basis","THO"
http://hl7.org/fhir/ValueSet/encounter-type,5.0.0,draft,"2.16.840.1.113883.4.642.3.243,2.16.840.1.113883.4.642.3.248,2.16.840.1.113883.4.642.2.137",EncounterType,Encounter Type,"This example value set defines a set of codes that can be used to indicate the type of encounter: a specific code indicating type of service provided.","StructureDefinition/at-moped-encounter-aufenthalt-stationaer-Entlassung,StructureDefinition/at-moped-encounter-aufenthalt-stationaer-Aufnahme,StructureDefinition/at-moped-encounter-aufenthalt-stationaer-KA,StructureDefinition/at-moped-encounter-besuch-ambulant-KA,StructureDefinition/at-moped-encounter-besuch-ambulant-LGF,StructureDefinition/at-moped-encounter-bewegung-stationaer-basis,StructureDefinition/at-moped-encounter-besuch-ambulant-SV,StructureDefinition/at-moped-encounter-aufenthalt-stationaer-SV,StructureDefinition/at-moped-encounter-aufenthalt-stationaer-LGF,StructureDefinition/at-moped-encounter-aufenthaltbesuch-generisch,StructureDefinition/at-moped-encounter-besuch-ambulant-Bund,StructureDefinition/at-moped-encounter-aufenthalt-stationaer-Bund,StructureDefinition/at-moped-encounter-bewegung-generisch,StructureDefinition/at-moped-encounter-bewegung-intensiv-basis,StructureDefinition/at-moped-encounter-aufenthalt-stationaer-basis,StructureDefinition/at-moped-encounter-bewegung-ambulant-basis,StructureDefinition/at-moped-encounter-besuch-ambulant-basis","THO"
http://hl7.org/fhir/ValueSet/event-status,5.0.0,draft,"2.16.840.1.113883.4.642.3.109",EventStatus,EventStatus,"Codes identifying the lifecycle stage of an event.","StructureDefinition/at-moped-procedure-basis,StructureDefinition/at-moped-procedure-generisch","hl7.fhir.r5.core"
http://hl7.org/fhir/ValueSet/ex-benefitcategory,5.0.0,draft,"2.16.840.1.113883.4.642.3.1174",BenefitCategoryCodes,Benefit Category Codes,"This value set includes examples of Benefit Category codes.","StructureDefinition/at-moped-claim-vaerequest-generisch,StructureDefinition/MopedARKRequest,StructureDefinition/at-moped-coverage-generisch,StructureDefinition/at-moped-claim-lkfrequest-basis,StructureDefinition/at-moped-coverage-versicherter-basis,StructureDefinition/at-moped-claim-lkfrequest-generisch,StructureDefinition/at-moped-coverage-selbstzahler,StructureDefinition/at-moped-claim-vaerequest-basis,StructureDefinition/at-moped-claim-vaerequest-verlaengerung,StructureDefinition/at-moped-claim-VAE-request-initial","THO"
http://hl7.org/fhir/ValueSet/ex-diagnosis-on-admission,5.0.0,draft,"2.16.840.1.113883.4.642.3.1169",ExampleDiagnosisOnAdmissionCodes,Example Diagnosis on Admission Codes,"This value set includes example Diagnosis on Admission codes.","StructureDefinition/at-moped-claim-vaerequest-generisch,StructureDefinition/MopedARKRequest,StructureDefinition/at-moped-claim-lkfrequest-basis,StructureDefinition/at-moped-claim-lkfrequest-generisch,StructureDefinition/at-moped-claim-vaerequest-basis,StructureDefinition/at-moped-claim-vaerequest-verlaengerung,StructureDefinition/at-moped-claim-VAE-request-initial","THO"
http://hl7.org/fhir/ValueSet/ex-diagnosisrelatedgroup,5.0.0,draft,"2.16.840.1.113883.4.642.3.588,2.16.840.1.113883.4.642.3.580",ExampleDiagnosisRelatedGroupCodes,Example Diagnosis Related Group Codes,"This value set includes example Diagnosis Related Group codes.","StructureDefinition/at-moped-claim-vaerequest-generisch,StructureDefinition/MopedARKResponse,StructureDefinition/at-moped-claimresponse-lkfresponse-basis,StructureDefinition/at-moped-claimresponse-vaeresponse-basis,StructureDefinition/at-moped-claimresponse-vaeresponse-generisch,StructureDefinition/at-moped-claimresponse-lkfresponse-generisch,StructureDefinition/at-moped-claim-vaerequest-basis,StructureDefinition/at-moped-claim-vaerequest-verlaengerung,StructureDefinition/at-moped-claim-VAE-request-initial","THO"
http://hl7.org/fhir/ValueSet/ex-diagnosistype,5.0.0,draft,"2.16.840.1.113883.4.642.3.590,2.16.840.1.113883.4.642.3.582",ExampleDiagnosisTypeCodes,Example Diagnosis Type Codes,"This value set includes example Diagnosis Type codes.","StructureDefinition/at-moped-claim-vaerequest-generisch,StructureDefinition/MopedARKRequest,StructureDefinition/at-moped-claim-lkfrequest-basis,StructureDefinition/at-moped-claim-lkfrequest-generisch,StructureDefinition/at-moped-claim-vaerequest-basis,StructureDefinition/at-moped-claim-vaerequest-verlaengerung,StructureDefinition/at-moped-claim-VAE-request-initial","THO"
http://hl7.org/fhir/ValueSet/ex-paymenttype,5.0.0,draft,"2.16.840.1.113883.4.642.3.616,2.16.840.1.113883.4.642.3.608",ExamplePaymentTypeCodes,Example Payment Type Codes,"This value set includes example Payment Type codes.","StructureDefinition/MopedARKResponse,StructureDefinition/at-moped-claimresponse-lkfresponse-basis,StructureDefinition/at-moped-claimresponse-vaeresponse-basis,StructureDefinition/at-moped-claimresponse-vaeresponse-generisch,StructureDefinition/at-moped-claimresponse-lkfresponse-generisch","THO"
http://hl7.org/fhir/ValueSet/ex-procedure-type,5.0.0,draft,"2.16.840.1.113883.4.642.3.1387",ExampleProcedureTypeCodes,Example Procedure Type Codes,"This value set includes example Procedure Type codes.","StructureDefinition/at-moped-claim-vaerequest-generisch,StructureDefinition/MopedARKRequest,StructureDefinition/at-moped-claim-lkfrequest-basis,StructureDefinition/at-moped-claim-lkfrequest-generisch,StructureDefinition/at-moped-claim-vaerequest-basis,StructureDefinition/at-moped-claim-vaerequest-verlaengerung,StructureDefinition/at-moped-claim-VAE-request-initial","THO"
http://hl7.org/fhir/ValueSet/ex-program-code,5.0.0,draft,"2.16.840.1.113883.4.642.3.576,2.16.840.1.113883.4.642.3.568",ExampleProgramReasonCodes,Example Program Reason Codes,"This value set includes sample Program Reason Span codes.","StructureDefinition/at-moped-claim-vaerequest-generisch,StructureDefinition/MopedARKResponse,StructureDefinition/at-moped-claimresponse-lkfresponse-basis,StructureDefinition/MopedARKRequest,StructureDefinition/at-moped-claim-lkfrequest-basis,StructureDefinition/at-moped-claimresponse-vaeresponse-basis,StructureDefinition/at-moped-claimresponse-vaeresponse-generisch,StructureDefinition/at-moped-claim-lkfrequest-generisch,StructureDefinition/at-moped-claimresponse-lkfresponse-generisch,StructureDefinition/at-moped-claim-vaerequest-basis,StructureDefinition/at-moped-claim-vaerequest-verlaengerung,StructureDefinition/at-moped-claim-VAE-request-initial","THO"
http://hl7.org/fhir/ValueSet/ex-revenue-center,5.0.0,draft,"2.16.840.1.113883.4.642.3.586,2.16.840.1.113883.4.642.3.594",ExampleRevenueCenterCodes,Example Revenue Center Codes,"This value set includes sample Revenue Center codes.","StructureDefinition/at-moped-claim-vaerequest-generisch,StructureDefinition/MopedARKResponse,StructureDefinition/at-moped-claimresponse-lkfresponse-basis,StructureDefinition/MopedARKRequest,StructureDefinition/at-moped-claim-lkfrequest-basis,StructureDefinition/at-moped-claimresponse-vaeresponse-basis,StructureDefinition/at-moped-claimresponse-vaeresponse-generisch,StructureDefinition/at-moped-claim-lkfrequest-generisch,StructureDefinition/at-moped-claimresponse-lkfresponse-generisch,StructureDefinition/at-moped-claim-vaerequest-basis,StructureDefinition/at-moped-claim-vaerequest-verlaengerung,StructureDefinition/at-moped-claim-VAE-request-initial","THO"
http://hl7.org/fhir/ValueSet/fm-status,5.0.0,draft,"2.16.840.1.113883.4.642.3.584,2.16.840.1.113883.4.642.3.592",FinancialResourceStatusCodes,Financial Resource Status Codes,"This value set includes Status codes.","StructureDefinition/at-moped-claim-lkfrequest-basis,StructureDefinition/at-moped-claimresponse-vaeresponse-generisch,StructureDefinition/at-moped-claim-lkfrequest-generisch,StructureDefinition/at-moped-coverage-selbstzahler,StructureDefinition/at-moped-claim-vaerequest-basis,StructureDefinition/at-moped-claim-vaerequest-verlaengerung,StructureDefinition/at-moped-claim-VAE-request-initial,StructureDefinition/at-moped-claim-vaerequest-generisch,StructureDefinition/MopedARKResponse,StructureDefinition/at-moped-claimresponse-lkfresponse-basis,StructureDefinition/MopedARKRequest,StructureDefinition/at-moped-coverage-generisch,StructureDefinition/at-moped-claimresponse-vaeresponse-basis,StructureDefinition/at-moped-coverage-versicherter-basis,StructureDefinition/at-moped-claimresponse-lkfresponse-generisch,StructureDefinition/MopedARKStatusUpdate","hl7.fhir.r5.core"
http://hl7.org/fhir/ValueSet/forms,5.0.0,draft,"2.16.840.1.113883.4.642.3.37",FormCodes,Form Codes,"This value set includes a sample set of Forms codes.","StructureDefinition/MopedARKResponse,StructureDefinition/at-moped-claimresponse-lkfresponse-basis,StructureDefinition/at-moped-claimresponse-vaeresponse-basis,StructureDefinition/at-moped-claimresponse-vaeresponse-generisch,StructureDefinition/at-moped-claimresponse-lkfresponse-generisch,StructureDefinition/MopedARKStatusUpdate","THO"
http://hl7.org/fhir/ValueSet/fundsreserve,5.0.0,draft,"2.16.840.1.113883.4.642.3.33",FundsReservationCodes,Funds Reservation Codes,"This value set includes sample funds reservation type codes.","StructureDefinition/at-moped-claim-vaerequest-generisch,StructureDefinition/MopedARKResponse,StructureDefinition/at-moped-claimresponse-lkfresponse-basis,StructureDefinition/MopedARKRequest,StructureDefinition/at-moped-claim-lkfrequest-basis,StructureDefinition/at-moped-claimresponse-vaeresponse-basis,StructureDefinition/at-moped-claimresponse-vaeresponse-generisch,StructureDefinition/at-moped-claim-lkfrequest-generisch,StructureDefinition/at-moped-claimresponse-lkfresponse-generisch,StructureDefinition/at-moped-claim-vaerequest-basis,StructureDefinition/at-moped-claim-vaerequest-verlaengerung,StructureDefinition/at-moped-claim-VAE-request-initial","THO"
http://hl7.org/fhir/ValueSet/http-verb,5.0.0,active,"2.16.840.1.113883.4.642.3.624,2.16.840.1.113883.4.642.3.616,2.16.840.1.113883.4.642.2.329",HTTPVerb,H T T P Verb,"HTTP verbs (in the HTTP command line). See [HTTP rfc](https://tools.ietf.org/html/rfc7231) for details.","StructureDefinition/at-moped-bundle-melden-LGF,StructureDefinition/at-moped-bundle-anfragen-KA,StructureDefinition/at-moped-bundle-aufnehmen-KA,StructureDefinition/at-moped-bundle-input-KA,StructureDefinition/at-moped-bundle-antworten-SV,StructureDefinition/at-moped-bundle-entscheiden-LGF,StructureDefinition/at-moped-bundle-update-KA,StructureDefinition/at-moped-bundle-entlassen-KA,StructureDefinition/at-moped-bundle-abrechnen-KA","hl7.fhir.r5.core"
http://hl7.org/fhir/ValueSet/iana-link-relations,5.0.0,active,,LinkRelationTypes,Link Relation Types,"Link Relation Types defined at https://www.iana.org/assignments/link-relations/link-relations.xhtml#link-relations-1","StructureDefinition/at-moped-bundle-melden-LGF,StructureDefinition/at-moped-bundle-anfragen-KA,StructureDefinition/at-moped-bundle-questionnaireresponse-einmelden-KA,StructureDefinition/at-moped-bundle-aufnehmen-KA,StructureDefinition/at-moped-bundle-input-KA,StructureDefinition/at-moped-bundle-antworten-SV,StructureDefinition/at-moped-bundle-entscheiden-LGF,StructureDefinition/at-moped-bundle-update-KA,StructureDefinition/at-moped-bundle-entlassen-KA,StructureDefinition/at-moped-bundle-abrechnen-KA","hl7.fhir.r5.core"
http://hl7.org/fhir/ValueSet/icd-10,5.0.0,draft,"2.16.840.1.113883.4.642.3.531,2.16.840.1.113883.4.642.3.523,2.16.840.1.113883.4.642.2.308",ICD10Codes,ICD-10 Codes,"This value set includes sample ICD-10 codes.","StructureDefinition/MopedARKRequest","FHIR"
http://hl7.org/fhir/ValueSet/icd-10-procedures,5.0.0,draft,"2.16.840.1.113883.4.642.3.574,2.16.840.1.113883.4.642.3.566",ICD10ProcedureCodes,ICD-10 Procedure Codes,"This value set includes sample ICD-10 Procedure codes.","StructureDefinition/at-moped-claim-vaerequest-generisch,StructureDefinition/MopedARKRequest,StructureDefinition/at-moped-claim-vaerequest-basis,StructureDefinition/at-moped-claim-vaerequest-verlaengerung,StructureDefinition/at-moped-claim-VAE-request-initial","hl7.fhir.r5.core"
http://hl7.org/fhir/ValueSet/identifier-type,5.0.0,active,"2.16.840.1.113883.4.642.3.45",IdentifierTypeCodes,Identifier Type Codes,"A coded type for an identifier that can be used to determine which identifier to use for a specific purpose.","StructureDefinition/at-moped-patient-vbPK-LGF,StructureDefinition/at-moped-patient-vbPK-bund,StructureDefinition/at-moped-organization-LGF,StructureDefinition/at-moped-patient-klarname-KA,StructureDefinition/at-moped-organization-KA,StructureDefinition/at-moped-patient-klarname-LGF,StructureDefinition/at-moped-patient-vbPK-KA,StructureDefinition/at-moped-patient-generisch,StructureDefinition/at-moped-organization-dachverband,StructureDefinition/at-moped-coverage-versicherter-basis,StructureDefinition/at-moped-organization-bund,StructureDefinition/at-moped-patient-klarname-basis,StructureDefinition/at-moped-patient-vbPK-basis,StructureDefinition/at-moped-patient-klarname-SV,StructureDefinition/at-moped-organization-organisationseinheit-KA,StructureDefinition/at-moped-encounter-bewegung-ambulant-basis,StructureDefinition/at-moped-patient-vbPK-SV,StructureDefinition/at-moped-patient-klarname-bund,StructureDefinition/at-moped-organization-SV","THO (V2)"
http://hl7.org/fhir/ValueSet/identifier-use,5.0.0,active,"2.16.840.1.113883.4.642.3.57",IdentifierUse,IdentifierUse,"Identifies the purpose for this identifier, if known .","StructureDefinition/at-moped-encounter-aufenthalt-stationaer-Aufnahme,StructureDefinition/at-moped-patient-vbPK-LGF,StructureDefinition/at-moped-encounter-besuch-ambulant-KA,StructureDefinition/at-moped-encounter-besuch-ambulant-LGF,StructureDefinition/at-moped-encounter-besuch-ambulant-SV,StructureDefinition/at-moped-patient-klarname-KA,StructureDefinition/at-moped-encounter-aufenthalt-stationaer-LGF,StructureDefinition/at-moped-organization-KA,StructureDefinition/at-moped-encounter-besuch-ambulant-Bund,StructureDefinition/at-moped-patient-generisch,StructureDefinition/at-moped-organization-dachverband,StructureDefinition/at-moped-coverage-versicherter-basis,StructureDefinition/at-moped-encounter-aufenthalt-stationaer-basis,StructureDefinition/at-moped-organization-bund,StructureDefinition/at-moped-patient-klarname-basis,StructureDefinition/at-moped-patient-klarname-SV,StructureDefinition/at-moped-patient-klarname-bund,StructureDefinition/at-moped-encounter-aufenthalt-stationaer-Entlassung,StructureDefinition/at-moped-encounter-aufenthalt-stationaer-KA,StructureDefinition/at-moped-patient-vbPK-bund,StructureDefinition/at-moped-organization-LGF,StructureDefinition/at-moped-encounter-aufenthalt-stationaer-SV,StructureDefinition/at-moped-encounter-aufenthaltbesuch-generisch,StructureDefinition/at-moped-relatedperson-hauptversicherter-basis,StructureDefinition/at-moped-patient-klarname-LGF,StructureDefinition/at-moped-patient-vbPK-KA,StructureDefinition/at-moped-encounter-aufenthalt-stationaer-Bund,StructureDefinition/at-moped-patient-vbPK-basis,StructureDefinition/at-moped-organization-organisationseinheit-KA,StructureDefinition/at-moped-encounter-bewegung-ambulant-basis,StructureDefinition/at-moped-patient-vbPK-SV,StructureDefinition/at-moped-encounter-besuch-ambulant-basis,StructureDefinition/at-moped-organization-SV","hl7.fhir.r5.core"
http://hl7.org/fhir/ValueSet/languages,5.0.0,active,"2.16.840.1.113883.4.642.3.891,2.16.840.1.113883.4.642.3.20",CommonLanguages,Common Languages,"This value set includes common codes from BCP-47 (see http://tools.ietf.org/html/bcp47)","StructureDefinition/at-moped-procedure-basis,StructureDefinition/at-moped-bundle-melden-LGF,StructureDefinition/at-moped-patient-vbPK-LGF,StructureDefinition/at-moped-encounter-besuch-ambulant-LGF,StructureDefinition/at-moped-bundle-entlassen-KA,StructureDefinition/at-moped-encounter-aufenthalt-stationaer-LGF,StructureDefinition/at-moped-encounter-besuch-ambulant-Bund,StructureDefinition/at-moped-coverage-versicherter-basis,StructureDefinition/at-moped-encounter-aufenthalt-stationaer-basis,StructureDefinition/at-moped-patient-klarname-basis,StructureDefinition/at-moped-observation-geburtenanzahl-basis,StructureDefinition/at-moped-observation-entbindungsart-basis,StructureDefinition/at-moped-condition-generisch,StructureDefinition/at-moped-bundle-abrechnen-KA,StructureDefinition/at-moped-patient-klarname-bund,StructureDefinition/at-moped-composition-basis,StructureDefinition/at-moped-questionnaireresponse-nicht-fallbezogen,StructureDefinition/at-moped-observation-generisch,StructureDefinition/at-moped-encounter-aufenthalt-stationaer-KA,StructureDefinition/at-moped-claim-lkfrequest-basis,StructureDefinition/at-moped-organization-LGF,StructureDefinition/at-moped-coverage-selbstzahler,StructureDefinition/at-moped-bundle-aufnehmen-KA,StructureDefinition/at-moped-bundle-antworten-SV,StructureDefinition/at-moped-claim-vaerequest-basis,StructureDefinition/at-moped-claim-vaerequest-verlaengerung,StructureDefinition/at-moped-encounter-aufenthalt-stationaer-SV,StructureDefinition/at-moped-composition-generisch,StructureDefinition/at-moped-relatedperson-hauptversicherter-generisch,StructureDefinition/at-moped-procedure-generisch,StructureDefinition/at-moped-encounter-aufenthaltbesuch-generisch,StructureDefinition/at-moped-patient-vbPK-KA,StructureDefinition/at-moped-encounter-aufenthalt-stationaer-Bund,StructureDefinition/at-moped-composition-entlassen-aviso,StructureDefinition/MopedARKStatusUpdate,StructureDefinition/at-moped-patient-vbPK-SV,StructureDefinition/at-moped-composition-entlassen-vollstaendig,StructureDefinition/at-moped-encounter-besuch-ambulant-basis,StructureDefinition/at-moped-questionnaireresponse-fallbezogen,StructureDefinition/at-moped-composition-beantworten,StructureDefinition/at-moped-encounter-aufenthalt-stationaer-Aufnahme,StructureDefinition/at-moped-encounter-besuch-ambulant-KA,StructureDefinition/at-moped-claim-lkfrequest-generisch,StructureDefinition/at-moped-bundle-input-KA,StructureDefinition/at-moped-bundle-entscheiden-LGF,StructureDefinition/at-moped-encounter-besuch-ambulant-SV,StructureDefinition/at-moped-patient-klarname-KA,StructureDefinition/at-moped-organization-KA,StructureDefinition/at-moped-claim-VAE-request-initial,StructureDefinition/at-moped-patient-generisch,StructureDefinition/at-moped-device-XDok,StructureDefinition/at-moped-organization-dachverband,StructureDefinition/at-moped-claimresponse-lkfresponse-basis,StructureDefinition/at-moped-organization-bund,StructureDefinition/at-moped-patient-klarname-SV,StructureDefinition/at-moped-composition-update,StructureDefinition/at-moped-encounter-aufenthalt-stationaer-Entlassung,StructureDefinition/at-moped-bundle-anfragen-KA,StructureDefinition/at-moped-bundle-questionnaireresponse-einmelden-KA,StructureDefinition/at-moped-patient-vbPK-bund,StructureDefinition/at-moped-composition-anfragen,StructureDefinition/at-moped-claimresponse-vaeresponse-generisch,StructureDefinition/at-moped-encounter-bewegung-stationaer-basis,StructureDefinition/at-moped-relatedperson-hauptversicherter-basis,StructureDefinition/at-moped-patient-klarname-LGF,StructureDefinition/at-moped-claim-vaerequest-generisch,StructureDefinition/MopedARKResponse,StructureDefinition/MopedARKRequest,StructureDefinition/at-moped-coverage-generisch,StructureDefinition/at-moped-claimresponse-vaeresponse-basis,StructureDefinition/at-moped-encounter-bewegung-generisch,StructureDefinition/at-moped-device-generisch,StructureDefinition/at-moped-encounter-bewegung-intensiv-basis,StructureDefinition/at-moped-condition-basis,StructureDefinition/at-moped-claimresponse-lkfresponse-generisch,StructureDefinition/at-moped-bundle-update-KA,StructureDefinition/at-moped-patient-vbPK-basis,StructureDefinition/at-moped-organization-organisationseinheit-KA,StructureDefinition/at-moped-encounter-bewegung-ambulant-basis,StructureDefinition/at-moped-composition-aufnehmen,StructureDefinition/at-moped-organization-SV","Other"
http://hl7.org/fhir/ValueSet/link-type,5.0.0,active,"2.16.840.1.113883.4.642.2.234,2.16.840.1.113883.4.642.3.423,2.16.840.1.113883.4.642.3.412",LinkType,Link Type,"The type of link between this Patient resource and another Patient/RelatedPerson resource.","StructureDefinition/at-moped-patient-vbPK-LGF,StructureDefinition/at-moped-patient-vbPK-bund,StructureDefinition/at-moped-patient-klarname-basis,StructureDefinition/at-moped-patient-klarname-KA,StructureDefinition/at-moped-patient-vbPK-basis,StructureDefinition/at-moped-patient-klarname-SV,StructureDefinition/at-moped-patient-vbPK-SV,StructureDefinition/at-moped-patient-klarname-bund,StructureDefinition/at-moped-patient-klarname-LGF,StructureDefinition/at-moped-patient-generisch,StructureDefinition/at-moped-patient-vbPK-KA","hl7.fhir.r5.core"
http://hl7.org/fhir/ValueSet/list-empty-reason,5.0.0,draft,"2.16.840.1.113883.4.642.3.322,2.16.840.1.113883.4.642.3.313,2.16.840.1.113883.4.642.2.176",ListEmptyReasons,List Empty Reasons,"General reasons for a list to be empty. Reasons are either related to a summary list (i.e. problem or medication list) or to a workflow related list (i.e. consultation list).","StructureDefinition/at-moped-composition-update,StructureDefinition/at-moped-composition-beantworten,StructureDefinition/at-moped-composition-entlassen-aviso,StructureDefinition/at-moped-composition-basis,StructureDefinition/at-moped-composition-anfragen,StructureDefinition/at-moped-composition-generisch,StructureDefinition/at-moped-composition-aufnehmen,StructureDefinition/at-moped-composition-entlassen-vollstaendig","THO"
http://hl7.org/fhir/ValueSet/list-order,5.0.0,draft,"2.16.840.1.113883.4.642.3.315,2.16.840.1.113883.4.642.3.324,2.16.840.1.113883.4.642.2.177",ListOrderCodes,List Order Codes,"Base values for the order of the items in a list resource.","StructureDefinition/at-moped-composition-update,StructureDefinition/at-moped-composition-beantworten,StructureDefinition/at-moped-composition-entlassen-aviso,StructureDefinition/at-moped-composition-basis,StructureDefinition/at-moped-composition-anfragen,StructureDefinition/at-moped-composition-generisch,StructureDefinition/at-moped-composition-aufnehmen,StructureDefinition/at-moped-composition-entlassen-vollstaendig","THO"
http://hl7.org/fhir/ValueSet/location-form,5.0.0,draft,"2.16.840.1.113883.4.642.3.328",LocationForm,Location Form,"This example value set defines a set of codes that can be used to indicate the physical form of the Location.","StructureDefinition/at-moped-encounter-aufenthalt-stationaer-Entlassung,StructureDefinition/at-moped-encounter-aufenthalt-stationaer-Aufnahme,StructureDefinition/at-moped-encounter-aufenthalt-stationaer-KA,StructureDefinition/at-moped-encounter-besuch-ambulant-KA,StructureDefinition/at-moped-encounter-besuch-ambulant-LGF,StructureDefinition/at-moped-encounter-bewegung-stationaer-basis,StructureDefinition/at-moped-encounter-besuch-ambulant-SV,StructureDefinition/at-moped-encounter-aufenthalt-stationaer-SV,StructureDefinition/at-moped-encounter-aufenthalt-stationaer-LGF,StructureDefinition/at-moped-encounter-aufenthaltbesuch-generisch,StructureDefinition/at-moped-encounter-besuch-ambulant-Bund,StructureDefinition/at-moped-encounter-aufenthalt-stationaer-Bund,StructureDefinition/at-moped-encounter-bewegung-generisch,StructureDefinition/at-moped-encounter-bewegung-intensiv-basis,StructureDefinition/at-moped-encounter-aufenthalt-stationaer-basis,StructureDefinition/at-moped-encounter-bewegung-ambulant-basis,StructureDefinition/at-moped-encounter-besuch-ambulant-basis","THO"
http://hl7.org/fhir/ValueSet/marital-status,5.0.0,active,"2.16.840.1.113883.4.642.3.29",MaritalStatusCodes,Marital Status Codes,"This value set defines the set of codes that can be used to indicate the marital status of a person.","StructureDefinition/at-moped-patient-vbPK-LGF,StructureDefinition/at-moped-patient-vbPK-bund,StructureDefinition/at-moped-patient-klarname-basis,StructureDefinition/at-moped-patient-klarname-KA,StructureDefinition/at-moped-patient-vbPK-basis,StructureDefinition/at-moped-patient-klarname-SV,StructureDefinition/at-moped-patient-vbPK-SV,StructureDefinition/at-moped-patient-klarname-bund,StructureDefinition/at-moped-patient-klarname-LGF,StructureDefinition/at-moped-patient-generisch,StructureDefinition/at-moped-patient-vbPK-KA","THO (V3)"
http://hl7.org/fhir/ValueSet/missing-tooth-reason,5.0.0,draft,"2.16.840.1.113883.4.642.2.310,2.16.840.1.113883.4.642.3.534,2.16.840.1.113883.4.642.3.526",MissingToothReasonCodes,Missing Tooth Reason Codes,"This value set includes sample Missing Tooth Reason codes.","StructureDefinition/at-moped-claim-vaerequest-generisch,StructureDefinition/MopedARKRequest,StructureDefinition/at-moped-claim-lkfrequest-basis,StructureDefinition/at-moped-claim-lkfrequest-generisch,StructureDefinition/at-moped-claim-vaerequest-basis,StructureDefinition/at-moped-claim-vaerequest-verlaengerung,StructureDefinition/at-moped-claim-VAE-request-initial","THO"
http://hl7.org/fhir/ValueSet/name-use,5.0.0,active,"2.16.840.1.113883.4.642.3.65",NameUse,NameUse,"The use of a human name.","StructureDefinition/at-moped-patient-vbPK-LGF,StructureDefinition/at-moped-patient-vbPK-bund,StructureDefinition/at-moped-patient-klarname-basis,StructureDefinition/at-moped-patient-klarname-KA,StructureDefinition/at-moped-patient-vbPK-basis,StructureDefinition/at-moped-patient-klarname-SV,StructureDefinition/at-moped-patient-vbPK-SV,StructureDefinition/at-moped-patient-klarname-bund,StructureDefinition/at-moped-relatedperson-hauptversicherter-basis,StructureDefinition/at-moped-patient-klarname-LGF,StructureDefinition/at-moped-patient-generisch,StructureDefinition/at-moped-patient-vbPK-KA","hl7.fhir.r5.core"
http://hl7.org/fhir/ValueSet/note-type,5.0.0,draft,"2.16.840.1.113883.4.642.3.15",NoteType,NoteType,"The presentation types of notes.","StructureDefinition/MopedARKResponse,StructureDefinition/at-moped-claimresponse-lkfresponse-basis,StructureDefinition/at-moped-claimresponse-vaeresponse-basis,StructureDefinition/at-moped-claimresponse-vaeresponse-generisch,StructureDefinition/at-moped-claimresponse-lkfresponse-generisch,StructureDefinition/MopedARKStatusUpdate","hl7.fhir.r5.core"
http://hl7.org/fhir/ValueSet/observation-category,5.0.0,draft,"2.16.840.1.113883.4.642.3.403,2.16.840.1.113883.4.642.2.222,2.16.840.1.113883.4.642.3.392",ObservationCategoryCodes,Observation Category Codes,"Observation Category codes.","StructureDefinition/at-moped-observation-generisch,StructureDefinition/at-moped-observation-entbindungsart-basis,StructureDefinition/at-moped-observation-geburtenanzahl-basis","THO"
http://hl7.org/fhir/ValueSet/observation-codes,5.0.0,draft,"2.16.840.1.113883.4.642.2.216,2.16.840.1.113883.4.642.3.396,2.16.840.1.113883.4.642.3.383",LOINCCodes,LOINC Codes,"This value set includes all LOINC codes","StructureDefinition/at-moped-observation-generisch,StructureDefinition/at-moped-observation-entbindungsart-basis,StructureDefinition/at-moped-observation-geburtenanzahl-basis","LOINC"
http://hl7.org/fhir/ValueSet/observation-interpretation,5.0.0,active,"2.16.840.1.113883.4.642.3.399,2.16.840.1.113883.4.642.3.386,2.16.840.1.113883.4.642.2.218",ObservationInterpretationCodes,Observation Interpretation Codes,"A categorical assessment, providing a rough qualitative interpretation of the observation value,    such as “normal”/ “abnormal”,”low” / “high”, “better” / “worse”, “susceptible” / “resistant”, “expected”/ “not expected”.    The value set is intended to be for ANY use where coded representation of an interpretation is needed.             Notes:          This is being communicated in v2.x in OBX-8 (Observation Interpretation), in v3 in ObservationInterpretation (CWE) in R1 (Representative Realm) and in FHIR in    Observation.interpretation. Historically these values come from the laboratory domain, and these codes are extensively    used. The value set binding is extensible, so codes outside the value set that are needed for interpretation concepts    (i.e. particular meanings) that are not included in the value set can be used, and these new codes may also be added to    the value set and published in a future version.","StructureDefinition/at-moped-observation-generisch,StructureDefinition/at-moped-observation-entbindungsart-basis,StructureDefinition/at-moped-observation-geburtenanzahl-basis","THO (V3)"
http://hl7.org/fhir/ValueSet/observation-methods,5.0.0,draft,"2.16.840.1.113883.4.642.2.215,2.16.840.1.113883.4.642.3.395,2.16.840.1.113883.4.642.3.382",ObservationMethods,Observation Methods,"Observation Method codes from [SNOMED CT](http://snomed.info/sct) where concept is-a 272394005 (Technique (qualifier value)) or is-a 129264002 (Action (qualifier value)) or is-a 386053000 (Evaluation procedure(procedure))","StructureDefinition/at-moped-observation-generisch,StructureDefinition/at-moped-observation-entbindungsart-basis,StructureDefinition/at-moped-observation-geburtenanzahl-basis","SCT"
http://hl7.org/fhir/ValueSet/observation-referencerange-normalvalue,5.0.0,draft,"2.16.840.1.113883.4.642.3.3264",ObservationReferenceRangeNormalValueCodes,Observation Reference Range Normal Value Codes,"Codes that describe the normal value in the reference range, such as “Negative” or “Absent”","StructureDefinition/at-moped-observation-generisch,StructureDefinition/at-moped-observation-entbindungsart-basis,StructureDefinition/at-moped-observation-geburtenanzahl-basis","hl7.fhir.r5.core"
http://hl7.org/fhir/ValueSet/observation-status,5.0.0,active,"2.16.840.1.113883.4.642.3.400,2.16.840.1.113883.4.642.3.387,2.16.840.1.113883.4.642.2.219",ObservationStatus,Observation Status,"Codes providing the status of an observation.","StructureDefinition/at-moped-observation-generisch,StructureDefinition/at-moped-observation-entbindungsart-basis,StructureDefinition/at-moped-observation-geburtenanzahl-basis","hl7.fhir.r5.core"
http://hl7.org/fhir/ValueSet/observation-triggeredbytype,5.0.0,active,"2.16.840.1.113883.4.642.3.3265",TriggeredBytype,triggered Bytype,"Codes providing the type of triggeredBy observation.","StructureDefinition/at-moped-observation-generisch,StructureDefinition/at-moped-observation-entbindungsart-basis,StructureDefinition/at-moped-observation-geburtenanzahl-basis","hl7.fhir.r5.core"
http://hl7.org/fhir/ValueSet/participation-role-type,5.0.0,draft,"2.16.840.1.113883.4.642.3.54",ParticipationRoleType,Participation Role Type,"This FHIR value set is comprised of Actor participation Type codes, which can be used to value FHIR agents, actors, and other role elements. The codes are intended to express how the agent participated in some activity. Sometimes refered to the agent functional-role relative to the activity.","StructureDefinition/at-moped-condition-basis,StructureDefinition/at-moped-condition-generisch","THO,DICOM"
http://hl7.org/fhir/ValueSet/patient-contactrelationship,5.0.0,active,"2.16.840.1.113883.4.642.3.1130",PatientContactRelationship,Patient Contact Relationship ,"The nature of the relationship between the patient and the contact person.","StructureDefinition/at-moped-patient-vbPK-LGF,StructureDefinition/at-moped-patient-vbPK-bund,StructureDefinition/at-moped-patient-klarname-basis,StructureDefinition/at-moped-patient-klarname-KA,StructureDefinition/at-moped-patient-vbPK-basis,StructureDefinition/at-moped-patient-klarname-SV,StructureDefinition/at-moped-patient-vbPK-SV,StructureDefinition/at-moped-patient-klarname-bund,StructureDefinition/at-moped-patient-klarname-LGF,StructureDefinition/at-moped-patient-generisch,StructureDefinition/at-moped-patient-vbPK-KA","THO (V2)"
http://hl7.org/fhir/ValueSet/payeetype,5.0.0,draft,"2.16.840.1.113883.4.642.3.31",ClaimPayeeTypeCodes,Claim Payee Type Codes,"This value set includes sample Payee Type codes.","StructureDefinition/at-moped-claim-vaerequest-generisch,StructureDefinition/MopedARKResponse,StructureDefinition/at-moped-claimresponse-lkfresponse-basis,StructureDefinition/MopedARKRequest,StructureDefinition/at-moped-claim-lkfrequest-basis,StructureDefinition/at-moped-claimresponse-vaeresponse-basis,StructureDefinition/at-moped-claimresponse-vaeresponse-generisch,StructureDefinition/at-moped-claim-lkfrequest-generisch,StructureDefinition/at-moped-claimresponse-lkfresponse-generisch,StructureDefinition/at-moped-claim-vaerequest-basis,StructureDefinition/at-moped-claim-vaerequest-verlaengerung,StructureDefinition/at-moped-claim-VAE-request-initial","THO"
http://hl7.org/fhir/ValueSet/payment-adjustment-reason,5.0.0,draft,"2.16.840.1.113883.4.642.3.600,2.16.840.1.113883.4.642.3.592",PaymentAdjustmentReasonCodes,Payment Adjustment Reason Codes,"This value set includes smattering of Payment Adjustment Reason codes.","StructureDefinition/MopedARKResponse,StructureDefinition/at-moped-claimresponse-lkfresponse-basis,StructureDefinition/at-moped-claimresponse-vaeresponse-basis,StructureDefinition/at-moped-claimresponse-vaeresponse-generisch,StructureDefinition/at-moped-claimresponse-lkfresponse-generisch","THO"
http://hl7.org/fhir/ValueSet/payment-issuertype,5.0.0,draft,"2.16.840.1.113883.4.642.3.3208",PaymentIssuerType,Payment Issuer Type," The type of payment issuer.","StructureDefinition/MopedARKStatusUpdate","hl7.fhir.r5.core"
http://hl7.org/fhir/ValueSet/payment-kind,5.0.0,draft,"2.16.840.1.113883.4.642.3.3209",PaymentKind,Payment Kind," The type of workflow from which this payment arose.","StructureDefinition/MopedARKStatusUpdate","hl7.fhir.r5.core"
http://hl7.org/fhir/ValueSet/payment-outcome,5.0.0,draft,"2.16.840.1.113883.4.642.3.3207",PaymentOutcome,Payment Outcome,"The outcome of the processing.","StructureDefinition/MopedARKStatusUpdate","hl7.fhir.r5.core"
http://hl7.org/fhir/ValueSet/payment-type,5.0.0,draft,"2.16.840.1.113883.4.642.3.641,2.16.840.1.113883.4.642.2.333,2.16.840.1.113883.4.642.3.626",PaymentTypeCodes,Payment Type Codes,"This value set includes sample Payment Type codes.","StructureDefinition/MopedARKStatusUpdate,ValueSet/MopedPaymentTypesVS","THO"
http://hl7.org/fhir/ValueSet/performer-role,5.0.0,draft,"2.16.840.1.113883.4.642.3.433,2.16.840.1.113883.4.642.2.420,2.16.840.1.113883.4.642.3.424",ProcedurePerformerRoleCodes,Procedure Performer Role Codes,"This example value set defines the set of codes that can be used to indicate a role of a procedure performer.","StructureDefinition/at-moped-procedure-basis,StructureDefinition/at-moped-procedure-generisch","SCT"
http://hl7.org/fhir/ValueSet/procedure-category,5.0.0,draft,"2.16.840.1.113883.4.642.3.421,2.16.840.1.113883.4.642.3.430,2.16.840.1.113883.4.642.2.241",ProcedureCategoryCodesSNOMEDCT,Procedure Category Codes (SNOMED CT),"Procedure Category code: A selection of relevant SNOMED CT codes.","StructureDefinition/at-moped-procedure-basis,StructureDefinition/at-moped-procedure-generisch","SCT"
http://hl7.org/fhir/ValueSet/procedure-code,5.0.0,draft,"2.16.840.1.113883.4.642.3.418,2.16.840.1.113883.4.642.3.427,2.16.840.1.113883.4.642.2.417",ProcedureCodesSNOMEDCT,Procedure Codes (SNOMED CT),"Procedure Code: All SNOMED CT procedure codes.","StructureDefinition/at-moped-procedure-basis,StructureDefinition/at-moped-procedure-generisch","SCT"
http://hl7.org/fhir/ValueSet/procedure-followup,5.0.0,draft,"2.16.840.1.113883.4.642.3.420,2.16.840.1.113883.4.642.3.429,2.16.840.1.113883.4.642.2.240",ProcedureFollowUpCodesSNOMEDCT,Procedure Follow up Codes (SNOMED CT),"Procedure follow up codes: A selection of SNOMED CT codes relevant to procedure follow up.","StructureDefinition/at-moped-procedure-basis,StructureDefinition/at-moped-procedure-generisch","SCT"
http://hl7.org/fhir/ValueSet/procedure-not-performed-reason,5.0.0,active,"2.16.840.1.113883.4.642.3.422,2.16.840.1.113883.4.642.3.431,2.16.840.1.113883.4.642.2.418",ProcedureNotPerformedReasonSNOMEDCT,Procedure Not Performed Reason (SNOMED-CT),"Situation codes describing the reason that a procedure, which might otherwise be expected, was not performed, or a procedure that was started and was not completed. Consists of SNOMED CT codes, children of procedure contraindicated (183932001), procedure discontinued (416406003), procedure not done (416237000), procedure not indicated (428119001), procedure not offered (416064006), procedure not wanted (416432009), procedure refused (183944003), and procedure stopped (394908001) as well as 410536001 Contraindicated (qualifier value).","StructureDefinition/at-moped-procedure-basis,StructureDefinition/at-moped-procedure-generisch","SCT"
http://hl7.org/fhir/ValueSet/procedure-outcome,5.0.0,draft,"2.16.840.1.113883.4.642.2.239,2.16.840.1.113883.4.642.3.419,2.16.840.1.113883.4.642.3.428",ProcedureOutcomeCodesSNOMEDCT,Procedure Outcome Codes (SNOMED CT),"Procedure Outcome code: A selection of relevant SNOMED CT codes.","StructureDefinition/at-moped-procedure-basis,StructureDefinition/at-moped-procedure-generisch","SCT"
http://hl7.org/fhir/ValueSet/procedure-reason,5.0.0,draft,"2.16.840.1.113883.4.642.3.432,2.16.840.1.113883.4.642.3.423,2.16.840.1.113883.4.642.2.419",ProcedureReasonCodes,Procedure Reason Codes,"This example value set defines the set of codes that can be used to indicate a reason for a procedure.","StructureDefinition/at-moped-procedure-basis,StructureDefinition/at-moped-procedure-generisch","SCT"
http://hl7.org/fhir/ValueSet/process-priority,5.0.0,draft,"2.16.840.1.113883.4.642.3.552,2.16.840.1.113883.4.642.3.544,2.16.840.1.113883.4.642.2.319",ProcessPriorityCodes,Process Priority Codes,"This value set includes the financial processing priority codes.","StructureDefinition/at-moped-claim-vaerequest-generisch,StructureDefinition/MopedARKRequest,StructureDefinition/at-moped-claim-lkfrequest-basis,StructureDefinition/at-moped-claim-lkfrequest-generisch,StructureDefinition/at-moped-claim-vaerequest-basis,StructureDefinition/at-moped-claim-vaerequest-verlaengerung,StructureDefinition/at-moped-claim-VAE-request-initial","THO"
http://hl7.org/fhir/ValueSet/program,5.0.0,draft,"2.16.840.1.113883.4.642.3.1383",Program,Program,"This value set defines an example set of codes that could be can be used to classify groupings of service-types/specialties.","StructureDefinition/at-moped-organization-organisationseinheit-KA","THO"
http://hl7.org/fhir/ValueSet/provider-qualification,5.0.0,draft,"2.16.840.1.113883.4.642.3.562,2.16.840.1.113883.4.642.3.570",ExampleProviderQualificationCodes,Example Provider Qualification Codes,"This value set includes sample Provider Qualification codes.","StructureDefinition/at-moped-claim-vaerequest-generisch,StructureDefinition/MopedARKRequest,StructureDefinition/at-moped-claim-lkfrequest-basis,StructureDefinition/at-moped-claim-lkfrequest-generisch,StructureDefinition/at-moped-claim-vaerequest-basis,StructureDefinition/at-moped-claim-vaerequest-verlaengerung,StructureDefinition/at-moped-claim-VAE-request-initial","THO"
http://hl7.org/fhir/ValueSet/quantity-comparator,5.0.0,active,"2.16.840.1.113883.4.642.3.59",QuantityComparator,QuantityComparator,"How the Quantity should be understood and represented.","StructureDefinition/at-moped-claim-vaerequest-generisch,StructureDefinition/MopedARKRequest,StructureDefinition/at-moped-claim-lkfrequest-basis,StructureDefinition/at-moped-claim-lkfrequest-generisch,StructureDefinition/at-moped-observation-geburtenanzahl-basis,StructureDefinition/at-moped-claim-vaerequest-basis,StructureDefinition/MopedSupportingInfoVortageanzahlAufKostenbeitrag,StructureDefinition/at-moped-claim-vaerequest-verlaengerung,StructureDefinition/at-moped-claim-VAE-request-initial","hl7.fhir.r5.core"
http://hl7.org/fhir/ValueSet/questionnaire-answers,5.0.0,draft,"2.16.840.1.113883.4.642.3.446,2.16.840.1.113883.4.642.2.423,2.16.840.1.113883.4.642.3.439",QuestionnaireAnswerCodes,Questionnaire Answer Codes,"Example list of codes for answers to questions. (Not complete or necessarily appropriate.)","StructureDefinition/at-moped-questionnaireresponse-fallbezogen,StructureDefinition/at-moped-questionnaireresponse-nicht-fallbezogen","SCT"
http://hl7.org/fhir/ValueSet/questionnaire-answers-status,5.0.0,draft,"2.16.840.1.113883.4.642.2.258,2.16.840.1.113883.4.642.3.440",QuestionnaireResponseStatus,Questionnaire Response Status,"Lifecycle status of the questionnaire response.","StructureDefinition/at-moped-questionnaireresponse-fallbezogen,StructureDefinition/at-moped-questionnaireresponse-nicht-fallbezogen","hl7.fhir.r5.core"
http://hl7.org/fhir/ValueSet/referenced-item-category,5.0.0,active,"2.16.840.1.113883.4.642.3.3275",ReferencedItemCategoryValueSet,Referenced Item Category Value Set,"This is the code specifying the high-level kind of document (e.g. Prescription, Discharge Summary, Report, etc.). Made up of a set of non-healthcare specific codes and all LOINC codes where scale type = 'DOC'.","StructureDefinition/at-moped-composition-update,StructureDefinition/at-moped-composition-beantworten,StructureDefinition/at-moped-composition-entlassen-aviso,StructureDefinition/at-moped-composition-basis,StructureDefinition/at-moped-composition-anfragen,StructureDefinition/at-moped-composition-generisch,StructureDefinition/at-moped-composition-aufnehmen,StructureDefinition/at-moped-composition-entlassen-vollstaendig","LOINC,THO"
http://hl7.org/fhir/ValueSet/referencerange-appliesto,5.0.0,draft,"2.16.840.1.113883.4.642.3.407,2.16.840.1.113883.4.642.3.396",ObservationReferenceRangeAppliesToCodes,Observation Reference Range Applies To Codes,"This value set defines a set of codes that can be used to indicate the particular target population the reference range applies to.","StructureDefinition/at-moped-observation-generisch,StructureDefinition/at-moped-observation-entbindungsart-basis,StructureDefinition/at-moped-observation-geburtenanzahl-basis","SCT"
http://hl7.org/fhir/ValueSet/referencerange-meaning,5.0.0,draft,"2.16.840.1.113883.4.642.3.397,2.16.840.1.113883.4.642.2.217,2.16.840.1.113883.4.642.3.384",ObservationReferenceRangeMeaningCodes,Observation Reference Range Meaning Codes,"This value set defines a set of codes that can be used to indicate the meaning/use of a reference range for a particular target population.","StructureDefinition/at-moped-observation-generisch,StructureDefinition/at-moped-observation-entbindungsart-basis,StructureDefinition/at-moped-observation-geburtenanzahl-basis","THO"
http://hl7.org/fhir/ValueSet/related-claim-relationship,5.0.0,draft,"2.16.840.1.113883.4.642.3.568,2.16.840.1.113883.4.642.3.560",ExampleRelatedClaimRelationshipCodes,Example Related Claim Relationship Codes,"This value set includes sample Related Claim Relationship codes.","StructureDefinition/at-moped-claim-vaerequest-generisch,StructureDefinition/MopedARKRequest,StructureDefinition/at-moped-claim-lkfrequest-basis,StructureDefinition/at-moped-claim-lkfrequest-generisch,StructureDefinition/at-moped-claim-vaerequest-basis,StructureDefinition/at-moped-claim-vaerequest-verlaengerung,StructureDefinition/at-moped-claim-VAE-request-initial","THO"
http://hl7.org/fhir/ValueSet/relatedperson-relationshiptype,5.0.0,draft,"2.16.840.1.113883.4.642.2.259,2.16.840.1.113883.4.642.3.442,2.16.840.1.113883.4.642.3.449",PatientRelationshipType,Patient Relationship Type,"A set of codes that can be used to indicate the relationship between a Patient and a Related Person.","StructureDefinition/at-moped-relatedperson-hauptversicherter-generisch,StructureDefinition/at-moped-relatedperson-hauptversicherter-basis","THO (V3),THO (V2)"
http://hl7.org/fhir/ValueSet/resource-types,5.0.0,active,"2.16.840.1.113883.4.642.3.27",ResourceType,Resource Types,"Concrete FHIR Resource Types","StructureDefinition/at-moped-patient-vbPK-LGF,StructureDefinition/at-moped-patient-vbPK-bund,StructureDefinition/at-moped-organization-LGF,StructureDefinition/at-moped-patient-klarname-KA,StructureDefinition/at-moped-organization-KA,StructureDefinition/at-moped-relatedperson-hauptversicherter-basis,StructureDefinition/at-moped-patient-klarname-LGF,StructureDefinition/at-moped-patient-vbPK-KA,StructureDefinition/at-moped-patient-generisch,StructureDefinition/at-moped-organization-dachverband,StructureDefinition/at-moped-organization-bund,StructureDefinition/at-moped-patient-klarname-basis,StructureDefinition/at-moped-patient-vbPK-basis,StructureDefinition/at-moped-patient-klarname-SV,StructureDefinition/at-moped-patient-vbPK-SV,StructureDefinition/at-moped-patient-klarname-bund,StructureDefinition/at-moped-organization-SV","hl7.fhir.r5.core"
http://hl7.org/fhir/ValueSet/search-entry-mode,5.0.0,active,"2.16.840.1.113883.4.642.2.328,2.16.840.1.113883.4.642.3.622,2.16.840.1.113883.4.642.3.614",SearchEntryMode,Search Entry Mode,"Why an entry is in the result set - whether it's included as a match or because of an _include requirement, or to convey information or warning information about the search process.","StructureDefinition/at-moped-bundle-melden-LGF,StructureDefinition/at-moped-bundle-anfragen-KA,StructureDefinition/at-moped-bundle-questionnaireresponse-einmelden-KA,StructureDefinition/at-moped-bundle-aufnehmen-KA,StructureDefinition/at-moped-bundle-input-KA,StructureDefinition/at-moped-bundle-antworten-SV,StructureDefinition/at-moped-bundle-entscheiden-LGF,StructureDefinition/at-moped-bundle-update-KA,StructureDefinition/at-moped-bundle-entlassen-KA,StructureDefinition/at-moped-bundle-abrechnen-KA","hl7.fhir.r5.core"
http://hl7.org/fhir/ValueSet/service-category,5.0.0,draft,"2.16.840.1.113883.4.642.3.510,2.16.840.1.113883.4.642.3.516",ServiceCategory,Service Category,"This value set defines an example set of codes that can be used to classify groupings of service-types/specialties.","StructureDefinition/at-moped-organization-organisationseinheit-KA","THO"
http://hl7.org/fhir/ValueSet/service-mode,5.0.0,draft,"2.16.840.1.113883.4.642.4.3322",ServiceMode,Service Mode,"An example set of Service Modes that could be applicable to use to characterize HealthcareServices or PractitionerRoles while searching","StructureDefinition/at-moped-organization-organisationseinheit-KA","hl7.fhir.r5.core"
http://hl7.org/fhir/ValueSet/service-place,5.0.0,draft,"2.16.840.1.113883.4.642.3.564,2.16.840.1.113883.4.642.3.556",ExampleServicePlaceCodes,Example Service Place Codes,"This value set includes a smattering of Service Place codes.","StructureDefinition/at-moped-claim-vaerequest-generisch,StructureDefinition/MopedARKResponse,StructureDefinition/at-moped-claimresponse-lkfresponse-basis,StructureDefinition/MopedARKRequest,StructureDefinition/at-moped-claim-lkfrequest-basis,StructureDefinition/at-moped-claimresponse-vaeresponse-basis,StructureDefinition/at-moped-claimresponse-vaeresponse-generisch,StructureDefinition/at-moped-claim-lkfrequest-generisch,StructureDefinition/at-moped-claimresponse-lkfresponse-generisch,StructureDefinition/at-moped-claim-vaerequest-basis,StructureDefinition/at-moped-claim-vaerequest-verlaengerung,StructureDefinition/at-moped-claim-VAE-request-initial","THO"
http://hl7.org/fhir/ValueSet/service-provision-conditions,5.0.0,draft,"2.16.840.1.113883.4.642.2.303,2.16.840.1.113883.4.642.3.514,2.16.840.1.113883.4.642.3.508",ServiceProvisionConditions,Service Provision Conditions,"The code(s) that detail the conditions under which the healthcare service is available/offered.","StructureDefinition/at-moped-organization-organisationseinheit-KA","THO"
http://hl7.org/fhir/ValueSet/service-referral-method,5.0.0,draft,"2.16.840.1.113883.4.642.3.510,2.16.840.1.113883.4.642.2.301,2.16.840.1.113883.4.642.3.504",ReferralMethod,Referral Method,"The methods of referral can be used when referring to a specific HealthcareService resource.","StructureDefinition/at-moped-organization-organisationseinheit-KA","THO"
http://hl7.org/fhir/ValueSet/service-type,5.0.0,draft,"2.16.840.1.113883.4.642.3.512,2.16.840.1.113883.4.642.3.518",ServiceType,Service Type,"This value set defines an example set of codes of service-types.","StructureDefinition/at-moped-encounter-aufenthalt-stationaer-Entlassung,StructureDefinition/at-moped-encounter-aufenthalt-stationaer-Aufnahme,StructureDefinition/at-moped-encounter-aufenthalt-stationaer-KA,StructureDefinition/at-moped-encounter-besuch-ambulant-KA,StructureDefinition/at-moped-encounter-besuch-ambulant-LGF,StructureDefinition/at-moped-encounter-bewegung-stationaer-basis,StructureDefinition/at-moped-encounter-besuch-ambulant-SV,StructureDefinition/at-moped-encounter-aufenthalt-stationaer-SV,StructureDefinition/at-moped-encounter-aufenthalt-stationaer-LGF,StructureDefinition/at-moped-encounter-aufenthaltbesuch-generisch,StructureDefinition/at-moped-encounter-besuch-ambulant-Bund,StructureDefinition/at-moped-encounter-aufenthalt-stationaer-Bund,StructureDefinition/at-moped-encounter-bewegung-generisch,StructureDefinition/at-moped-encounter-bewegung-intensiv-basis,StructureDefinition/at-moped-encounter-aufenthalt-stationaer-basis,StructureDefinition/at-moped-organization-organisationseinheit-KA,StructureDefinition/at-moped-encounter-bewegung-ambulant-basis,StructureDefinition/at-moped-encounter-besuch-ambulant-basis","THO"
http://hl7.org/fhir/ValueSet/service-uscls,5.0.0,draft,"2.16.840.1.113883.4.642.2.314,2.16.840.1.113883.4.642.3.542,2.16.840.1.113883.4.642.3.534",USCLSCodes,USCLS Codes,"This value set includes a smattering of USCLS codes.","StructureDefinition/at-moped-claim-vaerequest-generisch,StructureDefinition/MopedARKResponse,StructureDefinition/at-moped-claimresponse-lkfresponse-basis,StructureDefinition/MopedARKRequest,StructureDefinition/at-moped-claim-lkfrequest-basis,StructureDefinition/at-moped-claimresponse-vaeresponse-basis,StructureDefinition/at-moped-claimresponse-vaeresponse-generisch,StructureDefinition/at-moped-claim-lkfrequest-generisch,StructureDefinition/at-moped-claimresponse-lkfresponse-generisch,StructureDefinition/at-moped-claim-vaerequest-basis,StructureDefinition/at-moped-claim-vaerequest-verlaengerung,StructureDefinition/at-moped-claim-VAE-request-initial","THO"
http://hl7.org/fhir/ValueSet/subscriber-relationship,5.0.0,draft,"2.16.840.1.113883.4.642.3.1385",SubscriberRelationshipCodes,SubscriberPolicyholder Relationship Codes,"This value set includes codes for the relationship between the Subscriber and the Beneficiary (insured/covered party/patient).","StructureDefinition/at-moped-coverage-generisch,StructureDefinition/at-moped-coverage-versicherter-basis,StructureDefinition/at-moped-coverage-selbstzahler","THO"
http://hl7.org/fhir/ValueSet/surface,5.0.0,draft,"2.16.840.1.113883.4.642.2.316,2.16.840.1.113883.4.642.3.546,2.16.840.1.113883.4.642.3.538",SurfaceCodes,Surface Codes,"This value set includes a smattering of FDI tooth surface codes.","StructureDefinition/at-moped-claim-vaerequest-generisch,StructureDefinition/MopedARKResponse,StructureDefinition/at-moped-claimresponse-lkfresponse-basis,StructureDefinition/MopedARKRequest,StructureDefinition/at-moped-claim-lkfrequest-basis,StructureDefinition/at-moped-claimresponse-vaeresponse-basis,StructureDefinition/at-moped-claimresponse-vaeresponse-generisch,StructureDefinition/at-moped-claim-lkfrequest-generisch,StructureDefinition/at-moped-claimresponse-lkfresponse-generisch,StructureDefinition/at-moped-claim-vaerequest-basis,StructureDefinition/at-moped-claim-vaerequest-verlaengerung,StructureDefinition/at-moped-claim-VAE-request-initial","THO"
http://hl7.org/fhir/ValueSet/tooth,5.0.0,draft,"2.16.840.1.113883.4.642.3.532,2.16.840.1.113883.4.642.3.540,2.16.840.1.113883.4.642.2.313",OralSiteCodes,Oral Site Codes,"This value set includes a smattering of FDI oral site codes.","StructureDefinition/at-moped-claim-vaerequest-generisch,StructureDefinition/MopedARKResponse,StructureDefinition/at-moped-claimresponse-lkfresponse-basis,StructureDefinition/MopedARKRequest,StructureDefinition/at-moped-claim-lkfrequest-basis,StructureDefinition/at-moped-claimresponse-vaeresponse-basis,StructureDefinition/at-moped-claimresponse-vaeresponse-generisch,StructureDefinition/at-moped-claim-lkfrequest-generisch,StructureDefinition/at-moped-claimresponse-lkfresponse-generisch,StructureDefinition/at-moped-claim-vaerequest-basis,StructureDefinition/at-moped-claim-vaerequest-verlaengerung,StructureDefinition/at-moped-claim-VAE-request-initial","THO"
http://hl7.org/fhir/ValueSet/udi-entry-type,5.0.0,draft,"2.16.840.1.113883.4.642.3.201,2.16.840.1.113883.4.642.3.211",UDIEntryType,UDI Entry Type,"Codes to identify how UDI data was entered.","StructureDefinition/at-moped-device-XDok,StructureDefinition/at-moped-device-generisch","hl7.fhir.r5.core"
http://terminology.hl7.org/ValueSet/encounter-class,2.0.1,active,,EncounterClass,Encounter class,"This value set defines a set of codes that can be used to indicate the class of encounter: a specific code indicating class of service provided.","StructureDefinition/at-moped-encounter-aufenthalt-stationaer-Entlassung,StructureDefinition/at-moped-encounter-aufenthalt-stationaer-Aufnahme,StructureDefinition/at-moped-encounter-aufenthalt-stationaer-KA,StructureDefinition/at-moped-encounter-besuch-ambulant-KA,StructureDefinition/at-moped-encounter-besuch-ambulant-LGF,StructureDefinition/at-moped-encounter-bewegung-stationaer-basis,StructureDefinition/at-moped-encounter-besuch-ambulant-SV,StructureDefinition/at-moped-encounter-aufenthalt-stationaer-SV,StructureDefinition/at-moped-encounter-aufenthalt-stationaer-LGF,StructureDefinition/at-moped-encounter-aufenthaltbesuch-generisch,StructureDefinition/at-moped-encounter-besuch-ambulant-Bund,StructureDefinition/at-moped-encounter-aufenthalt-stationaer-Bund,StructureDefinition/at-moped-encounter-bewegung-generisch,StructureDefinition/at-moped-encounter-bewegung-intensiv-basis,StructureDefinition/at-moped-encounter-aufenthalt-stationaer-basis,StructureDefinition/at-moped-encounter-bewegung-ambulant-basis,StructureDefinition/at-moped-encounter-besuch-ambulant-basis","THO (V3)"
http://terminology.hl7.org/ValueSet/usage-context-type,1.0.1,active,"2.16.840.1.113883.4.642.3.101",UsageContextType,UsageContextType,"A code that specifies a type of context being specified by a usage context.","StructureDefinition/at-moped-composition-update,StructureDefinition/at-moped-composition-beantworten,StructureDefinition/at-moped-composition-entlassen-aviso,StructureDefinition/at-moped-composition-basis,StructureDefinition/at-moped-composition-anfragen,StructureDefinition/at-moped-composition-generisch,StructureDefinition/at-moped-composition-aufnehmen,StructureDefinition/at-moped-composition-entlassen-vollstaendig","THO"
http://terminology.hl7.org/ValueSet/v2-0092,3.0.0,active,"2.16.840.1.113883.21.40",Hl7VSReAdmissionIndicator,hl7VS-re-admissionIndicator,"Value Set of codes which are used to specify that a patient is being re-admitted to a healthcare facility from which they were discharged, and indicates the circumstances around such re-admission.","StructureDefinition/at-moped-encounter-aufenthalt-stationaer-Entlassung,StructureDefinition/at-moped-encounter-aufenthalt-stationaer-Aufnahme,StructureDefinition/at-moped-encounter-aufenthalt-stationaer-KA,StructureDefinition/at-moped-encounter-besuch-ambulant-KA,StructureDefinition/at-moped-encounter-besuch-ambulant-LGF,StructureDefinition/at-moped-encounter-bewegung-stationaer-basis,StructureDefinition/at-moped-encounter-besuch-ambulant-SV,StructureDefinition/at-moped-encounter-aufenthalt-stationaer-SV,StructureDefinition/at-moped-encounter-aufenthalt-stationaer-LGF,StructureDefinition/at-moped-encounter-aufenthaltbesuch-generisch,StructureDefinition/at-moped-encounter-besuch-ambulant-Bund,StructureDefinition/at-moped-encounter-aufenthalt-stationaer-Bund,StructureDefinition/at-moped-encounter-bewegung-generisch,StructureDefinition/at-moped-encounter-bewegung-intensiv-basis,StructureDefinition/at-moped-encounter-aufenthalt-stationaer-basis,StructureDefinition/at-moped-encounter-bewegung-ambulant-basis,StructureDefinition/at-moped-encounter-besuch-ambulant-basis","THO (V2)"
http://terminology.hl7.org/ValueSet/v2-0203,3.0.0,active,"2.16.840.1.113883.21.120",Hl7VSIdentifierType,hl7VS-identifierType,"Concepts specifying types of identififiers, as used in person and organization identification datatypes in HL7 Version 2 standards.","StructureDefinition/at-moped-encounter-aufenthalt-stationaer-Entlassung,StructureDefinition/at-moped-encounter-aufenthalt-stationaer-Aufnahme,StructureDefinition/at-moped-encounter-aufenthalt-stationaer-KA,StructureDefinition/at-moped-encounter-besuch-ambulant-KA,StructureDefinition/at-moped-encounter-besuch-ambulant-LGF,StructureDefinition/at-moped-encounter-besuch-ambulant-SV,StructureDefinition/at-moped-encounter-aufenthalt-stationaer-SV,StructureDefinition/at-moped-encounter-aufenthalt-stationaer-LGF,StructureDefinition/at-moped-encounter-aufenthaltbesuch-generisch,StructureDefinition/at-moped-encounter-besuch-ambulant-Bund,StructureDefinition/at-moped-encounter-aufenthalt-stationaer-Bund,StructureDefinition/at-moped-encounter-aufenthalt-stationaer-basis,StructureDefinition/at-moped-encounter-besuch-ambulant-basis","THO (V2)"
http://terminology.hl7.org/ValueSet/v2-0570,3.0.0,active,"2.16.840.1.113883.21.387",Hl7VSPaymentMethodCode,hl7VS-paymentMethodCode,"Value Set of codes used to specify the method for the movement of payment.","StructureDefinition/MopedARKStatusUpdate","THO (V2)"
http://terminology.hl7.org/ValueSet/v3-ActCode,3.0.0,active,,ActCode,v3 Code System ActCode,"A code specifying the particular kind of Act that the Act-instance represents within its class.  Constraints:  The kind of Act (e.g. physical examination, serum potassium, inpatient encounter, charge financial transaction, etc.) is specified with a code from one of several, typically external, coding systems.  The coding system will depend on the class of Act, such as LOINC for observations, etc. Conceptually, the Act.code must be a specialization of the Act.classCode. This is why the structure of ActClass domain should be reflected in the superstructure of the ActCode domain and then individual codes or externally referenced vocabularies subordinated under these domains that reflect the ActClass structure. Act.classCode and Act.code are not modifiers of each other but the Act.code concept should really imply the Act.classCode concept. For a negative example, it is not appropriate to use an Act.code ""potassium"" together with and Act.classCode for ""laboratory observation"" to somehow mean ""potassium laboratory observation"" and then use the same Act.code for ""potassium"" together with Act.classCode for ""medication"" to mean ""substitution of potassium"". This mutually modifying use of Act.code and Act.classCode is not permitted.","StructureDefinition/at-moped-composition-update,StructureDefinition/at-moped-composition-beantworten,StructureDefinition/at-moped-composition-entlassen-aviso,StructureDefinition/at-moped-composition-basis,StructureDefinition/at-moped-composition-anfragen,StructureDefinition/at-moped-composition-generisch,StructureDefinition/at-moped-composition-aufnehmen,StructureDefinition/at-moped-composition-entlassen-vollstaendig","THO (V3)"
http://terminology.hl7.org/ValueSet/v3-ActIncidentCode,3.0.0,active,"2.16.840.1.113883.1.11.16508",ActIncidentCode,ActIncidentCode,"Set of codes indicating the type of incident or accident.","StructureDefinition/MopedARKRequest,StructureDefinition/at-moped-claim-lkfrequest-basis,StructureDefinition/at-moped-claim-lkfrequest-generisch","THO (V3)"
http://terminology.hl7.org/ValueSet/v3-ActPriority,3.0.0,active,"2.16.840.1.113883.1.11.16866",ActPriority,ActPriority,"A code or set of codes (e.g., for routine, emergency,) specifying the urgency under which the Act happened, can happen, is happening, is intended to happen, or is requested/demanded to happen.    *Discussion:* This attribute is used in orders to indicate the ordered priority, and in event documentation it indicates the actual priority used to perform the act. In definition mood it indicates the available priorities.","StructureDefinition/at-moped-encounter-aufenthalt-stationaer-Entlassung,StructureDefinition/at-moped-encounter-aufenthalt-stationaer-Aufnahme,StructureDefinition/at-moped-encounter-aufenthalt-stationaer-KA,StructureDefinition/at-moped-encounter-besuch-ambulant-KA,StructureDefinition/at-moped-encounter-besuch-ambulant-LGF,StructureDefinition/at-moped-encounter-bewegung-stationaer-basis,StructureDefinition/at-moped-encounter-besuch-ambulant-SV,StructureDefinition/at-moped-encounter-aufenthalt-stationaer-SV,StructureDefinition/at-moped-encounter-aufenthalt-stationaer-LGF,StructureDefinition/at-moped-encounter-aufenthaltbesuch-generisch,StructureDefinition/at-moped-encounter-besuch-ambulant-Bund,StructureDefinition/at-moped-encounter-aufenthalt-stationaer-Bund,StructureDefinition/at-moped-encounter-bewegung-generisch,StructureDefinition/at-moped-encounter-bewegung-intensiv-basis,StructureDefinition/at-moped-encounter-aufenthalt-stationaer-basis,StructureDefinition/at-moped-encounter-bewegung-ambulant-basis,StructureDefinition/at-moped-encounter-besuch-ambulant-basis","THO (V3)"
https://elga.moped.at/ValueSet/AbgangsartVS,0.1.0,draft,,AbgangsartVS,Abgangsart des Patienten,"ValueSet für die Abgangsart des Patienten",,"Internal"
https://elga.moped.at/ValueSet/AbrechnungsRelevanzVS,0.1.0,draft,,AbrechnungsRelevanzVS,Abrechnungsrelevanz der medizinischen Leistung,"Abrechnungsrelevanz der medizinischen Leistung","StructureDefinition/moped-ext-AbrechnungsRelevanz","Internal"
https://elga.moped.at/ValueSet/AbrechnungsartAuslaenderverrechnungVS,0.1.0,draft,,AbrechnungsartAuslaenderverrechnungVS,Abrechnungsart Ausländerverrechnung ValueSet,"ValueSet für die Abrechnungsarten in der Ausländerverrechnung","StructureDefinition/moped-ext-AbrechnungsartAuslaenderverrechnung","Internal"
https://elga.moped.at/ValueSet/AltersgruppeVS,0.1.0,draft,,AltersgruppeVS,Altersgruppe des Patienten,"ValueSet für die Altersgruppe des Patienten","StructureDefinition/moped-ext-altersgruppe,StructureDefinition/at-moped-encounter-bewegung-generisch,StructureDefinition/at-moped-encounter-bewegung-intensiv-basis,StructureDefinition/at-moped-encounter-bewegung-stationaer-basis,StructureDefinition/at-moped-encounter-bewegung-ambulant-basis","Internal"
https://elga.moped.at/ValueSet/AnwesenheitsartVS,0.1.0,draft,,AnwesenheitsartVS,Anwesenheitsart,"ValueSet für die Anwesenheitsart","StructureDefinition/at-moped-encounter-bewegung-ambulant-basis","Internal"
https://elga.moped.at/ValueSet/Aufnahmeart2VS,0.1.0,draft,,Aufnahmeart2VS,Aufnahmeart2 des Patienten,"ValueSet für die Aufnahmeart des Patienten","StructureDefinition/at-moped-encounter-aufenthalt-stationaer-Entlassung,StructureDefinition/at-moped-encounter-aufenthalt-stationaer-Aufnahme,StructureDefinition/at-moped-encounter-aufenthalt-stationaer-KA,StructureDefinition/at-moped-encounter-besuch-ambulant-KA,StructureDefinition/at-moped-encounter-besuch-ambulant-LGF,StructureDefinition/at-moped-encounter-besuch-ambulant-SV,StructureDefinition/at-moped-encounter-aufenthalt-stationaer-SV,StructureDefinition/at-moped-encounter-aufenthalt-stationaer-LGF,StructureDefinition/at-moped-encounter-aufenthaltbesuch-generisch,StructureDefinition/at-moped-encounter-besuch-ambulant-Bund,StructureDefinition/at-moped-encounter-aufenthalt-stationaer-Bund,StructureDefinition/at-moped-encounter-aufenthalt-stationaer-basis,StructureDefinition/at-moped-encounter-besuch-ambulant-basis","Internal"
https://elga.moped.at/ValueSet/AufnahmeartVS,0.1.0,draft,,AufnahmeartVS,Aufnahmeart des Patienten,"ValueSet für die Aufnahmeart des Patienten (LKF + Ka-Org)","StructureDefinition/moped-ext-aufnahmeart","Internal"
https://elga.moped.at/ValueSet/BehandlungsartVS,0.1.0,draft,,BehandlungsartVS,Behandlungsart,"ValueSet für die Behandlungsart","StructureDefinition/at-moped-encounter-aufenthalt-stationaer-Entlassung,StructureDefinition/at-moped-encounter-aufenthalt-stationaer-Aufnahme,StructureDefinition/at-moped-encounter-aufenthalt-stationaer-KA,StructureDefinition/at-moped-encounter-besuch-ambulant-KA,StructureDefinition/at-moped-encounter-besuch-ambulant-LGF,StructureDefinition/at-moped-encounter-besuch-ambulant-SV,StructureDefinition/at-moped-encounter-aufenthalt-stationaer-SV,StructureDefinition/at-moped-encounter-aufenthalt-stationaer-LGF,StructureDefinition/at-moped-encounter-aufenthaltbesuch-generisch,StructureDefinition/at-moped-encounter-besuch-ambulant-Bund,StructureDefinition/at-moped-encounter-aufenthalt-stationaer-Bund,StructureDefinition/at-moped-encounter-aufenthalt-stationaer-basis,StructureDefinition/at-moped-encounter-besuch-ambulant-basis","Internal"
https://elga.moped.at/ValueSet/ClaimSupportingInformationCategoryVS,0.1.0,draft,,ClaimSupportingInformationCategoryVS,MOPED VAESupportingInformationCategory,"Arten von zusätzlichen Informationen in der VAE","StructureDefinition/MopedSupportingInfoFREMDRE,StructureDefinition/MopedSupportingInfoOEGKELBNR,StructureDefinition/MopedSupportingInfoVortageanzahlAufKostenbeitrag,StructureDefinition/MopedSupportingInfo","Internal"
https://elga.moped.at/ValueSet/CompositionSectionsVS,0.1.0,draft,,CompositionSectionsVS,Moped Composition Sections ValueSet,"ValueSet für die Moped Sections der Composition Ressource","StructureDefinition/at-moped-composition-update,StructureDefinition/at-moped-composition-beantworten,StructureDefinition/at-moped-composition-entlassen-aviso,StructureDefinition/at-moped-composition-basis,StructureDefinition/at-moped-composition-anfragen,StructureDefinition/at-moped-composition-generisch,StructureDefinition/at-moped-composition-aufnehmen,StructureDefinition/at-moped-composition-entlassen-vollstaendig","Internal"
https://elga.moped.at/ValueSet/EWCodes2025VS,0.1.0,draft,,EWCodes2025VS,Akzeptierte Errors/Warnings - Codes 2025,"Der entsprechende Error-/Warning-/Hinweis-Code des unplausiblen/hinweisbezogenen Wertes","StructureDefinition/moped-ext-fehlerWarnung","Internal"
https://elga.moped.at/ValueSet/EntlassungsartAVS,0.1.0,draft,,EntlassungsartAVS,Entlassungsart des Patienten ambulant,"ValueSet für die ambulante Entlassungsart des Patienten","StructureDefinition/at-moped-encounter-besuch-ambulant-KA,ValueSet/EntlassungsartVS,StructureDefinition/at-moped-encounter-besuch-ambulant-LGF,StructureDefinition/at-moped-encounter-besuch-ambulant-SV,StructureDefinition/at-moped-encounter-besuch-ambulant-Bund,StructureDefinition/at-moped-encounter-besuch-ambulant-basis","Internal"
https://elga.moped.at/ValueSet/EntlassungsartSVS,0.1.0,draft,,EntlassungsartSVS,Entlassungsart des Patienten stationär,"ValueSet für die stationäre Entlassungsart des Patienten","StructureDefinition/at-moped-encounter-aufenthalt-stationaer-Bund,StructureDefinition/at-moped-encounter-aufenthalt-stationaer-Entlassung,StructureDefinition/at-moped-encounter-aufenthalt-stationaer-Aufnahme,StructureDefinition/at-moped-encounter-aufenthalt-stationaer-KA,ValueSet/EntlassungsartVS,StructureDefinition/at-moped-encounter-aufenthalt-stationaer-basis,StructureDefinition/at-moped-encounter-aufenthalt-stationaer-LGF,StructureDefinition/at-moped-encounter-aufenthalt-stationaer-SV","Internal"
https://elga.moped.at/ValueSet/EntlassungsartVS,0.1.0,draft,,EntlassungsartVS,Entlassungsart des Patienten ambulant + stationär,"ValueSet für die Entlassungsart des Patienten",,
https://elga.moped.at/ValueSet/FondsrelevanzVS,0.1.0,draft,,FondsrelevanzVS,Fondsrelevanz,"ValueSet für die Fondsrelevanz","StructureDefinition/moped-ext-fondsrelevanz","Internal"
https://elga.moped.at/ValueSet/GeburtenanzahlVS,0.1.0,draft,,GeburtenanzahlVS,Valueset für die Art der Geburtenanzahl,"Valueset für die Art der Geburtenanzahl in MOPED","StructureDefinition/at-moped-observation-geburtenanzahl-basis","LOINC"
https://elga.moped.at/ValueSet/HTTPVerbInsertOnlyVS,0.1.0,draft,,HTTPVerbInsertOnlyVS,HTTP Verb Insert Only,"HTTP Verben für das Einmelden von Ressourcen, welche nur initial eingemeldet und dann nicht mehr verändert werden dürfen.","StructureDefinition/at-moped-bundle-melden-LGF,StructureDefinition/at-moped-bundle-anfragen-KA,StructureDefinition/at-moped-bundle-aufnehmen-KA,StructureDefinition/at-moped-bundle-input-KA,StructureDefinition/at-moped-bundle-antworten-SV,StructureDefinition/at-moped-bundle-entscheiden-LGF,StructureDefinition/at-moped-bundle-update-KA,StructureDefinition/at-moped-bundle-entlassen-KA,StructureDefinition/at-moped-bundle-abrechnen-KA","hl7.fhir.r5.core"
https://elga.moped.at/ValueSet/HTTPVerbInsertUpdateDeleteVS,0.1.0,draft,,HTTPVerbInsertUpdateDeleteVS,HTTP Verb Insert Update Delete,"HTTP Verben für das Einmelden von Ressourcen, welche nur initial eingemeldet und dann nicht mehr verändert werden dürfen.","StructureDefinition/at-moped-bundle-questionnaireresponse-einmelden-KA,StructureDefinition/at-moped-bundle-aufnehmen-KA,StructureDefinition/at-moped-bundle-input-KA,StructureDefinition/at-moped-bundle-update-KA,StructureDefinition/at-moped-bundle-entlassen-KA","hl7.fhir.r5.core"
https://elga.moped.at/ValueSet/HTTPVerbInsertUpdateVS,0.1.0,draft,,HTTPVerbInsertUpdateVS,HTTP Verb Update Only,"HTTP Verben für das Einmelden von Ressourcen, welche nach dem initialen Einmelden nur aktualisiert werden dürfen.","StructureDefinition/at-moped-bundle-aufnehmen-KA,StructureDefinition/at-moped-bundle-input-KA,StructureDefinition/at-moped-bundle-update-KA,StructureDefinition/at-moped-bundle-entlassen-KA","hl7.fhir.r5.core"
https://elga.moped.at/ValueSet/HTTPVerbUpdateOnlyVS,0.1.0,draft,,HTTPVerbUpdateOnlyVS,HTTP Verb Update Only,"HTTP Verben für das Einmelden von Ressourcen, welche nach dem initialen Einmelden nur aktualisiert werden dürfen.",,"hl7.fhir.r5.core"
https://elga.moped.at/ValueSet/ICD10ATVS,0.1.0,draft,,ICD10ATVS,ICD-10 AT,"ICD-10 BMSGPK 2025+","StructureDefinition/at-moped-condition-basis,StructureDefinition/at-moped-condition-generisch","Other"
https://elga.moped.at/ValueSet/KostenmeldungARKVS,0.1.0,draft,,KostenmeldungARKVS,Kostenmeldung für (A/R/K),"ValueSet für die Art der Kostenmeldung","StructureDefinition/MopedARKResponse,StructureDefinition/at-moped-claimresponse-lkfresponse-basis,StructureDefinition/MopedARKRequest,StructureDefinition/at-moped-claimresponse-lkfresponse-generisch","Internal"
https://elga.moped.at/ValueSet/LKFAbrechnungsGruppeVS,0.1.0,draft,,LKFAbrechnungsGruppeVS,LKF Abrechnungsgruppe,"LKF Abrechnungsgruppe","StructureDefinition/MopedARKRequest,StructureDefinition/at-moped-claim-lkfrequest-basis,StructureDefinition/at-moped-claim-lkfrequest-generisch","Internal"
https://elga.moped.at/ValueSet/LKFAbrechnungsKnotenVS,0.1.0,draft,,LKFAbrechnungsKnotenVS,LKF Abrechnungsknoten,"LKF Abrechnungsknoten","StructureDefinition/moped-ext-diagnoseKnoten","Internal"
https://elga.moped.at/ValueSet/LKFAmbulantePauschalGruppenVS,0.1.0,draft,,LKFAmbulantePauschalGruppenVS,LKF Ambulante Pauschal-Gruppen,"LKF Ambulante Pauschal-Gruppen",,"Internal"
https://elga.moped.at/ValueSet/LKFAmbulantenMELGruppenVS,0.1.0,draft,,LKFAmbulantenMELGruppenVS,LKF Ambulante MEL-Gruppen,"LKF Ambulante MEL-Gruppen",,"Internal"
https://elga.moped.at/ValueSet/LKFDiagnoseTypVS,0.1.0,draft,,LKFDiagnoseTypVS,LKF Diagnosetyp ValueSet,"LKF Diganosetyp","StructureDefinition/moped-ext-Diagnosetyp","SCT,Other"
https://elga.moped.at/ValueSet/LKFHauptdiagnosegruppenVS,0.1.0,draft,,LKFHauptdiagnosegruppenVS,LKF Hauptdiagnosegruppen,"LKF Hauptdiagnosegruppen","StructureDefinition/at-moped-condition-basis,StructureDefinition/at-moped-condition-generisch","Internal"
https://elga.moped.at/ValueSet/LKFLeistungskatalogVS,0.1.0,draft,,LKFLeistungskatalogVS,LKF Leistungskatalog BMSGPK,"LKF Hauptdiagnosegruppen","StructureDefinition/at-moped-procedure-basis,StructureDefinition/at-moped-procedure-generisch","Other"
https://elga.moped.at/ValueSet/LKFSeitenlokalisationVS,0.1.0,draft,,LKFSeitenlokalisationVS,LKF Seitenlokalisation ValueSet,"LKF Seitenlokalisation","StructureDefinition/at-moped-procedure-basis,StructureDefinition/at-moped-procedure-generisch","SCT"
https://elga.moped.at/ValueSet/LKFSupportingInformationCategoryVS,0.1.0,draft,,LKFSupportingInformationCategoryVS,MOPED LKFSupportingInformationCategory,"Arten von zusätzlichen Informationen im LKFRequest",,"Internal"
https://elga.moped.at/ValueSet/LKFmedizinischeEinzelleistungenVS,0.1.0,draft,,LKFmedizinischeEinzelleistungenVS,LKF medizinische Einzelleistungen (MEL),"LKF medizinische Einzelleistungen (MEL)","StructureDefinition/at-moped-procedure-basis,StructureDefinition/at-moped-procedure-generisch","Internal"
https://elga.moped.at/ValueSet/MopedClaimItemCategoryVS,0.1.0,draft,,MopedClaimItemCategoryVS,Moped Claim Item Category ValueSet,"ValueSet für die Arten von Claim Item Kategorien","StructureDefinition/MopedARKResponse,StructureDefinition/MopedARKRequest,StructureDefinition/at-moped-claim-lkfrequest-basis,StructureDefinition/at-moped-claim-lkfrequest-generisch,StructureDefinition/moped-ext-AddItemCategory","Internal"
https://elga.moped.at/ValueSet/MopedClaimTypeVS,0.1.0,draft,,MopedClaimTypeVS,Claim Type ValueSet,"ValueSet für die Arten der Claims/ClaimResponses","StructureDefinition/at-moped-claim-vaerequest-generisch,StructureDefinition/MopedARKResponse,StructureDefinition/at-moped-claimresponse-lkfresponse-basis,StructureDefinition/MopedARKRequest,StructureDefinition/at-moped-claim-lkfrequest-basis,StructureDefinition/at-moped-claimresponse-vaeresponse-basis,StructureDefinition/at-moped-claimresponse-vaeresponse-generisch,StructureDefinition/at-moped-claim-lkfrequest-generisch,StructureDefinition/at-moped-claimresponse-lkfresponse-generisch,StructureDefinition/at-moped-claim-vaerequest-basis,StructureDefinition/at-moped-claim-vaerequest-verlaengerung,StructureDefinition/at-moped-claim-VAE-request-initial","Internal"
https://elga.moped.at/ValueSet/MopedDeviceTypesVS,0.1.0,draft,,MopedDeviceTypesVS,Moped Device Types ValueSet,"Types von Moped Devices","StructureDefinition/at-moped-device-XDok,StructureDefinition/at-moped-device-generisch","Internal"
https://elga.moped.at/ValueSet/MopedEncounterParticipantTypesVS,0.1.0,draft,,MopedEncounterParticipantTypesVS,Moped Encounter Participant Type ValueSet,"ValueSet für die Moped Encounter Participant Types",,"Internal"
https://elga.moped.at/ValueSet/MopedEncounterStatusAufnahmeVS,0.1.0,draft,,MopedEncounterStatusAufnahmeVS,Encounter Status bei der Aufnahme,"Varianten des Encounter Status bei der Aufnahme","ValueSet/MopedEncounterStatusVS","hl7.fhir.r5.core"
https://elga.moped.at/ValueSet/MopedEncounterStatusEntlassungVS,0.1.0,draft,,MopedEncounterStatusEntlassungVS,Encounter Status bei Entlassung,"Varianten des Encounter Status bei Entlassung","StructureDefinition/at-moped-encounter-aufenthalt-stationaer-Entlassung,ValueSet/MopedEncounterStatusVS","hl7.fhir.r5.core"
https://elga.moped.at/ValueSet/MopedEncounterStatusVS,0.1.0,draft,,MopedEncounterStatusVS,Encounter Status in Moped,"Varianten des Encounter Status bei Aufenthalten in Moped","StructureDefinition/at-moped-encounter-aufenthalt-stationaer-Bund,StructureDefinition/at-moped-encounter-aufenthalt-stationaer-Aufnahme,StructureDefinition/at-moped-encounter-aufenthalt-stationaer-KA,StructureDefinition/at-moped-encounter-besuch-ambulant-KA,StructureDefinition/at-moped-encounter-aufenthalt-stationaer-basis,StructureDefinition/at-moped-encounter-besuch-ambulant-LGF,StructureDefinition/at-moped-encounter-besuch-ambulant-SV,StructureDefinition/at-moped-encounter-aufenthalt-stationaer-LGF,StructureDefinition/at-moped-encounter-aufenthalt-stationaer-SV,StructureDefinition/at-moped-encounter-aufenthaltbesuch-generisch,StructureDefinition/at-moped-encounter-besuch-ambulant-Bund,StructureDefinition/at-moped-encounter-besuch-ambulant-basis",
https://elga.moped.at/ValueSet/MopedEncounterTypesVS,0.1.0,draft,,MopedEncounterTypesVS,Arten von Moped Encounter,"Arten von Moped Encounter",,"Internal"
https://elga.moped.at/ValueSet/MopedEntbindungsartVS,0.1.0,draft,,MopedEntbindungsartVS,Moped ValueSet für die Art der Entbindung,"KaOrg Varianten der Art der Entbindung","StructureDefinition/at-moped-observation-entbindungsart-basis","Internal"
https://elga.moped.at/ValueSet/MopedLKFRequestSubTypeVS,0.1.0,draft,,MopedLKFRequestSubTypeVS,LKF ClaimResponse Subtype ValueSet,"ValueSet für die Art der ClaimResponses","StructureDefinition/at-moped-claim-lkfrequest-basis,StructureDefinition/at-moped-claim-lkfrequest-generisch","Internal"
https://elga.moped.at/ValueSet/MopedPaymentTypesVS,0.1.0,draft,,MopedPaymentTypesVS,Arten von Moped Payment Types VS,"Arten von Moped Payment Types VS","StructureDefinition/MopedARKStatusUpdate","Internal"
https://elga.moped.at/ValueSet/MopedVAERequestSubTypeVS,0.1.0,draft,,MopedVAERequestSubTypeVS,VAE Claim Subtype ValueSet,"ValueSet für die Art der Claims","StructureDefinition/at-moped-claim-vaerequest-generisch,StructureDefinition/at-moped-claim-vaerequest-basis,StructureDefinition/at-moped-claim-vaerequest-verlaengerung,StructureDefinition/at-moped-claim-VAE-request-initial","Internal"
https://elga.moped.at/ValueSet/SonderklasseVS,0.1.0,draft,,SonderklasseVS,Sonderklasse ValueSet,"ValueSet für die Klasse (KaOrg)","StructureDefinition/at-moped-claim-vaerequest-generisch,StructureDefinition/at-moped-claim-vaerequest-basis,StructureDefinition/MopedSupportingInfoVortageanzahlAufKostenbeitrag,StructureDefinition/at-moped-claim-vaerequest-verlaengerung,StructureDefinition/at-moped-claim-VAE-request-initial","Internal"
https://elga.moped.at/ValueSet/SpezielleOrganisationsformVS,0.1.0,draft,,SpezielleOrganisationsformVS,Spezielle Organisationsform,"Die spezielle Organisationsform der stationären Versorgung ist im Kostenstellenplan  zusätzlich zum Funktionscode mit einer entsprechenden Kennzeichnung zu versehen.","StructureDefinition/moped-ext-Kostenstelle","Internal"
https://elga.moped.at/ValueSet/TransportartVS,0.1.0,draft,,TransportartVS,Transportart,"ValueSet für die Transportart des Patienten","StructureDefinition/at-moped-encounter-aufenthalt-stationaer-Entlassung,StructureDefinition/at-moped-encounter-aufenthalt-stationaer-Aufnahme,StructureDefinition/at-moped-encounter-aufenthalt-stationaer-KA,StructureDefinition/at-moped-encounter-besuch-ambulant-KA,StructureDefinition/at-moped-encounter-besuch-ambulant-LGF,StructureDefinition/at-moped-encounter-besuch-ambulant-SV,StructureDefinition/at-moped-encounter-aufenthalt-stationaer-SV,StructureDefinition/at-moped-encounter-aufenthalt-stationaer-LGF,StructureDefinition/at-moped-encounter-aufenthaltbesuch-generisch,StructureDefinition/at-moped-encounter-besuch-ambulant-Bund,StructureDefinition/at-moped-encounter-aufenthalt-stationaer-Bund,StructureDefinition/at-moped-encounter-aufenthalt-stationaer-basis,StructureDefinition/at-moped-encounter-besuch-ambulant-basis","Internal"
https://elga.moped.at/ValueSet/UrsacheVS,0.1.0,draft,,UrsacheVS,Ursache für Behandlung,"ValueSet für die Ursache der Behandlung laut Ka-Org","StructureDefinition/at-moped-encounter-aufenthalt-stationaer-Entlassung,StructureDefinition/at-moped-encounter-aufenthalt-stationaer-Aufnahme,StructureDefinition/at-moped-encounter-aufenthalt-stationaer-KA,StructureDefinition/at-moped-encounter-besuch-ambulant-KA,StructureDefinition/at-moped-encounter-besuch-ambulant-LGF,StructureDefinition/at-moped-encounter-besuch-ambulant-SV,StructureDefinition/at-moped-encounter-aufenthalt-stationaer-SV,StructureDefinition/at-moped-encounter-aufenthalt-stationaer-LGF,StructureDefinition/at-moped-encounter-aufenthaltbesuch-generisch,StructureDefinition/at-moped-encounter-besuch-ambulant-Bund,StructureDefinition/at-moped-encounter-aufenthalt-stationaer-Bund,StructureDefinition/at-moped-encounter-aufenthalt-stationaer-basis,StructureDefinition/at-moped-encounter-besuch-ambulant-basis","Internal"
https://elga.moped.at/ValueSet/VAEStatusVS,0.1.0,draft,,VAEStatusVS,Status der Versichertenanspruchserklärung,"Status der Versichertenanspruchserklärung","StructureDefinition/at-moped-claimresponse-vaeresponse-basis,StructureDefinition/at-moped-claimresponse-vaeresponse-generisch","Internal"
https://elga.moped.at/ValueSet/VAESupportingInformationCategoryVS,0.1.0,draft,,VAESupportingInformationCategoryVS,MOPED VAESupportingInformationCategory,"Arten von zusätzlichen Informationen in der VAE","StructureDefinition/at-moped-claim-vaerequest-generisch,StructureDefinition/at-moped-claim-vaerequest-basis,StructureDefinition/at-moped-claim-vaerequest-verlaengerung,StructureDefinition/at-moped-claim-VAE-request-initial","Internal"
https://elga.moped.at/ValueSet/VBPKValueSet,0.1.0,draft,,VBPKValueSet,vbPK ValueSet,"ValueSet für die vbPKs",,"Other"
https://elga.moped.at/ValueSet/VerdachtArbeitsSchuelerunfallVS,0.1.0,draft,,VerdachtArbeitsSchuelerunfallVS,Verdacht auf Arbeits- oder Schuelerunfall ValueSet,"ValueSet für den Verdacht auf einen Arbeits- oder Schuelerunfall","StructureDefinition/at-moped-claim-vaerequest-generisch,StructureDefinition/at-moped-claim-vaerequest-basis,StructureDefinition/at-moped-claim-vaerequest-verlaengerung,StructureDefinition/at-moped-claim-VAE-request-initial","Internal"
https://elga.moped.at/ValueSet/VerpflegskostenBeitragsbefreiungVS,0.1.0,draft,,VerpflegskostenBeitragsbefreiungVS,Befreiung für den Verpflegskostenbeitrag,"Befreiung für den Verpflegskostenbeitrag","StructureDefinition/moped-ext-verpflegskostenBeitragsbefreiung","Internal"
https://elga.moped.at/ValueSet/WorkflowStatusVS,0.1.0,draft,,WorkflowStatusVS,Workflow Status eines Falls,"ValueSet für die Statusoptionen in denen sich ein Fall befinden kann.","StructureDefinition/at-moped-composition-update,StructureDefinition/at-moped-composition-beantworten,StructureDefinition/at-moped-composition-entlassen-aviso,StructureDefinition/at-moped-composition-basis,StructureDefinition/at-moped-composition-anfragen,StructureDefinition/at-moped-composition-generisch,StructureDefinition/at-moped-composition-aufnehmen,StructureDefinition/at-moped-composition-entlassen-vollstaendig","Internal"
https://elga.moped.at/ValueSet/ZahlungskennzeichenVS,0.1.0,draft,,ZahlungskennzeichenVS,ValueSet Zahlungskennzeichen ARK,"ValueSet für das Zahlungskennzeichen ARK","StructureDefinition/moped-ext-Zahlungskennzeichen","Internal"
