"Profile","Id","Path","Slice Name","Alias(s)","Label","Min","Max","Must Support?","Is Modifier?","Is Summary?","Type(s)","Short","Definition","Comments","Requirements","Default Value","Meaning When Missing","Fixed Value","Pattern","Example","Minimum Value","Maximum Value","Maximum Length","Binding Strength","Binding Description","Binding Value Set","Code","Slicing Discriminator","Slicing Description","Slicing Ordered","Slicing Rules","Base Path","Base Min","Base Max","Condition(s)","Constraint(s)"
"AllergiesIntolerances-ips","AllergiesIntolerances-ips","AllergiesIntolerances-ips","","","",0,*,"","","","null {[]} {[]}
","Allergies and Intolerances (IPS)","Abbildung der Datenfelder, die für den Entwurf der Datenspezifikation des Rahmenkonzepts Integrierte Versorgung Diabetes Mellitus Typ 2 erforderlich sind, auf dem des IPS-Modul ""Allergies and Intolerances"".

Refer to the **[mapping from the logical model of diabetes to the logical model based on the International Patient Summary (IPS)](mappings.html)** in order to get an idea how the IPS relates to diabetes.","","","","","","","","","",,,,,"",,,,"Base",0,*,"",""
"AllergiesIntolerances-ips","AllergiesIntolerances-ips.code","AllergiesIntolerances-ips.code","","","",1,1,"","","","CodeableConcept {[]} {[]}
","Type of the substance/product, allergy or intolerance condition or or a code for absent/unknown allergy.","Type of the substance/product, allergy or intolerance condition or or a code for absent/unknown allergy.","","","","","","","","","",,,,,"",,,,"AllergiesIntolerances-ips.code",1,1,"",""
"AllergiesIntolerances-ips","AllergiesIntolerances-ips.patient","AllergiesIntolerances-ips.patient","","","",1,1,"","","","https://fhir.hl7.at/elga-iv-diabetes/StructureDefinition/Subject-ips {[]} {[]}
","Who the sensitivity is for","Who the sensitivity is for","","","","","","","","","",,,,,"",,,,"AllergiesIntolerances-ips.patient",1,1,"",""
"AllergiesIntolerances-ips","AllergiesIntolerances-ips.asserter[x]","AllergiesIntolerances-ips.asserter[x]","","","",0,1,"","","","https://fhir.hl7.at/elga-iv-diabetes/StructureDefinition/Subject-ips {[]} {[]}
Reference {[]} {[CanonicalType[http://hl7.org/fhir/StructureDefinition/RelatedPerson], CanonicalType[http://hl7.org/fhir/StructureDefinition/Practitioner], CanonicalType[http://hl7.org/fhir/StructureDefinition/PractitionerRole]]}","Source of the information about the allergy","Source of the information about the allergy","","","","","","","","","",,,,,"",,,,"AllergiesIntolerances-ips.asserter[x]",0,1,"",""
"Datamodel-diab","Datamodel-diab","Datamodel-diab","","","",0,*,"","","","null {[]} {[]}
","Datamodel Diabetes","Datenmodel das basierend auf den Datenarten für das Versorgungsstufenübergreifende elektronische Leitdokument des Rahmenkonzepts Integrierte Versorgung Diabetes Mellitus Typ 2 erstellt wurde.

Refer to the **[mapping from the logical model of diabetes to the logical model based on the International Patient Summary (IPS)](mappings.html#patient)** in order to get an idea how the IPS can be used in this context.","","","","","","","","","",,,,,"",,,,"Base",0,*,"",""
"Datamodel-diab","Datamodel-diab.Administratives","Datamodel-diab.Administratives","","","",1,1,"","","","BackboneElement {[]} {[]}
","Administrative Inhalte","Administrative Inhalte","","","","","","","","","",,,,,"",,,,"Datamodel-diab.Administratives",1,1,"","ele-1:All FHIR elements must have a @value or children {hasValue() or (children().count() > id.count())}
"
"Datamodel-diab","Datamodel-diab.Administratives.id","Datamodel-diab.Administratives.id","","","",0,1,"","","","string {[]} {[]}
","Unique id for inter-element referencing","Unique id for the element within a resource (for internal references). This may be any string value that does not contain spaces.","","","","","","","","","",,,,,"",,,,"Element.id",0,1,"",""
"Datamodel-diab","Datamodel-diab.Administratives.extension","Datamodel-diab.Administratives.extension","","extensions
user content","",0,*,"","","","Extension {[]} {[]}
","Additional content defined by implementations","May be used to represent additional information that is not part of the basic definition of the element. To make the use of extensions safe and manageable, there is a strict set of governance  applied to the definition and use of extensions. Though any implementer can define an extension, there is a set of requirements that SHALL be met as part of the definition of the extension.","There can be no stigma associated with the use of extensions by any application, project, or standard - regardless of the institution or jurisdiction that uses or defines the extensions.  The use of extensions is what allows the FHIR specification to retain a core level of simplicity for everyone.","","","","","","","","",,,,,"","value:url}
","Extensions are always sliced by (at least) url",,"open","Element.extension",0,*,"","ele-1:All FHIR elements must have a @value or children {hasValue() or (children().count() > id.count())}
ext-1:Must have either extensions or value[x], not both {extension.exists() != value.exists()}"
"Datamodel-diab","Datamodel-diab.Administratives.modifierExtension","Datamodel-diab.Administratives.modifierExtension","","extensions
user contentmodifiers","",0,*,"","Y","Y","Extension {[]} {[]}
","Extensions that cannot be ignored even if unrecognized","May be used to represent additional information that is not part of the basic definition of the element and that modifies the understanding of the element in which it is contained and/or the understanding of the containing element's descendants. Usually modifier elements provide negation or qualification. To make the use of extensions safe and manageable, there is a strict set of governance applied to the definition and use of extensions. Though any implementer can define an extension, there is a set of requirements that SHALL be met as part of the definition of the extension. Applications processing a resource are required to check for modifier extensions.

Modifier extensions SHALL NOT change the meaning of any elements on Resource or DomainResource (including cannot change the meaning of modifierExtension itself).","There can be no stigma associated with the use of extensions by any application, project, or standard - regardless of the institution or jurisdiction that uses or defines the extensions.  The use of extensions is what allows the FHIR specification to retain a core level of simplicity for everyone.","Modifier extensions allow for extensions that *cannot* be safely ignored to be clearly distinguished from the vast majority of extensions which can be safely ignored.  This promotes interoperability by eliminating the need for implementers to prohibit the presence of extensions. For further information, see the [definition of modifier extensions](http://hl7.org/fhir/R4/extensibility.html#modifierExtension).","","","","","","","",,,,,"",,,,"BackboneElement.modifierExtension",0,*,"","ele-1:All FHIR elements must have a @value or children {hasValue() or (children().count() > id.count())}
ext-1:Must have either extensions or value[x], not both {extension.exists() != value.exists()}"
"Datamodel-diab","Datamodel-diab.Administratives.Untersuchung","Datamodel-diab.Administratives.Untersuchung","","","",1,1,"","","","BackboneElement {[]} {[]}
","Untersuchungsdatum","Untersuchungsdatum","","","","","","","","","",,,,,"",,,,"Datamodel-diab.Administratives.Untersuchung",1,1,"","ele-1:All FHIR elements must have a @value or children {hasValue() or (children().count() > id.count())}
"
"Datamodel-diab","Datamodel-diab.Administratives.Untersuchung.id","Datamodel-diab.Administratives.Untersuchung.id","","","",0,1,"","","","string {[]} {[]}
","Unique id for inter-element referencing","Unique id for the element within a resource (for internal references). This may be any string value that does not contain spaces.","","","","","","","","","",,,,,"",,,,"Element.id",0,1,"",""
"Datamodel-diab","Datamodel-diab.Administratives.Untersuchung.extension","Datamodel-diab.Administratives.Untersuchung.extension","","extensions
user content","",0,*,"","","","Extension {[]} {[]}
","Additional content defined by implementations","May be used to represent additional information that is not part of the basic definition of the element. To make the use of extensions safe and manageable, there is a strict set of governance  applied to the definition and use of extensions. Though any implementer can define an extension, there is a set of requirements that SHALL be met as part of the definition of the extension.","There can be no stigma associated with the use of extensions by any application, project, or standard - regardless of the institution or jurisdiction that uses or defines the extensions.  The use of extensions is what allows the FHIR specification to retain a core level of simplicity for everyone.","","","","","","","","",,,,,"","value:url}
","Extensions are always sliced by (at least) url",,"open","Element.extension",0,*,"","ele-1:All FHIR elements must have a @value or children {hasValue() or (children().count() > id.count())}
ext-1:Must have either extensions or value[x], not both {extension.exists() != value.exists()}"
"Datamodel-diab","Datamodel-diab.Administratives.Untersuchung.modifierExtension","Datamodel-diab.Administratives.Untersuchung.modifierExtension","","extensions
user contentmodifiers","",0,*,"","Y","Y","Extension {[]} {[]}
","Extensions that cannot be ignored even if unrecognized","May be used to represent additional information that is not part of the basic definition of the element and that modifies the understanding of the element in which it is contained and/or the understanding of the containing element's descendants. Usually modifier elements provide negation or qualification. To make the use of extensions safe and manageable, there is a strict set of governance applied to the definition and use of extensions. Though any implementer can define an extension, there is a set of requirements that SHALL be met as part of the definition of the extension. Applications processing a resource are required to check for modifier extensions.

Modifier extensions SHALL NOT change the meaning of any elements on Resource or DomainResource (including cannot change the meaning of modifierExtension itself).","There can be no stigma associated with the use of extensions by any application, project, or standard - regardless of the institution or jurisdiction that uses or defines the extensions.  The use of extensions is what allows the FHIR specification to retain a core level of simplicity for everyone.","Modifier extensions allow for extensions that *cannot* be safely ignored to be clearly distinguished from the vast majority of extensions which can be safely ignored.  This promotes interoperability by eliminating the need for implementers to prohibit the presence of extensions. For further information, see the [definition of modifier extensions](http://hl7.org/fhir/R4/extensibility.html#modifierExtension).","","","","","","","",,,,,"",,,,"BackboneElement.modifierExtension",0,*,"","ele-1:All FHIR elements must have a @value or children {hasValue() or (children().count() > id.count())}
ext-1:Must have either extensions or value[x], not both {extension.exists() != value.exists()}"
"Datamodel-diab","Datamodel-diab.Administratives.Untersuchung.Datum","Datamodel-diab.Administratives.Untersuchung.Datum","","","",1,1,"","","","dateTime {[]} {[]}
","Untersuchungsdatum","Untersuchungsdatum","","","","","","","","","",,,,,"",,,,"Datamodel-diab.Administratives.Untersuchung.Datum",1,1,"",""
"Datamodel-diab","Datamodel-diab.Administratives.Untersuchung.Art","Datamodel-diab.Administratives.Untersuchung.Art","","","",1,1,"","","","CodeableConcept {[]} {[]}
","Art der Untersuchung (z.B. Erstbetreuung, Quartalscheck, Jahrescheck, Konsulation aufgrund akuter Komplikation)","Art der Untersuchung (z.B. Erstbetreuung, Quartalscheck, Jahrescheck, Konsulation aufgrund akuter Komplikation)","","","","","","","","","",,,,,"",,,,"Datamodel-diab.Administratives.Untersuchung.Art",1,1,"",""
"Datamodel-diab","Datamodel-diab.Administratives.Patient","Datamodel-diab.Administratives.Patient","","","",1,1,"","","","BackboneElement {[]} {[]}
","Patient","Patient","","","","","","","","","",,,,,"",,,,"Datamodel-diab.Administratives.Patient",1,1,"","ele-1:All FHIR elements must have a @value or children {hasValue() or (children().count() > id.count())}
"
"Datamodel-diab","Datamodel-diab.Administratives.Patient.id","Datamodel-diab.Administratives.Patient.id","","","",0,1,"","","","string {[]} {[]}
","Unique id for inter-element referencing","Unique id for the element within a resource (for internal references). This may be any string value that does not contain spaces.","","","","","","","","","",,,,,"",,,,"Element.id",0,1,"",""
"Datamodel-diab","Datamodel-diab.Administratives.Patient.extension","Datamodel-diab.Administratives.Patient.extension","","extensions
user content","",0,*,"","","","Extension {[]} {[]}
","Additional content defined by implementations","May be used to represent additional information that is not part of the basic definition of the element. To make the use of extensions safe and manageable, there is a strict set of governance  applied to the definition and use of extensions. Though any implementer can define an extension, there is a set of requirements that SHALL be met as part of the definition of the extension.","There can be no stigma associated with the use of extensions by any application, project, or standard - regardless of the institution or jurisdiction that uses or defines the extensions.  The use of extensions is what allows the FHIR specification to retain a core level of simplicity for everyone.","","","","","","","","",,,,,"","value:url}
","Extensions are always sliced by (at least) url",,"open","Element.extension",0,*,"","ele-1:All FHIR elements must have a @value or children {hasValue() or (children().count() > id.count())}
ext-1:Must have either extensions or value[x], not both {extension.exists() != value.exists()}"
"Datamodel-diab","Datamodel-diab.Administratives.Patient.modifierExtension","Datamodel-diab.Administratives.Patient.modifierExtension","","extensions
user contentmodifiers","",0,*,"","Y","Y","Extension {[]} {[]}
","Extensions that cannot be ignored even if unrecognized","May be used to represent additional information that is not part of the basic definition of the element and that modifies the understanding of the element in which it is contained and/or the understanding of the containing element's descendants. Usually modifier elements provide negation or qualification. To make the use of extensions safe and manageable, there is a strict set of governance applied to the definition and use of extensions. Though any implementer can define an extension, there is a set of requirements that SHALL be met as part of the definition of the extension. Applications processing a resource are required to check for modifier extensions.

Modifier extensions SHALL NOT change the meaning of any elements on Resource or DomainResource (including cannot change the meaning of modifierExtension itself).","There can be no stigma associated with the use of extensions by any application, project, or standard - regardless of the institution or jurisdiction that uses or defines the extensions.  The use of extensions is what allows the FHIR specification to retain a core level of simplicity for everyone.","Modifier extensions allow for extensions that *cannot* be safely ignored to be clearly distinguished from the vast majority of extensions which can be safely ignored.  This promotes interoperability by eliminating the need for implementers to prohibit the presence of extensions. For further information, see the [definition of modifier extensions](http://hl7.org/fhir/R4/extensibility.html#modifierExtension).","","","","","","","",,,,,"",,,,"BackboneElement.modifierExtension",0,*,"","ele-1:All FHIR elements must have a @value or children {hasValue() or (children().count() > id.count())}
ext-1:Must have either extensions or value[x], not both {extension.exists() != value.exists()}"
"Datamodel-diab","Datamodel-diab.Administratives.Patient.Geschlecht","Datamodel-diab.Administratives.Patient.Geschlecht","","","",1,1,"","","","CodeableConcept {[]} {[]}
","Geschlecht","Geschlecht","","","","","","","","","",,,,,"",,,,"Datamodel-diab.Administratives.Patient.Geschlecht",1,1,"",""
"Datamodel-diab","Datamodel-diab.Administratives.Patient.Familienname","Datamodel-diab.Administratives.Patient.Familienname","","","",1,1,"","","","string {[]} {[]}
","Familienname","Familienname","","","","","","","","","",,,,,"",,,,"Datamodel-diab.Administratives.Patient.Familienname",1,1,"",""
"Datamodel-diab","Datamodel-diab.Administratives.Patient.Vorname","Datamodel-diab.Administratives.Patient.Vorname","","","",1,1,"","","","string {[]} {[]}
","Vorname","Vorname","","","","","","","","","",,,,,"",,,,"Datamodel-diab.Administratives.Patient.Vorname",1,1,"",""
"Datamodel-diab","Datamodel-diab.Administratives.Patient.Geburtsdatum","Datamodel-diab.Administratives.Patient.Geburtsdatum","","","",1,1,"","","","date {[]} {[]}
","Geburtsdatum","Geburtsdatum","","","","","","","","","",,,,,"",,,,"Datamodel-diab.Administratives.Patient.Geburtsdatum",1,1,"",""
"Datamodel-diab","Datamodel-diab.Administratives.Patient.Adresse","Datamodel-diab.Administratives.Patient.Adresse","","","",1,1,"","","","Address {[]} {[]}
","Adresse","Adresse","","","","","","","","","",,,,,"",,,,"Datamodel-diab.Administratives.Patient.Adresse",1,1,"",""
"Datamodel-diab","Datamodel-diab.Administratives.Patient.SVNR","Datamodel-diab.Administratives.Patient.SVNR","","","",1,1,"","","","string {[]} {[]}
","SVNR","SVNR","","","","","","","","","",,,,,"",,,,"Datamodel-diab.Administratives.Patient.SVNR",1,1,"",""
"Datamodel-diab","Datamodel-diab.Administratives.Patient.KVTraeger","Datamodel-diab.Administratives.Patient.KVTraeger","","","",1,1,"","","","string {[]} {[]}
","KV-Träger","KV-Träger","","","","","","","","","",,,,,"",,,,"Datamodel-diab.Administratives.Patient.KVTraeger",1,1,"",""
"Datamodel-diab","Datamodel-diab.Administratives.Untersucher","Datamodel-diab.Administratives.Untersucher","","","",0,*,"","","","BackboneElement {[]} {[]}
","Untersucher","Untersucher","","","","","","","","","",,,,,"",,,,"Datamodel-diab.Administratives.Untersucher",0,*,"","ele-1:All FHIR elements must have a @value or children {hasValue() or (children().count() > id.count())}
"
"Datamodel-diab","Datamodel-diab.Administratives.Untersucher.id","Datamodel-diab.Administratives.Untersucher.id","","","",0,1,"","","","string {[]} {[]}
","Unique id for inter-element referencing","Unique id for the element within a resource (for internal references). This may be any string value that does not contain spaces.","","","","","","","","","",,,,,"",,,,"Element.id",0,1,"",""
"Datamodel-diab","Datamodel-diab.Administratives.Untersucher.extension","Datamodel-diab.Administratives.Untersucher.extension","","extensions
user content","",0,*,"","","","Extension {[]} {[]}
","Additional content defined by implementations","May be used to represent additional information that is not part of the basic definition of the element. To make the use of extensions safe and manageable, there is a strict set of governance  applied to the definition and use of extensions. Though any implementer can define an extension, there is a set of requirements that SHALL be met as part of the definition of the extension.","There can be no stigma associated with the use of extensions by any application, project, or standard - regardless of the institution or jurisdiction that uses or defines the extensions.  The use of extensions is what allows the FHIR specification to retain a core level of simplicity for everyone.","","","","","","","","",,,,,"","value:url}
","Extensions are always sliced by (at least) url",,"open","Element.extension",0,*,"","ele-1:All FHIR elements must have a @value or children {hasValue() or (children().count() > id.count())}
ext-1:Must have either extensions or value[x], not both {extension.exists() != value.exists()}"
"Datamodel-diab","Datamodel-diab.Administratives.Untersucher.modifierExtension","Datamodel-diab.Administratives.Untersucher.modifierExtension","","extensions
user contentmodifiers","",0,*,"","Y","Y","Extension {[]} {[]}
","Extensions that cannot be ignored even if unrecognized","May be used to represent additional information that is not part of the basic definition of the element and that modifies the understanding of the element in which it is contained and/or the understanding of the containing element's descendants. Usually modifier elements provide negation or qualification. To make the use of extensions safe and manageable, there is a strict set of governance applied to the definition and use of extensions. Though any implementer can define an extension, there is a set of requirements that SHALL be met as part of the definition of the extension. Applications processing a resource are required to check for modifier extensions.

Modifier extensions SHALL NOT change the meaning of any elements on Resource or DomainResource (including cannot change the meaning of modifierExtension itself).","There can be no stigma associated with the use of extensions by any application, project, or standard - regardless of the institution or jurisdiction that uses or defines the extensions.  The use of extensions is what allows the FHIR specification to retain a core level of simplicity for everyone.","Modifier extensions allow for extensions that *cannot* be safely ignored to be clearly distinguished from the vast majority of extensions which can be safely ignored.  This promotes interoperability by eliminating the need for implementers to prohibit the presence of extensions. For further information, see the [definition of modifier extensions](http://hl7.org/fhir/R4/extensibility.html#modifierExtension).","","","","","","","",,,,,"",,,,"BackboneElement.modifierExtension",0,*,"","ele-1:All FHIR elements must have a @value or children {hasValue() or (children().count() > id.count())}
ext-1:Must have either extensions or value[x], not both {extension.exists() != value.exists()}"
"Datamodel-diab","Datamodel-diab.Administratives.Untersucher.VPNR","Datamodel-diab.Administratives.Untersucher.VPNR","","","",1,1,"","","","string {[]} {[]}
","Vertragspartnernummer","Vertragspartnernummer","","","","","","","","","",,,,,"",,,,"Datamodel-diab.Administratives.Untersucher.VPNR",1,1,"",""
"Datamodel-diab","Datamodel-diab.Administratives.Untersucher.Fachgebiet","Datamodel-diab.Administratives.Untersucher.Fachgebiet","","","",1,1,"","","","CodeableConcept {[]} {[]}
","Fachgebiet","Fachgebiet","","","","","","","","","",,,,,"",,,,"Datamodel-diab.Administratives.Untersucher.Fachgebiet",1,1,"",""
"Datamodel-diab","Datamodel-diab.Administratives.Untersucher.Name","Datamodel-diab.Administratives.Untersucher.Name","","","",1,1,"","","","string {[]} {[]}
","Name","Name","","","","","","","","","",,,,,"",,,,"Datamodel-diab.Administratives.Untersucher.Name",1,1,"",""
"Datamodel-diab","Datamodel-diab.Administratives.Untersucher.Adresse","Datamodel-diab.Administratives.Untersucher.Adresse","","","",1,1,"","","","Address {[]} {[]}
","Adresse","Adresse","","","","","","","","","",,,,,"",,,,"Datamodel-diab.Administratives.Untersucher.Adresse",1,1,"",""
"Datamodel-diab","Datamodel-diab.Diagnosen","Datamodel-diab.Diagnosen","","","",1,*,"","","","BackboneElement {[]} {[]}
","Diagnosen - je Diagnose wird das Erstdiagnosedatum dokumentiert","Diagnosen - je Diagnose wird das Erstdiagnosedatum dokumentiert","","","","","","","","","",,,,,"",,,,"Datamodel-diab.Diagnosen",1,*,"","ele-1:All FHIR elements must have a @value or children {hasValue() or (children().count() > id.count())}
"
"Datamodel-diab","Datamodel-diab.Diagnosen.id","Datamodel-diab.Diagnosen.id","","","",0,1,"","","","string {[]} {[]}
","Unique id for inter-element referencing","Unique id for the element within a resource (for internal references). This may be any string value that does not contain spaces.","","","","","","","","","",,,,,"",,,,"Element.id",0,1,"",""
"Datamodel-diab","Datamodel-diab.Diagnosen.extension","Datamodel-diab.Diagnosen.extension","","extensions
user content","",0,*,"","","","Extension {[]} {[]}
","Additional content defined by implementations","May be used to represent additional information that is not part of the basic definition of the element. To make the use of extensions safe and manageable, there is a strict set of governance  applied to the definition and use of extensions. Though any implementer can define an extension, there is a set of requirements that SHALL be met as part of the definition of the extension.","There can be no stigma associated with the use of extensions by any application, project, or standard - regardless of the institution or jurisdiction that uses or defines the extensions.  The use of extensions is what allows the FHIR specification to retain a core level of simplicity for everyone.","","","","","","","","",,,,,"","value:url}
","Extensions are always sliced by (at least) url",,"open","Element.extension",0,*,"","ele-1:All FHIR elements must have a @value or children {hasValue() or (children().count() > id.count())}
ext-1:Must have either extensions or value[x], not both {extension.exists() != value.exists()}"
"Datamodel-diab","Datamodel-diab.Diagnosen.modifierExtension","Datamodel-diab.Diagnosen.modifierExtension","","extensions
user contentmodifiers","",0,*,"","Y","Y","Extension {[]} {[]}
","Extensions that cannot be ignored even if unrecognized","May be used to represent additional information that is not part of the basic definition of the element and that modifies the understanding of the element in which it is contained and/or the understanding of the containing element's descendants. Usually modifier elements provide negation or qualification. To make the use of extensions safe and manageable, there is a strict set of governance applied to the definition and use of extensions. Though any implementer can define an extension, there is a set of requirements that SHALL be met as part of the definition of the extension. Applications processing a resource are required to check for modifier extensions.

Modifier extensions SHALL NOT change the meaning of any elements on Resource or DomainResource (including cannot change the meaning of modifierExtension itself).","There can be no stigma associated with the use of extensions by any application, project, or standard - regardless of the institution or jurisdiction that uses or defines the extensions.  The use of extensions is what allows the FHIR specification to retain a core level of simplicity for everyone.","Modifier extensions allow for extensions that *cannot* be safely ignored to be clearly distinguished from the vast majority of extensions which can be safely ignored.  This promotes interoperability by eliminating the need for implementers to prohibit the presence of extensions. For further information, see the [definition of modifier extensions](http://hl7.org/fhir/R4/extensibility.html#modifierExtension).","","","","","","","",,,,,"",,,,"BackboneElement.modifierExtension",0,*,"","ele-1:All FHIR elements must have a @value or children {hasValue() or (children().count() > id.count())}
ext-1:Must have either extensions or value[x], not both {extension.exists() != value.exists()}"
"Datamodel-diab","Datamodel-diab.Diagnosen.Diabetesdiagnosen","Datamodel-diab.Diagnosen.Diabetesdiagnosen","","","",1,1,"","","","CodeableConcept {[]} {[]}
","Diabetesdiagnosen","Diabetesdiagnosen","","","","","","","","","",,,,,"",,,,"Datamodel-diab.Diagnosen.Diabetesdiagnosen",1,1,"",""
"Datamodel-diab","Datamodel-diab.Diagnosen.Komplikationsdiagnosen","Datamodel-diab.Diagnosen.Komplikationsdiagnosen","","","",0,*,"","","","CodeableConcept {[]} {[]}
","Komplikationsdiagnosen","Komplikationsdiagnosen","","","","","","","","","",,,,,"",,,,"Datamodel-diab.Diagnosen.Komplikationsdiagnosen",0,*,"",""
"Datamodel-diab","Datamodel-diab.Diagnosen.Nebendiagnosen","Datamodel-diab.Diagnosen.Nebendiagnosen","","","",0,*,"","","","CodeableConcept {[]} {[]}
","Nebendiagnosen - zumindest jährliches Update der Nebendiagnosen","Nebendiagnosen - zumindest jährliches Update der Nebendiagnosen","","","","","","","","","",,,,,"",,,,"Datamodel-diab.Diagnosen.Nebendiagnosen",0,*,"",""
"Datamodel-diab","Datamodel-diab.Diagnosen.Gestationsdiabetes","Datamodel-diab.Diagnosen.Gestationsdiabetes","","","",0,*,"","","","string {[]} {[]}
","Episoden von Gestationsdiabetes","Episoden von Gestationsdiabetes","","","","","","","","","",,,,,"",,,,"Datamodel-diab.Diagnosen.Gestationsdiabetes",0,*,"",""
"Datamodel-diab","Datamodel-diab.Fussuntersuchung","Datamodel-diab.Fussuntersuchung","","","",0,*,"","","","CodeableConcept {[]} {[]}
","Fußuntersuchung (jährlich) - Fußdeformität, Puls, Vibrationsempfindung, Ulkus, etc.","Fußuntersuchung (jährlich) - Fußdeformität, Puls, Vibrationsempfindung, Ulkus, etc.","","","","","","","","","",,,,,"",,,,"Datamodel-diab.Fussuntersuchung",0,*,"",""
"Datamodel-diab","Datamodel-diab.Kontakte","Datamodel-diab.Kontakte","","","",0,*,"","","","BackboneElement {[]} {[]}
","Kontakte / Termine","Kontakte / Termine","","","","","","","","","",,,,,"",,,,"Datamodel-diab.Kontakte",0,*,"","ele-1:All FHIR elements must have a @value or children {hasValue() or (children().count() > id.count())}
"
"Datamodel-diab","Datamodel-diab.Kontakte.id","Datamodel-diab.Kontakte.id","","","",0,1,"","","","string {[]} {[]}
","Unique id for inter-element referencing","Unique id for the element within a resource (for internal references). This may be any string value that does not contain spaces.","","","","","","","","","",,,,,"",,,,"Element.id",0,1,"",""
"Datamodel-diab","Datamodel-diab.Kontakte.extension","Datamodel-diab.Kontakte.extension","","extensions
user content","",0,*,"","","","Extension {[]} {[]}
","Additional content defined by implementations","May be used to represent additional information that is not part of the basic definition of the element. To make the use of extensions safe and manageable, there is a strict set of governance  applied to the definition and use of extensions. Though any implementer can define an extension, there is a set of requirements that SHALL be met as part of the definition of the extension.","There can be no stigma associated with the use of extensions by any application, project, or standard - regardless of the institution or jurisdiction that uses or defines the extensions.  The use of extensions is what allows the FHIR specification to retain a core level of simplicity for everyone.","","","","","","","","",,,,,"","value:url}
","Extensions are always sliced by (at least) url",,"open","Element.extension",0,*,"","ele-1:All FHIR elements must have a @value or children {hasValue() or (children().count() > id.count())}
ext-1:Must have either extensions or value[x], not both {extension.exists() != value.exists()}"
"Datamodel-diab","Datamodel-diab.Kontakte.modifierExtension","Datamodel-diab.Kontakte.modifierExtension","","extensions
user contentmodifiers","",0,*,"","Y","Y","Extension {[]} {[]}
","Extensions that cannot be ignored even if unrecognized","May be used to represent additional information that is not part of the basic definition of the element and that modifies the understanding of the element in which it is contained and/or the understanding of the containing element's descendants. Usually modifier elements provide negation or qualification. To make the use of extensions safe and manageable, there is a strict set of governance applied to the definition and use of extensions. Though any implementer can define an extension, there is a set of requirements that SHALL be met as part of the definition of the extension. Applications processing a resource are required to check for modifier extensions.

Modifier extensions SHALL NOT change the meaning of any elements on Resource or DomainResource (including cannot change the meaning of modifierExtension itself).","There can be no stigma associated with the use of extensions by any application, project, or standard - regardless of the institution or jurisdiction that uses or defines the extensions.  The use of extensions is what allows the FHIR specification to retain a core level of simplicity for everyone.","Modifier extensions allow for extensions that *cannot* be safely ignored to be clearly distinguished from the vast majority of extensions which can be safely ignored.  This promotes interoperability by eliminating the need for implementers to prohibit the presence of extensions. For further information, see the [definition of modifier extensions](http://hl7.org/fhir/R4/extensibility.html#modifierExtension).","","","","","","","",,,,,"",,,,"BackboneElement.modifierExtension",0,*,"","ele-1:All FHIR elements must have a @value or children {hasValue() or (children().count() > id.count())}
ext-1:Must have either extensions or value[x], not both {extension.exists() != value.exists()}"
"Datamodel-diab","Datamodel-diab.Kontakte.Schulungen","Datamodel-diab.Kontakte.Schulungen","","","",0,*,"","","","CodeableConcept {[]} {[]}
","Schulungen I-III + Wiederholungen mit Durchführungsdatum. Auch Dokumentation von angeordneten Schulungen.","Schulungen I-III + Wiederholungen mit Durchführungsdatum. Auch Dokumentation von angeordneten Schulungen.","","","","","","","","","",,,,,"",,,,"Datamodel-diab.Kontakte.Schulungen",0,*,"",""
"Datamodel-diab","Datamodel-diab.Kontakte.Fallkoordinator","Datamodel-diab.Kontakte.Fallkoordinator","","","",1,1,"","","","string {[]} {[]}
","Fallkoordinator","Fallkoordinator","","","","","","","","","",,,,,"",,,,"Datamodel-diab.Kontakte.Fallkoordinator",1,1,"",""
"Datamodel-diab","Datamodel-diab.Kontakte.Fallfuehrer","Datamodel-diab.Kontakte.Fallfuehrer","","","",1,1,"","","","string {[]} {[]}
","Fallführender Arzt","Fallführender Arzt","","","","","","","","","",,,,,"",,,,"Datamodel-diab.Kontakte.Fallfuehrer",1,1,"",""
"Datamodel-diab","Datamodel-diab.Kontakte.Termine","Datamodel-diab.Kontakte.Termine","","","",0,*,"","","","string {[]} {[]}
","Strukturierte (geplante) Terminisierung (z.B. auch Ambulanztermine, FA, etc.)","Strukturierte (geplante) Terminisierung (z.B. auch Ambulanztermine, FA, etc.)","","","","","","","","","",,,,,"",,,,"Datamodel-diab.Kontakte.Termine",0,*,"",""
"Datamodel-diab","Datamodel-diab.Therapie","Datamodel-diab.Therapie","","","",0,*,"","","","BackboneElement {[]} {[]}
","Therapie","Therapie","","","","","","","","","",,,,,"",,,,"Datamodel-diab.Therapie",0,*,"","ele-1:All FHIR elements must have a @value or children {hasValue() or (children().count() > id.count())}
"
"Datamodel-diab","Datamodel-diab.Therapie.id","Datamodel-diab.Therapie.id","","","",0,1,"","","","string {[]} {[]}
","Unique id for inter-element referencing","Unique id for the element within a resource (for internal references). This may be any string value that does not contain spaces.","","","","","","","","","",,,,,"",,,,"Element.id",0,1,"",""
"Datamodel-diab","Datamodel-diab.Therapie.extension","Datamodel-diab.Therapie.extension","","extensions
user content","",0,*,"","","","Extension {[]} {[]}
","Additional content defined by implementations","May be used to represent additional information that is not part of the basic definition of the element. To make the use of extensions safe and manageable, there is a strict set of governance  applied to the definition and use of extensions. Though any implementer can define an extension, there is a set of requirements that SHALL be met as part of the definition of the extension.","There can be no stigma associated with the use of extensions by any application, project, or standard - regardless of the institution or jurisdiction that uses or defines the extensions.  The use of extensions is what allows the FHIR specification to retain a core level of simplicity for everyone.","","","","","","","","",,,,,"","value:url}
","Extensions are always sliced by (at least) url",,"open","Element.extension",0,*,"","ele-1:All FHIR elements must have a @value or children {hasValue() or (children().count() > id.count())}
ext-1:Must have either extensions or value[x], not both {extension.exists() != value.exists()}"
"Datamodel-diab","Datamodel-diab.Therapie.modifierExtension","Datamodel-diab.Therapie.modifierExtension","","extensions
user contentmodifiers","",0,*,"","Y","Y","Extension {[]} {[]}
","Extensions that cannot be ignored even if unrecognized","May be used to represent additional information that is not part of the basic definition of the element and that modifies the understanding of the element in which it is contained and/or the understanding of the containing element's descendants. Usually modifier elements provide negation or qualification. To make the use of extensions safe and manageable, there is a strict set of governance applied to the definition and use of extensions. Though any implementer can define an extension, there is a set of requirements that SHALL be met as part of the definition of the extension. Applications processing a resource are required to check for modifier extensions.

Modifier extensions SHALL NOT change the meaning of any elements on Resource or DomainResource (including cannot change the meaning of modifierExtension itself).","There can be no stigma associated with the use of extensions by any application, project, or standard - regardless of the institution or jurisdiction that uses or defines the extensions.  The use of extensions is what allows the FHIR specification to retain a core level of simplicity for everyone.","Modifier extensions allow for extensions that *cannot* be safely ignored to be clearly distinguished from the vast majority of extensions which can be safely ignored.  This promotes interoperability by eliminating the need for implementers to prohibit the presence of extensions. For further information, see the [definition of modifier extensions](http://hl7.org/fhir/R4/extensibility.html#modifierExtension).","","","","","","","",,,,,"",,,,"BackboneElement.modifierExtension",0,*,"","ele-1:All FHIR elements must have a @value or children {hasValue() or (children().count() > id.count())}
ext-1:Must have either extensions or value[x], not both {extension.exists() != value.exists()}"
"Datamodel-diab","Datamodel-diab.Therapie.Zielwert","Datamodel-diab.Therapie.Zielwert","","","",0,*,"","","","CodeableConcept {[]} {[]}
","Individuelle Zielwerttabelle","Individuelle Zielwerttabelle","","","","","","","","","",,,,,"",,,,"Datamodel-diab.Therapie.Zielwert",0,*,"",""
"Datamodel-diab","Datamodel-diab.Therapie.ZielLebensstil","Datamodel-diab.Therapie.ZielLebensstil","","","",0,*,"","","","string {[]} {[]}
","Tabak, Bewegung, Gewicht, Ernährung","Tabak, Bewegung, Gewicht, Ernährung","","","","","","","","","",,,,,"",,,,"Datamodel-diab.Therapie.ZielLebensstil",0,*,"",""
"Datamodel-diab","Datamodel-diab.Therapie.Diabetesmedikation","Datamodel-diab.Therapie.Diabetesmedikation","","","",0,*,"","","","CodeableConcept {[]} {[]}
","Diabetes- und Lipidmedikation","Diabetes- und Lipidmedikation","","","","","","","","","",,,,,"",,,,"Datamodel-diab.Therapie.Diabetesmedikation",0,*,"",""
"Datamodel-diab","Datamodel-diab.Therapie.Gesamtmedikation","Datamodel-diab.Therapie.Gesamtmedikation","","","",0,*,"","","","CodeableConcept {[]} {[]}
","Gesamtmedikation","Gesamtmedikation","","","","","","","","","",,,,,"",,,,"Datamodel-diab.Therapie.Gesamtmedikation",0,*,"",""
"Datamodel-diab","Datamodel-diab.Parameter","Datamodel-diab.Parameter","","","",0,*,"","","","BackboneElement {[]} {[]}
","Parameter","Parameter","","","","","","","","","",,,,,"",,,,"Datamodel-diab.Parameter",0,*,"","ele-1:All FHIR elements must have a @value or children {hasValue() or (children().count() > id.count())}
"
"Datamodel-diab","Datamodel-diab.Parameter.id","Datamodel-diab.Parameter.id","","","",0,1,"","","","string {[]} {[]}
","Unique id for inter-element referencing","Unique id for the element within a resource (for internal references). This may be any string value that does not contain spaces.","","","","","","","","","",,,,,"",,,,"Element.id",0,1,"",""
"Datamodel-diab","Datamodel-diab.Parameter.extension","Datamodel-diab.Parameter.extension","","extensions
user content","",0,*,"","","","Extension {[]} {[]}
","Additional content defined by implementations","May be used to represent additional information that is not part of the basic definition of the element. To make the use of extensions safe and manageable, there is a strict set of governance  applied to the definition and use of extensions. Though any implementer can define an extension, there is a set of requirements that SHALL be met as part of the definition of the extension.","There can be no stigma associated with the use of extensions by any application, project, or standard - regardless of the institution or jurisdiction that uses or defines the extensions.  The use of extensions is what allows the FHIR specification to retain a core level of simplicity for everyone.","","","","","","","","",,,,,"","value:url}
","Extensions are always sliced by (at least) url",,"open","Element.extension",0,*,"","ele-1:All FHIR elements must have a @value or children {hasValue() or (children().count() > id.count())}
ext-1:Must have either extensions or value[x], not both {extension.exists() != value.exists()}"
"Datamodel-diab","Datamodel-diab.Parameter.modifierExtension","Datamodel-diab.Parameter.modifierExtension","","extensions
user contentmodifiers","",0,*,"","Y","Y","Extension {[]} {[]}
","Extensions that cannot be ignored even if unrecognized","May be used to represent additional information that is not part of the basic definition of the element and that modifies the understanding of the element in which it is contained and/or the understanding of the containing element's descendants. Usually modifier elements provide negation or qualification. To make the use of extensions safe and manageable, there is a strict set of governance applied to the definition and use of extensions. Though any implementer can define an extension, there is a set of requirements that SHALL be met as part of the definition of the extension. Applications processing a resource are required to check for modifier extensions.

Modifier extensions SHALL NOT change the meaning of any elements on Resource or DomainResource (including cannot change the meaning of modifierExtension itself).","There can be no stigma associated with the use of extensions by any application, project, or standard - regardless of the institution or jurisdiction that uses or defines the extensions.  The use of extensions is what allows the FHIR specification to retain a core level of simplicity for everyone.","Modifier extensions allow for extensions that *cannot* be safely ignored to be clearly distinguished from the vast majority of extensions which can be safely ignored.  This promotes interoperability by eliminating the need for implementers to prohibit the presence of extensions. For further information, see the [definition of modifier extensions](http://hl7.org/fhir/R4/extensibility.html#modifierExtension).","","","","","","","",,,,,"",,,,"BackboneElement.modifierExtension",0,*,"","ele-1:All FHIR elements must have a @value or children {hasValue() or (children().count() > id.count())}
ext-1:Must have either extensions or value[x], not both {extension.exists() != value.exists()}"
"Datamodel-diab","Datamodel-diab.Parameter.Labor","Datamodel-diab.Parameter.Labor","","","",0,*,"","","","string {[]} {[]}
","Laborparameter (z.B. HbA1c, Kreatinin, LDL-C, Eiweiß im Harn, etc.)","Laborparameter (z.B. HbA1c, Kreatinin, LDL-C, Eiweiß im Harn, etc.)","","","","","","","","","",,,,,"",,,,"Datamodel-diab.Parameter.Labor",0,*,"",""
"Datamodel-diab","Datamodel-diab.Parameter.Verlauf","Datamodel-diab.Parameter.Verlauf","","","",0,*,"","","","string {[]} {[]}
","Verläufe (z.B. HbA1c-Verlauf, Blutzucker-Tagesprofil, etc.)","Verläufe (z.B. HbA1c-Verlauf, Blutzucker-Tagesprofil, etc.)","","","","","","","","","",,,,,"",,,,"Datamodel-diab.Parameter.Verlauf",0,*,"",""
"Datamodel-diab","Datamodel-diab.Parameter.Vitalparameter","Datamodel-diab.Parameter.Vitalparameter","","","",0,*,"","","","string {[]} {[]}
","Vitalparameter (z.B. RR, Größe, Gewicht, etc.)","Vitalparameter (z.B. RR, Größe, Gewicht, etc.)","","","","","","","","","",,,,,"",,,,"Datamodel-diab.Parameter.Vitalparameter",0,*,"",""
"Datamodel-diab","Datamodel-diab.AllgemeineInformation","Datamodel-diab.AllgemeineInformation","","","",0,*,"","","","BackboneElement {[]} {[]}
","Allgemeine Information","Allgemeine Information","","","","","","","","","",,,,,"",,,,"Datamodel-diab.AllgemeineInformation",0,*,"","ele-1:All FHIR elements must have a @value or children {hasValue() or (children().count() > id.count())}
"
"Datamodel-diab","Datamodel-diab.AllgemeineInformation.id","Datamodel-diab.AllgemeineInformation.id","","","",0,1,"","","","string {[]} {[]}
","Unique id for inter-element referencing","Unique id for the element within a resource (for internal references). This may be any string value that does not contain spaces.","","","","","","","","","",,,,,"",,,,"Element.id",0,1,"",""
"Datamodel-diab","Datamodel-diab.AllgemeineInformation.extension","Datamodel-diab.AllgemeineInformation.extension","","extensions
user content","",0,*,"","","","Extension {[]} {[]}
","Additional content defined by implementations","May be used to represent additional information that is not part of the basic definition of the element. To make the use of extensions safe and manageable, there is a strict set of governance  applied to the definition and use of extensions. Though any implementer can define an extension, there is a set of requirements that SHALL be met as part of the definition of the extension.","There can be no stigma associated with the use of extensions by any application, project, or standard - regardless of the institution or jurisdiction that uses or defines the extensions.  The use of extensions is what allows the FHIR specification to retain a core level of simplicity for everyone.","","","","","","","","",,,,,"","value:url}
","Extensions are always sliced by (at least) url",,"open","Element.extension",0,*,"","ele-1:All FHIR elements must have a @value or children {hasValue() or (children().count() > id.count())}
ext-1:Must have either extensions or value[x], not both {extension.exists() != value.exists()}"
"Datamodel-diab","Datamodel-diab.AllgemeineInformation.modifierExtension","Datamodel-diab.AllgemeineInformation.modifierExtension","","extensions
user contentmodifiers","",0,*,"","Y","Y","Extension {[]} {[]}
","Extensions that cannot be ignored even if unrecognized","May be used to represent additional information that is not part of the basic definition of the element and that modifies the understanding of the element in which it is contained and/or the understanding of the containing element's descendants. Usually modifier elements provide negation or qualification. To make the use of extensions safe and manageable, there is a strict set of governance applied to the definition and use of extensions. Though any implementer can define an extension, there is a set of requirements that SHALL be met as part of the definition of the extension. Applications processing a resource are required to check for modifier extensions.

Modifier extensions SHALL NOT change the meaning of any elements on Resource or DomainResource (including cannot change the meaning of modifierExtension itself).","There can be no stigma associated with the use of extensions by any application, project, or standard - regardless of the institution or jurisdiction that uses or defines the extensions.  The use of extensions is what allows the FHIR specification to retain a core level of simplicity for everyone.","Modifier extensions allow for extensions that *cannot* be safely ignored to be clearly distinguished from the vast majority of extensions which can be safely ignored.  This promotes interoperability by eliminating the need for implementers to prohibit the presence of extensions. For further information, see the [definition of modifier extensions](http://hl7.org/fhir/R4/extensibility.html#modifierExtension).","","","","","","","",,,,,"",,,,"BackboneElement.modifierExtension",0,*,"","ele-1:All FHIR elements must have a @value or children {hasValue() or (children().count() > id.count())}
ext-1:Must have either extensions or value[x], not both {extension.exists() != value.exists()}"
"Datamodel-diab","Datamodel-diab.AllgemeineInformation.Allergien","Datamodel-diab.AllgemeineInformation.Allergien","","","",0,*,"","","","string {[]} {[]}
","(Medikamenten-)Allergien","(Medikamenten-)Allergien","","","","","","","","","",,,,,"",,,,"Datamodel-diab.AllgemeineInformation.Allergien",0,*,"",""
"Datamodel-diab","Datamodel-diab.AllgemeineInformation.Unvertraeglichkeit","Datamodel-diab.AllgemeineInformation.Unvertraeglichkeit","","","",0,*,"","","","string {[]} {[]}
","(Medikamenten-)Unverträglichkeiten","(Medikamenten-)Unverträglichkeiten","","","","","","","","","",,,,,"",,,,"Datamodel-diab.AllgemeineInformation.Unvertraeglichkeit",0,*,"",""
"Datamodel-diab","Datamodel-diab.AllgemeineInformation.DMPTeilnahme","Datamodel-diab.AllgemeineInformation.DMPTeilnahme","","","",0,*,"","","","string {[]} {[]}
","Teilnahme an DMP (z.B. Eintritts- bzw. Austrittsdatum)","Teilnahme an DMP (z.B. Eintritts- bzw. Austrittsdatum)","","","","","","","","","",,,,,"",,,,"Datamodel-diab.AllgemeineInformation.DMPTeilnahme",0,*,"",""
"Datamodel-diab","Datamodel-diab.AllgemeineInformation.Lebensqualitaet","Datamodel-diab.AllgemeineInformation.Lebensqualitaet","","","",0,*,"","","","string {[]} {[]}
","Lebensqualität (EQ-5D-3L)","Lebensqualität (EQ-5D-3L)","","","","","","","","","",,,,,"",,,,"Datamodel-diab.AllgemeineInformation.Lebensqualitaet",0,*,"",""
"Datamodel-diab","Datamodel-diab.AllgemeineInformation.Raucherstatus","Datamodel-diab.AllgemeineInformation.Raucherstatus","","","",0,1,"","","","string {[]} {[]}
","Raucherstatus","Raucherstatus","","","","","","","","","",,,,,"",,,,"Datamodel-diab.AllgemeineInformation.Raucherstatus",0,1,"",""
"Datamodel-diab","Datamodel-diab.AllgemeineInformation.Alkoholkonsum","Datamodel-diab.AllgemeineInformation.Alkoholkonsum","","","",0,1,"","","","string {[]} {[]}
","Alkoholkonsum","Alkoholkonsum","","","","","","","","","",,,,,"",,,,"Datamodel-diab.AllgemeineInformation.Alkoholkonsum",0,1,"",""
"Datamodel-diab","Datamodel-diab.AllgemeineInformation.Bewegung","Datamodel-diab.AllgemeineInformation.Bewegung","","","",0,1,"","","","string {[]} {[]}
","Bewegung & andere Lebensstilfaktoren","Bewegung & andere Lebensstilfaktoren","","","","","","","","","",,,,,"",,,,"Datamodel-diab.AllgemeineInformation.Bewegung",0,1,"",""
"Datamodel-diab","Datamodel-diab.AllgemeineInformation.Selbstkontrolle","Datamodel-diab.AllgemeineInformation.Selbstkontrolle","","","",0,1,"","","","string {[]} {[]}
","Selbstkontrolle (Wer trägt die Daten ein?)","Selbstkontrolle (Wer trägt die Daten ein?)","","","","","","","","","",,,,,"",,,,"Datamodel-diab.AllgemeineInformation.Selbstkontrolle",0,1,"",""
"Datamodel-diab","Datamodel-diab.AllgemeineInformation.Leistung","Datamodel-diab.AllgemeineInformation.Leistung","","","",0,0,"","","","string {[]} {[]}
","Dokumentierte Leistung","Dokumentierte Leistung","","","","","","","","","",,,,,"",,,,"Datamodel-diab.AllgemeineInformation.Leistung",0,0,"",""
"Datamodel-diab","Datamodel-diab.AllgemeineInformation.Geraete","Datamodel-diab.AllgemeineInformation.Geraete","","","",0,*,"","","","string {[]} {[]}
","Verwendete Geräte (z.B. Pumpen)","Verwendete Geräte (z.B. Pumpen)","","","","","","","","","",,,,,"",,,,"Datamodel-diab.AllgemeineInformation.Geraete",0,*,"",""
"Datamodel-diab","Datamodel-diab.AllgemeineInformation.Beilagen","Datamodel-diab.AllgemeineInformation.Beilagen","","","",0,*,"","","","Attachment {[]} {[]}
","Beilagen (z.B. Vorbefunde)","Beilagen (z.B. Vorbefunde)","","","","","","","","","",,,,,"",,,,"Datamodel-diab.AllgemeineInformation.Beilagen",0,*,"",""
"Datenarten-diab","Datenarten-diab","Datenarten-diab","","","",0,*,"","","","null {[]} {[]}
","Datenarten für das versorgungsstufenübergreifende elektronische Leitdokument","Datenarten für das Versorgungsstufenübergreifende elektronische Leitdokument basierend auf dem Rahmenkonzept Integrierte Versorgung Diabetes Mellitus Typ 2.

Refer to the **[mapping from the logical model of diabetes to the logical model based on the International Patient Summary (IPS)](mappings.html#patient)** in order to get an idea how the IPS can be used in this context.","","","","","","","","","",,,,,"",,,,"Base",0,*,"",""
"Datenarten-diab","Datenarten-diab.Esentiell","Datenarten-diab.Esentiell","","","",1,1,"","","","BackboneElement {[]} {[]}
","Essentielle Daten","Essentielle Daten","","","","","","","","","",,,,,"",,,,"Datenarten-diab.Esentiell",1,1,"","ele-1:All FHIR elements must have a @value or children {hasValue() or (children().count() > id.count())}
"
"Datenarten-diab","Datenarten-diab.Esentiell.id","Datenarten-diab.Esentiell.id","","","",0,1,"","","","string {[]} {[]}
","Unique id for inter-element referencing","Unique id for the element within a resource (for internal references). This may be any string value that does not contain spaces.","","","","","","","","","",,,,,"",,,,"Element.id",0,1,"",""
"Datenarten-diab","Datenarten-diab.Esentiell.extension","Datenarten-diab.Esentiell.extension","","extensions
user content","",0,*,"","","","Extension {[]} {[]}
","Additional content defined by implementations","May be used to represent additional information that is not part of the basic definition of the element. To make the use of extensions safe and manageable, there is a strict set of governance  applied to the definition and use of extensions. Though any implementer can define an extension, there is a set of requirements that SHALL be met as part of the definition of the extension.","There can be no stigma associated with the use of extensions by any application, project, or standard - regardless of the institution or jurisdiction that uses or defines the extensions.  The use of extensions is what allows the FHIR specification to retain a core level of simplicity for everyone.","","","","","","","","",,,,,"","value:url}
","Extensions are always sliced by (at least) url",,"open","Element.extension",0,*,"","ele-1:All FHIR elements must have a @value or children {hasValue() or (children().count() > id.count())}
ext-1:Must have either extensions or value[x], not both {extension.exists() != value.exists()}"
"Datenarten-diab","Datenarten-diab.Esentiell.modifierExtension","Datenarten-diab.Esentiell.modifierExtension","","extensions
user contentmodifiers","",0,*,"","Y","Y","Extension {[]} {[]}
","Extensions that cannot be ignored even if unrecognized","May be used to represent additional information that is not part of the basic definition of the element and that modifies the understanding of the element in which it is contained and/or the understanding of the containing element's descendants. Usually modifier elements provide negation or qualification. To make the use of extensions safe and manageable, there is a strict set of governance applied to the definition and use of extensions. Though any implementer can define an extension, there is a set of requirements that SHALL be met as part of the definition of the extension. Applications processing a resource are required to check for modifier extensions.

Modifier extensions SHALL NOT change the meaning of any elements on Resource or DomainResource (including cannot change the meaning of modifierExtension itself).","There can be no stigma associated with the use of extensions by any application, project, or standard - regardless of the institution or jurisdiction that uses or defines the extensions.  The use of extensions is what allows the FHIR specification to retain a core level of simplicity for everyone.","Modifier extensions allow for extensions that *cannot* be safely ignored to be clearly distinguished from the vast majority of extensions which can be safely ignored.  This promotes interoperability by eliminating the need for implementers to prohibit the presence of extensions. For further information, see the [definition of modifier extensions](http://hl7.org/fhir/R4/extensibility.html#modifierExtension).","","","","","","","",,,,,"",,,,"BackboneElement.modifierExtension",0,*,"","ele-1:All FHIR elements must have a @value or children {hasValue() or (children().count() > id.count())}
ext-1:Must have either extensions or value[x], not both {extension.exists() != value.exists()}"
"Datenarten-diab","Datenarten-diab.Esentiell.Diagnose","Datenarten-diab.Esentiell.Diagnose","","","",0,*,"","","","string {[]} {[]}
","Diabetes- und Komplikations-Diagnosen","Diabetes- und Komplikations-Diagnosen","","","","","","","","","",,,,,"",,,,"Datenarten-diab.Esentiell.Diagnose",0,*,"",""
"Datenarten-diab","Datenarten-diab.Esentiell.Termine","Datenarten-diab.Esentiell.Termine","","","",0,*,"","","","string {[]} {[]}
","Kontakte & Termine: GDA-Kontakte, zu planende und durchgeführte Kontrolltermine und Überweisungen inkl. Befunden, zu planende und durchgeführte Schulungen","Kontakte & Termine: GDA-Kontakte, zu planende und durchgeführte Kontrolltermine und Überweisungen inkl. Befunden, zu planende und durchgeführte Schulungen","","","","","","","","","",,,,,"",,,,"Datenarten-diab.Esentiell.Termine",0,*,"",""
"Datenarten-diab","Datenarten-diab.Esentiell.Diabetesmedikation","Datenarten-diab.Esentiell.Diabetesmedikation","","","",0,*,"","","","string {[]} {[]}
","Therapie: Diabetesmedikation im Verlauf","Therapie: Diabetesmedikation im Verlauf","","","","","","","","","",,,,,"",,,,"Datenarten-diab.Esentiell.Diabetesmedikation",0,*,"",""
"Datenarten-diab","Datenarten-diab.Esentiell.Labor","Datenarten-diab.Esentiell.Labor","","","",0,*,"","","","string {[]} {[]}
","Laborwerte: HbA1c mit Datum und im Verlauf, HbA1c-Zielwert, Kreatinin, Eiweiß im Harn","Laborwerte: HbA1c mit Datum und im Verlauf, HbA1c-Zielwert, Kreatinin, Eiweiß im Harn","","","","","","","","","",,,,,"",,,,"Datenarten-diab.Esentiell.Labor",0,*,"",""
"Datenarten-diab","Datenarten-diab.Esentiell.Vitalparameter","Datenarten-diab.Esentiell.Vitalparameter","","","",0,*,"","","","string {[]} {[]}
","Klinische Parameter: Größe, Gewicht, BMI","Klinische Parameter: Größe, Gewicht, BMI","","","","","","","","","",,,,,"",,,,"Datenarten-diab.Esentiell.Vitalparameter",0,*,"",""
"Datenarten-diab","Datenarten-diab.Esentiell.AllgemeineInfo","Datenarten-diab.Esentiell.AllgemeineInfo","","","",0,1,"","","","string {[]} {[]}
","Allgemeine Informationen: Metformin-Unverträglichkeit","Allgemeine Informationen: Metformin-Unverträglichkeit","","","","","","","","","",,,,,"",,,,"Datenarten-diab.Esentiell.AllgemeineInfo",0,1,"",""
"Datenarten-diab","Datenarten-diab.Zusatz","Datenarten-diab.Zusatz","","","",1,1,"","","","BackboneElement {[]} {[]}
","Sinnvolle zusätzliche Daten","Sinnvolle zusätzliche Daten","","","","","","","","","",,,,,"",,,,"Datenarten-diab.Zusatz",1,1,"","ele-1:All FHIR elements must have a @value or children {hasValue() or (children().count() > id.count())}
"
"Datenarten-diab","Datenarten-diab.Zusatz.id","Datenarten-diab.Zusatz.id","","","",0,1,"","","","string {[]} {[]}
","Unique id for inter-element referencing","Unique id for the element within a resource (for internal references). This may be any string value that does not contain spaces.","","","","","","","","","",,,,,"",,,,"Element.id",0,1,"",""
"Datenarten-diab","Datenarten-diab.Zusatz.extension","Datenarten-diab.Zusatz.extension","","extensions
user content","",0,*,"","","","Extension {[]} {[]}
","Additional content defined by implementations","May be used to represent additional information that is not part of the basic definition of the element. To make the use of extensions safe and manageable, there is a strict set of governance  applied to the definition and use of extensions. Though any implementer can define an extension, there is a set of requirements that SHALL be met as part of the definition of the extension.","There can be no stigma associated with the use of extensions by any application, project, or standard - regardless of the institution or jurisdiction that uses or defines the extensions.  The use of extensions is what allows the FHIR specification to retain a core level of simplicity for everyone.","","","","","","","","",,,,,"","value:url}
","Extensions are always sliced by (at least) url",,"open","Element.extension",0,*,"","ele-1:All FHIR elements must have a @value or children {hasValue() or (children().count() > id.count())}
ext-1:Must have either extensions or value[x], not both {extension.exists() != value.exists()}"
"Datenarten-diab","Datenarten-diab.Zusatz.modifierExtension","Datenarten-diab.Zusatz.modifierExtension","","extensions
user contentmodifiers","",0,*,"","Y","Y","Extension {[]} {[]}
","Extensions that cannot be ignored even if unrecognized","May be used to represent additional information that is not part of the basic definition of the element and that modifies the understanding of the element in which it is contained and/or the understanding of the containing element's descendants. Usually modifier elements provide negation or qualification. To make the use of extensions safe and manageable, there is a strict set of governance applied to the definition and use of extensions. Though any implementer can define an extension, there is a set of requirements that SHALL be met as part of the definition of the extension. Applications processing a resource are required to check for modifier extensions.

Modifier extensions SHALL NOT change the meaning of any elements on Resource or DomainResource (including cannot change the meaning of modifierExtension itself).","There can be no stigma associated with the use of extensions by any application, project, or standard - regardless of the institution or jurisdiction that uses or defines the extensions.  The use of extensions is what allows the FHIR specification to retain a core level of simplicity for everyone.","Modifier extensions allow for extensions that *cannot* be safely ignored to be clearly distinguished from the vast majority of extensions which can be safely ignored.  This promotes interoperability by eliminating the need for implementers to prohibit the presence of extensions. For further information, see the [definition of modifier extensions](http://hl7.org/fhir/R4/extensibility.html#modifierExtension).","","","","","","","",,,,,"",,,,"BackboneElement.modifierExtension",0,*,"","ele-1:All FHIR elements must have a @value or children {hasValue() or (children().count() > id.count())}
ext-1:Must have either extensions or value[x], not both {extension.exists() != value.exists()}"
"Datenarten-diab","Datenarten-diab.Zusatz.Nebendiagnosen","Datenarten-diab.Zusatz.Nebendiagnosen","","","",0,*,"","","","string {[]} {[]}
","Nebendiagnosen","Nebendiagnosen","","","","","","","","","",,,,,"",,,,"Datenarten-diab.Zusatz.Nebendiagnosen",0,*,"",""
"Datenarten-diab","Datenarten-diab.Zusatz.Medikation","Datenarten-diab.Zusatz.Medikation","","","",0,*,"","","","string {[]} {[]}
","Gesamtmedikation","Gesamtmedikation","","","","","","","","","",,,,,"",,,,"Datenarten-diab.Zusatz.Medikation",0,*,"",""
"Datenarten-diab","Datenarten-diab.Zusatz.Labor","Datenarten-diab.Zusatz.Labor","","","",0,*,"","","","string {[]} {[]}
","Laborwerte: BZ-Tagesprofil, Cholesterin ges., HDL, LDL","Laborwerte: BZ-Tagesprofil, Cholesterin ges., HDL, LDL","","","","","","","","","",,,,,"",,,,"Datenarten-diab.Zusatz.Labor",0,*,"",""
"Datenarten-diab","Datenarten-diab.Zusatz.Vitalparameter","Datenarten-diab.Zusatz.Vitalparameter","","","",0,*,"","","","string {[]} {[]}
","Klinische Parameter: Blutdruck","Klinische Parameter: Blutdruck","","","","","","","","","",,,,,"",,,,"Datenarten-diab.Zusatz.Vitalparameter",0,*,"",""
"Datenarten-diab","Datenarten-diab.Zusatz.Allergien","Datenarten-diab.Zusatz.Allergien","","","",0,*,"","","","string {[]} {[]}
","Medikamentenallergien","Medikamentenallergien","","","","","","","","","",,,,,"",,,,"Datenarten-diab.Zusatz.Allergien",0,*,"",""
"Datenarten-diab","Datenarten-diab.Zusatz.Allgemein","Datenarten-diab.Zusatz.Allgemein","","","",0,1,"","","","string {[]} {[]}
","Teilnahme am DMP","Teilnahme am DMP","","","","","","","","","",,,,,"",,,,"Datenarten-diab.Zusatz.Allgemein",0,1,"",""
"DiagnosticResults-ips","DiagnosticResults-ips","DiagnosticResults-ips","","","",0,*,"","","","null {[]} {[]}
","Diagnostic Results (IPS)","Abbildung der Datenfelder, die für den Entwurf der Datenspezifikation des Rahmenkonzepts Integrierte Versorgung Diabetes Mellitus Typ 2 erforderlich sind, auf dem des IPS-Modul ""Diagnostic Results"".

Refer to the **[mapping from the logical model of diabetes to the logical model based on the International Patient Summary (IPS)](mappings.html)** in order to get an idea how the IPS relates to diabetes.","","","","","","","","","",,,,,"",,,,"Base",0,*,"",""
"DiagnosticResults-ips","DiagnosticResults-ips.code","DiagnosticResults-ips.code","","","",1,1,"","","","CodeableConcept {[]} {[]}
","Type of observation (code / type)","Type of observation (code / type)","","","","","","","","","",,,,,"",,,,"DiagnosticResults-ips.code",1,1,"",""
"DiagnosticResults-ips","DiagnosticResults-ips.subject","DiagnosticResults-ips.subject","","","",1,1,"","","","https://fhir.hl7.at/elga-iv-diabetes/StructureDefinition/Subject-ips {[]} {[]}
","Who and/or what the observation is about","Who and/or what the observation is about","","","","","","","","","",,,,,"",,,,"DiagnosticResults-ips.subject",1,1,"",""
"DiagnosticResults-ips","DiagnosticResults-ips.effective[x]","DiagnosticResults-ips.effective[x]","","","",1,1,"","","","dateTime {[]} {[]}
Period {[]} {[]}","Clinically relevant time/time-period for observation","Clinically relevant time/time-period for observation","","","","","","","","","",,,,,"",,,,"DiagnosticResults-ips.effective[x]",1,1,"",""
"DiagnosticResults-ips","DiagnosticResults-ips.performer","DiagnosticResults-ips.performer","","","",0,*,"","","","Reference {[]} {[CanonicalType[http://hl7.org/fhir/StructureDefinition/Practitioner], CanonicalType[http://hl7.org/fhir/StructureDefinition/PractitionerRole]]}
","Who is responsible for the observation","Who is responsible for the observation","","","","","","","","","",,,,,"",,,,"DiagnosticResults-ips.performer",0,*,"",""
"DiagnosticResults-ips","DiagnosticResults-ips.value[x]","DiagnosticResults-ips.value[x]","","","",1,1,"","","","Quantity {[]} {[]}
CodeableConcept {[]} {[]}string {[]} {[]}boolean {[]} {[]}integer {[]} {[]}Range {[]} {[]}Ratio {[]} {[]}SampledData {[]} {[]}time {[]} {[]}dateTime {[]} {[]}Period {[]} {[]}","Actual result","Actual result","","","","","","","","","",,,,,"",,,,"DiagnosticResults-ips.value[x]",1,1,"",""
"FunctionalStatus-ips","FunctionalStatus-ips","FunctionalStatus-ips","","","",0,*,"","","","null {[]} {[]}
","Functional Status (IPS)","Abbildung der Datenfelder, die für den Entwurf der Datenspezifikation des Rahmenkonzepts Integrierte Versorgung Diabetes Mellitus Typ 2 erforderlich sind, auf dem des IPS-Modul ""Functional Status"".

Refer to the **[mapping from the logical model of diabetes to the logical model based on the International Patient Summary (IPS)](mappings.html)** in order to get an idea how the IPS relates to diabetes.","","","","","","","","","",,,,,"",,,,"Base",0,*,"",""
"FunctionalStatus-ips","FunctionalStatus-ips.subject","FunctionalStatus-ips.subject","","","",1,1,"","","","https://fhir.hl7.at/elga-iv-diabetes/StructureDefinition/Subject-ips {[]} {[]}
","Patient or group assessed","Patient or group assessed","","","","","","","","","",,,,,"",,,,"FunctionalStatus-ips.subject",1,1,"",""
"FunctionalStatus-ips","FunctionalStatus-ips.finding[x]","FunctionalStatus-ips.finding[x]","","","",0,*,"","","","CodeableConcept {[]} {[]}
Reference {[]} {[CanonicalType[http://hl7.org/fhir/StructureDefinition/Condition], CanonicalType[http://hl7.org/fhir/StructureDefinition/Observation], CanonicalType[http://hl7.org/fhir/StructureDefinition/Media]]}","Possible or likely findings and diagnoses","Possible or likely findings and diagnoses","","","","","","","","","",,,,,"",,,,"FunctionalStatus-ips.finding[x]",0,*,"",""
"FunctionalStatus-ips","FunctionalStatus-ips.assessor","FunctionalStatus-ips.assessor","","","",0,1,"","","","Reference {[]} {[CanonicalType[http://hl7.org/fhir/StructureDefinition/Practitioner], CanonicalType[http://hl7.org/fhir/StructureDefinition/PractitionerRole]]}
","The clinician performing the assessment","The clinician performing the assessment","","","","","","","","","",,,,,"",,,,"FunctionalStatus-ips.assessor",0,1,"",""
"HistoryOfIllnesses-ips","HistoryOfIllnesses-ips","HistoryOfIllnesses-ips","","","",0,*,"","","","null {[]} {[]}
","Past History Of Illnesses (IPS)","Abbildung der Datenfelder, die für den Entwurf der Datenspezifikation des Rahmenkonzepts Integrierte Versorgung Diabetes Mellitus Typ 2 erforderlich sind, auf dem des IPS-Modul ""Past History Of Illnesses"".

Refer to the **[mapping from the logical model of diabetes to the logical model based on the International Patient Summary (IPS)](mappings.html)** in order to get an idea how the IPS relates to diabetes.","","","","","","","","","",,,,,"",,,,"Base",0,*,"",""
"HistoryOfIllnesses-ips","HistoryOfIllnesses-ips.code","HistoryOfIllnesses-ips.code","","","",1,1,"","","","CodeableConcept {[]} {[]}
","Identification of the condition, problem or diagnosis","Identification of the condition, problem or diagnosis","","","","","","","","","",,,,,"",,,,"HistoryOfIllnesses-ips.code",1,1,"",""
"HistoryOfIllnesses-ips","HistoryOfIllnesses-ips.subject","HistoryOfIllnesses-ips.subject","","","",1,1,"","","","https://fhir.hl7.at/elga-iv-diabetes/StructureDefinition/Subject-ips {[]} {[]}
","Who has the condition?","Who has the condition?","","","","","","","","","",,,,,"",,,,"HistoryOfIllnesses-ips.subject",1,1,"",""
"HistoryOfIllnesses-ips","HistoryOfIllnesses-ips.recordedDate","HistoryOfIllnesses-ips.recordedDate","","","",1,1,"","","","dateTime {[]} {[]}
","Date record was first recorded","Date record was first recorded","","","","","","","","","",,,,,"",,,,"HistoryOfIllnesses-ips.recordedDate",1,1,"",""
"HistoryOfIllnesses-ips","HistoryOfIllnesses-ips.asserter","HistoryOfIllnesses-ips.asserter","","","",0,1,"","","","Reference {[]} {[CanonicalType[http://hl7.org/fhir/StructureDefinition/Practitioner], CanonicalType[http://hl7.org/fhir/StructureDefinition/PractitionerRole]]}
","Person who asserts this condition","Person who asserts this condition","","","","","","","","","",,,,,"",,,,"HistoryOfIllnesses-ips.asserter",0,1,"",""
"MedicalDevices-ips","MedicalDevices-ips","MedicalDevices-ips","","","",0,*,"","","","null {[]} {[]}
","Medical Devices (IPS)","Abbildung der Datenfelder, die für den Entwurf der Datenspezifikation des Rahmenkonzepts Integrierte Versorgung Diabetes Mellitus Typ 2 erforderlich sind, auf dem des IPS-Modul ""Medical Devices"".

Refer to the **[mapping from the logical model of diabetes to the logical model based on the International Patient Summary (IPS)](mappings.html)** in order to get an idea how the IPS relates to diabetes.","","","","","","","","","",,,,,"",,,,"Base",0,*,"",""
"MedicalDevices-ips","MedicalDevices-ips.subject","MedicalDevices-ips.subject","","","",1,1,"","","","https://fhir.hl7.at/elga-iv-diabetes/StructureDefinition/Subject-ips {[]} {[]}
","Patient using device","Patient using device","","","","","","","","","",,,,,"",,,,"MedicalDevices-ips.subject",1,1,"",""
"MedicalDevices-ips","MedicalDevices-ips.source[x]","MedicalDevices-ips.source[x]","","","",0,1,"","","","https://fhir.hl7.at/elga-iv-diabetes/StructureDefinition/Subject-ips {[]} {[]}
Reference {[]} {[CanonicalType[http://hl7.org/fhir/StructureDefinition/Practitioner], CanonicalType[http://hl7.org/fhir/StructureDefinition/PractitionerRole], CanonicalType[http://hl7.org/fhir/StructureDefinition/RelatedPerson]]}","Who made the statement","Who made the statement","","","","","","","","","",,,,,"",,,,"MedicalDevices-ips.source[x]",0,1,"",""
"MedicalDevices-ips","MedicalDevices-ips.device","MedicalDevices-ips.device","","","",1,1,"","","","Reference {[]} {[CanonicalType[http://hl7.org/fhir/StructureDefinition/Device]]}
","Reference to device used","Reference to device used","","","","","","","","","",,,,,"",,,,"MedicalDevices-ips.device",1,1,"",""
"MedicationSummary-ips","MedicationSummary-ips","MedicationSummary-ips","","","",0,*,"","","","null {[]} {[]}
","Medication Summary (IPS)","Abbildung der Datenfelder, die für den Entwurf der Datenspezifikation des Rahmenkonzepts Integrierte Versorgung Diabetes Mellitus Typ 2 erforderlich sind, auf dem des IPS-Modul ""Medication Summary"".

Refer to the **[mapping from the logical model of diabetes to the logical model based on the International Patient Summary (IPS)](mappings.html)** in order to get an idea how the IPS relates to diabetes.","","","","","","","","","",,,,,"",,,,"Base",0,*,"",""
"MedicationSummary-ips","MedicationSummary-ips.medication[x]","MedicationSummary-ips.medication[x]","","","",1,1,"","","","CodeableConcept {[]} {[]}
Reference {[]} {[CanonicalType[http://hl7.org/fhir/StructureDefinition/Medication]]}","What medication was taken","What medication was taken","","","","","","","","","",,,,,"",,,,"MedicationSummary-ips.medication[x]",1,1,"",""
"MedicationSummary-ips","MedicationSummary-ips.subject","MedicationSummary-ips.subject","","","",1,1,"","","","https://fhir.hl7.at/elga-iv-diabetes/StructureDefinition/Subject-ips {[]} {[]}
","Who is/was taking the medication","Who is/was taking the medication","","","","","","","","","",,,,,"",,,,"MedicationSummary-ips.subject",1,1,"",""
"MedicationSummary-ips","MedicationSummary-ips.informationSource[x]","MedicationSummary-ips.informationSource[x]","","","",0,1,"","","","https://fhir.hl7.at/elga-iv-diabetes/StructureDefinition/Subject-ips {[]} {[]}
Reference {[]} {[CanonicalType[http://hl7.org/fhir/StructureDefinition/Practitioner], CanonicalType[http://hl7.org/fhir/StructureDefinition/PractitionerRole], CanonicalType[http://hl7.org/fhir/StructureDefinition/RelatedPerson], CanonicalType[http://hl7.org/fhir/StructureDefinition/Organization]]}","Person or organization that provided the information about the taking of this medication","Person or organization that provided the information about the taking of this medication","","","","","","","","","",,,,,"",,,,"MedicationSummary-ips.informationSource[x]",0,1,"",""
"PlanOfCare-ips","PlanOfCare-ips","PlanOfCare-ips","","","",0,*,"","","","null {[]} {[]}
","Plan Of Care (IPS)","Abbildung der Datenfelder, die für den Entwurf der Datenspezifikation des Rahmenkonzepts Integrierte Versorgung Diabetes Mellitus Typ 2 erforderlich sind, auf dem des IPS-Modul ""Plan Of Care"".

Refer to the **[mapping from the logical model of diabetes to the logical model based on the International Patient Summary (IPS)](mappings.html)** in order to get an idea how the IPS relates to diabetes.","","","","","","","","","",,,,,"",,,,"Base",0,*,"",""
"PlanOfCare-ips","PlanOfCare-ips.instantiatesUri","PlanOfCare-ips.instantiatesUri","","","",1,1,"","","","uri {[]} {[]}
","Instantiates external protocol or definition","Instantiates external protocol or definition","","","","","<valueUri xmlns=""http://hl7.org/fhir"" value=""https://www.sozialministerium.at/Themen/Gesundheit/Gesundheitssystem/Gesundheitssystem-und-Qualitaetssicherung/Qualitaetsstandards/Rahmenkonzept-Integrierte-Versorgung-Diabetes-mellitus-Typ-2.html""/>","","","","",,,,,"",,,,"PlanOfCare-ips.instantiatesUri",1,1,"",""
"PlanOfCare-ips","PlanOfCare-ips.subject","PlanOfCare-ips.subject","","","",1,1,"","","","https://fhir.hl7.at/elga-iv-diabetes/StructureDefinition/Subject-ips {[]} {[]}
","Who the care plan is for","Who the care plan is for","","","","","","","","","",,,,,"",,,,"PlanOfCare-ips.subject",1,1,"",""
"PlanOfCare-ips","PlanOfCare-ips.period","PlanOfCare-ips.period","","","",0,1,"","","","Period {[]} {[]}
","Time period plan covers","Time period plan covers","","","","","","","","","",,,,,"",,,,"PlanOfCare-ips.period",0,1,"",""
"PlanOfCare-ips","PlanOfCare-ips.author","PlanOfCare-ips.author","","","",1,1,"","","","Reference {[]} {[CanonicalType[http://hl7.org/fhir/StructureDefinition/Practitioner], CanonicalType[http://hl7.org/fhir/StructureDefinition/PractitionerRole]]}
","Who is the designated responsible party","Who is the designated responsible party","","","","","","","","","",,,,,"",,,,"PlanOfCare-ips.author",1,1,"",""
"PlanOfCare-ips","PlanOfCare-ips.careTeam","PlanOfCare-ips.careTeam","","","",0,*,"","","","BackboneElement {[]} {[]}
","Who's involved in plan?","Who's involved in plan?","","","","","","","","","",,,,,"",,,,"PlanOfCare-ips.careTeam",0,*,"","ele-1:All FHIR elements must have a @value or children {hasValue() or (children().count() > id.count())}
"
"PlanOfCare-ips","PlanOfCare-ips.careTeam.id","PlanOfCare-ips.careTeam.id","","","",0,1,"","","","string {[]} {[]}
","Unique id for inter-element referencing","Unique id for the element within a resource (for internal references). This may be any string value that does not contain spaces.","","","","","","","","","",,,,,"",,,,"Element.id",0,1,"",""
"PlanOfCare-ips","PlanOfCare-ips.careTeam.extension","PlanOfCare-ips.careTeam.extension","","extensions
user content","",0,*,"","","","Extension {[]} {[]}
","Additional content defined by implementations","May be used to represent additional information that is not part of the basic definition of the element. To make the use of extensions safe and manageable, there is a strict set of governance  applied to the definition and use of extensions. Though any implementer can define an extension, there is a set of requirements that SHALL be met as part of the definition of the extension.","There can be no stigma associated with the use of extensions by any application, project, or standard - regardless of the institution or jurisdiction that uses or defines the extensions.  The use of extensions is what allows the FHIR specification to retain a core level of simplicity for everyone.","","","","","","","","",,,,,"","value:url}
","Extensions are always sliced by (at least) url",,"open","Element.extension",0,*,"","ele-1:All FHIR elements must have a @value or children {hasValue() or (children().count() > id.count())}
ext-1:Must have either extensions or value[x], not both {extension.exists() != value.exists()}"
"PlanOfCare-ips","PlanOfCare-ips.careTeam.modifierExtension","PlanOfCare-ips.careTeam.modifierExtension","","extensions
user contentmodifiers","",0,*,"","Y","Y","Extension {[]} {[]}
","Extensions that cannot be ignored even if unrecognized","May be used to represent additional information that is not part of the basic definition of the element and that modifies the understanding of the element in which it is contained and/or the understanding of the containing element's descendants. Usually modifier elements provide negation or qualification. To make the use of extensions safe and manageable, there is a strict set of governance applied to the definition and use of extensions. Though any implementer can define an extension, there is a set of requirements that SHALL be met as part of the definition of the extension. Applications processing a resource are required to check for modifier extensions.

Modifier extensions SHALL NOT change the meaning of any elements on Resource or DomainResource (including cannot change the meaning of modifierExtension itself).","There can be no stigma associated with the use of extensions by any application, project, or standard - regardless of the institution or jurisdiction that uses or defines the extensions.  The use of extensions is what allows the FHIR specification to retain a core level of simplicity for everyone.","Modifier extensions allow for extensions that *cannot* be safely ignored to be clearly distinguished from the vast majority of extensions which can be safely ignored.  This promotes interoperability by eliminating the need for implementers to prohibit the presence of extensions. For further information, see the [definition of modifier extensions](http://hl7.org/fhir/R4/extensibility.html#modifierExtension).","","","","","","","",,,,,"",,,,"BackboneElement.modifierExtension",0,*,"","ele-1:All FHIR elements must have a @value or children {hasValue() or (children().count() > id.count())}
ext-1:Must have either extensions or value[x], not both {extension.exists() != value.exists()}"
"PlanOfCare-ips","PlanOfCare-ips.careTeam.participant","PlanOfCare-ips.careTeam.participant","","","",0,*,"","","","BackboneElement {[]} {[]}
","Members of the team","Members of the team","","","","","","","","","",,,,,"",,,,"PlanOfCare-ips.careTeam.participant",0,*,"","ele-1:All FHIR elements must have a @value or children {hasValue() or (children().count() > id.count())}
"
"PlanOfCare-ips","PlanOfCare-ips.careTeam.participant.id","PlanOfCare-ips.careTeam.participant.id","","","",0,1,"","","","string {[]} {[]}
","Unique id for inter-element referencing","Unique id for the element within a resource (for internal references). This may be any string value that does not contain spaces.","","","","","","","","","",,,,,"",,,,"Element.id",0,1,"",""
"PlanOfCare-ips","PlanOfCare-ips.careTeam.participant.extension","PlanOfCare-ips.careTeam.participant.extension","","extensions
user content","",0,*,"","","","Extension {[]} {[]}
","Additional content defined by implementations","May be used to represent additional information that is not part of the basic definition of the element. To make the use of extensions safe and manageable, there is a strict set of governance  applied to the definition and use of extensions. Though any implementer can define an extension, there is a set of requirements that SHALL be met as part of the definition of the extension.","There can be no stigma associated with the use of extensions by any application, project, or standard - regardless of the institution or jurisdiction that uses or defines the extensions.  The use of extensions is what allows the FHIR specification to retain a core level of simplicity for everyone.","","","","","","","","",,,,,"","value:url}
","Extensions are always sliced by (at least) url",,"open","Element.extension",0,*,"","ele-1:All FHIR elements must have a @value or children {hasValue() or (children().count() > id.count())}
ext-1:Must have either extensions or value[x], not both {extension.exists() != value.exists()}"
"PlanOfCare-ips","PlanOfCare-ips.careTeam.participant.modifierExtension","PlanOfCare-ips.careTeam.participant.modifierExtension","","extensions
user contentmodifiers","",0,*,"","Y","Y","Extension {[]} {[]}
","Extensions that cannot be ignored even if unrecognized","May be used to represent additional information that is not part of the basic definition of the element and that modifies the understanding of the element in which it is contained and/or the understanding of the containing element's descendants. Usually modifier elements provide negation or qualification. To make the use of extensions safe and manageable, there is a strict set of governance applied to the definition and use of extensions. Though any implementer can define an extension, there is a set of requirements that SHALL be met as part of the definition of the extension. Applications processing a resource are required to check for modifier extensions.

Modifier extensions SHALL NOT change the meaning of any elements on Resource or DomainResource (including cannot change the meaning of modifierExtension itself).","There can be no stigma associated with the use of extensions by any application, project, or standard - regardless of the institution or jurisdiction that uses or defines the extensions.  The use of extensions is what allows the FHIR specification to retain a core level of simplicity for everyone.","Modifier extensions allow for extensions that *cannot* be safely ignored to be clearly distinguished from the vast majority of extensions which can be safely ignored.  This promotes interoperability by eliminating the need for implementers to prohibit the presence of extensions. For further information, see the [definition of modifier extensions](http://hl7.org/fhir/R4/extensibility.html#modifierExtension).","","","","","","","",,,,,"",,,,"BackboneElement.modifierExtension",0,*,"","ele-1:All FHIR elements must have a @value or children {hasValue() or (children().count() > id.count())}
ext-1:Must have either extensions or value[x], not both {extension.exists() != value.exists()}"
"PlanOfCare-ips","PlanOfCare-ips.careTeam.participant.role","PlanOfCare-ips.careTeam.participant.role","","","",0,*,"","","","CodeableConcept {[]} {[]}
","Type of involvement","Type of involvement","","","","","","","","","",,,,,"",,,,"PlanOfCare-ips.careTeam.participant.role",0,*,"",""
"PlanOfCare-ips","PlanOfCare-ips.careTeam.participant.member","PlanOfCare-ips.careTeam.participant.member","","","",0,1,"","","","Reference {[]} {[CanonicalType[http://hl7.org/fhir/StructureDefinition/Practitioner], CanonicalType[http://hl7.org/fhir/StructureDefinition/PractitionerRole], CanonicalType[http://hl7.org/fhir/StructureDefinition/RelatedPerson], CanonicalType[http://hl7.org/fhir/StructureDefinition/Organization]]}
","Who is involved","Who is involved","","","","","","","","","",,,,,"",,,,"PlanOfCare-ips.careTeam.participant.member",0,1,"",""
"PlanOfCare-ips","PlanOfCare-ips.careTeam.participant.period","PlanOfCare-ips.careTeam.participant.period","","","",0,1,"","","","Period {[]} {[]}
","Time period of participant","Time period of participant","","","","","","","","","",,,,,"",,,,"PlanOfCare-ips.careTeam.participant.period",0,1,"",""
"PlanOfCare-ips","PlanOfCare-ips.goal","PlanOfCare-ips.goal","","","",0,*,"","","","Reference {[]} {[CanonicalType[http://hl7.org/fhir/StructureDefinition/Goal]]}
","Desired outcome of plan","Desired outcome of plan","","","","","","","","","",,,,,"",,,,"PlanOfCare-ips.goal",0,*,"",""
"PlanOfCare-ips","PlanOfCare-ips.activity","PlanOfCare-ips.activity","","","",0,*,"","","","BackboneElement {[]} {[]}
","Action to occur as part of plan","Action to occur as part of plan","","","","","","","","","",,,,,"",,,,"PlanOfCare-ips.activity",0,*,"","ele-1:All FHIR elements must have a @value or children {hasValue() or (children().count() > id.count())}
"
"PlanOfCare-ips","PlanOfCare-ips.activity.id","PlanOfCare-ips.activity.id","","","",0,1,"","","","string {[]} {[]}
","Unique id for inter-element referencing","Unique id for the element within a resource (for internal references). This may be any string value that does not contain spaces.","","","","","","","","","",,,,,"",,,,"Element.id",0,1,"",""
"PlanOfCare-ips","PlanOfCare-ips.activity.extension","PlanOfCare-ips.activity.extension","","extensions
user content","",0,*,"","","","Extension {[]} {[]}
","Additional content defined by implementations","May be used to represent additional information that is not part of the basic definition of the element. To make the use of extensions safe and manageable, there is a strict set of governance  applied to the definition and use of extensions. Though any implementer can define an extension, there is a set of requirements that SHALL be met as part of the definition of the extension.","There can be no stigma associated with the use of extensions by any application, project, or standard - regardless of the institution or jurisdiction that uses or defines the extensions.  The use of extensions is what allows the FHIR specification to retain a core level of simplicity for everyone.","","","","","","","","",,,,,"","value:url}
","Extensions are always sliced by (at least) url",,"open","Element.extension",0,*,"","ele-1:All FHIR elements must have a @value or children {hasValue() or (children().count() > id.count())}
ext-1:Must have either extensions or value[x], not both {extension.exists() != value.exists()}"
"PlanOfCare-ips","PlanOfCare-ips.activity.modifierExtension","PlanOfCare-ips.activity.modifierExtension","","extensions
user contentmodifiers","",0,*,"","Y","Y","Extension {[]} {[]}
","Extensions that cannot be ignored even if unrecognized","May be used to represent additional information that is not part of the basic definition of the element and that modifies the understanding of the element in which it is contained and/or the understanding of the containing element's descendants. Usually modifier elements provide negation or qualification. To make the use of extensions safe and manageable, there is a strict set of governance applied to the definition and use of extensions. Though any implementer can define an extension, there is a set of requirements that SHALL be met as part of the definition of the extension. Applications processing a resource are required to check for modifier extensions.

Modifier extensions SHALL NOT change the meaning of any elements on Resource or DomainResource (including cannot change the meaning of modifierExtension itself).","There can be no stigma associated with the use of extensions by any application, project, or standard - regardless of the institution or jurisdiction that uses or defines the extensions.  The use of extensions is what allows the FHIR specification to retain a core level of simplicity for everyone.","Modifier extensions allow for extensions that *cannot* be safely ignored to be clearly distinguished from the vast majority of extensions which can be safely ignored.  This promotes interoperability by eliminating the need for implementers to prohibit the presence of extensions. For further information, see the [definition of modifier extensions](http://hl7.org/fhir/R4/extensibility.html#modifierExtension).","","","","","","","",,,,,"",,,,"BackboneElement.modifierExtension",0,*,"","ele-1:All FHIR elements must have a @value or children {hasValue() or (children().count() > id.count())}
ext-1:Must have either extensions or value[x], not both {extension.exists() != value.exists()}"
"PlanOfCare-ips","PlanOfCare-ips.activity.outcomeReference","PlanOfCare-ips.activity.outcomeReference","","","",0,*,"","","","Reference {[]} {[CanonicalType[http://hl7.org/fhir/StructureDefinition/Resource]]}
","Appointment, Encounter, Procedure, etc.","Appointment, Encounter, Procedure, etc.","","","","","","","","","",,,,,"",,,,"PlanOfCare-ips.activity.outcomeReference",0,*,"",""
"PlanOfCare-ips","PlanOfCare-ips.activity.kind","PlanOfCare-ips.activity.kind","","","",0,1,"","","","code {[]} {[]}
","Appointment | CommunicationRequest | DeviceRequest | MedicationRequest | NutritionOrder | Task | ServiceRequest | VisionPrescription","Appointment | CommunicationRequest | DeviceRequest | MedicationRequest | NutritionOrder | Task | ServiceRequest | VisionPrescription","","","","","","","","","",,"required","","http://hl7.org/fhir/ValueSet/care-plan-activity-kind","",,,,"PlanOfCare-ips.activity.kind",0,1,"",""
"PlanOfCare-ips","PlanOfCare-ips.activity.code","PlanOfCare-ips.activity.code","","","",0,1,"","","","CodeableConcept {[]} {[]}
","Detail type of activity","Detail type of activity","","","","","","","","","",,,,,"",,,,"PlanOfCare-ips.activity.code",0,1,"",""
"PlanOfCare-ips","PlanOfCare-ips.activity.status","PlanOfCare-ips.activity.status","","","",1,1,"","","","code {[]} {[]}
","not-started | scheduled | in-progress | on-hold | completed | cancelled | stopped | unknown | entered-in-error","not-started | scheduled | in-progress | on-hold | completed | cancelled | stopped | unknown | entered-in-error","","","","","","","","","",,"required","","http://hl7.org/fhir/ValueSet/care-plan-activity-status","",,,,"PlanOfCare-ips.activity.status",1,1,"",""
"PlanOfCare-ips","PlanOfCare-ips.activity.scheduled[x]","PlanOfCare-ips.activity.scheduled[x]","","","",0,1,"","","","Timing {[]} {[]}
Period {[]} {[]}string {[]} {[]}","When activity is to occur","When activity is to occur","","","","","","","","","",,,,,"",,,,"PlanOfCare-ips.activity.scheduled[x]",0,1,"",""
"PlanOfCare-ips","PlanOfCare-ips.activity.performer","PlanOfCare-ips.activity.performer","","","",0,*,"","","","Reference {[]} {[CanonicalType[http://hl7.org/fhir/StructureDefinition/Practitioner], CanonicalType[http://hl7.org/fhir/StructureDefinition/PractitionerRole], CanonicalType[http://hl7.org/fhir/StructureDefinition/RelatedPerson], CanonicalType[http://hl7.org/fhir/StructureDefinition/Organization]]}
","Who will be responsible?","Who will be responsible?","","","","","","","","","",,,,,"",,,,"PlanOfCare-ips.activity.performer",0,*,"",""
"ProblemList-ips","ProblemList-ips","ProblemList-ips","","","",0,*,"","","","null {[]} {[]}
","Problem List (IPS)","Abbildung der Datenfelder, die für den Entwurf der Datenspezifikation des Rahmenkonzepts Integrierte Versorgung Diabetes Mellitus Typ 2 erforderlich sind, auf dem des IPS-Modul ""Problem List"".

Refer to the **[mapping from the logical model of diabetes to the logical model based on the International Patient Summary (IPS)](mappings.html)** in order to get an idea how the IPS relates to diabetes.","","","","","","","","","",,,,,"",,,,"Base",0,*,"",""
"ProblemList-ips","ProblemList-ips.code","ProblemList-ips.code","","","",1,1,"","","","CodeableConcept {[]} {[]}
","Identification of the condition, problem or diagnosis","Identification of the condition, problem or diagnosis","","","","","","","","","",,"preferred","","http://hl7.org/fhir/uv/ips/ValueSet/problems-snomed-absent-unknown-uv-ips","",,,,"ProblemList-ips.code",1,1,"",""
"ProblemList-ips","ProblemList-ips.subject","ProblemList-ips.subject","","","",1,1,"","","","https://fhir.hl7.at/elga-iv-diabetes/StructureDefinition/Subject-ips {[]} {[]}
","Who has the condition?","Who has the condition?","","","","","","","","","",,,,,"",,,,"ProblemList-ips.subject",1,1,"",""
"ProblemList-ips","ProblemList-ips.recordedDate","ProblemList-ips.recordedDate","","","",1,1,"","","","dateTime {[]} {[]}
","Date record was first recorded","Date record was first recorded","","","","","","","","","",,,,,"",,,,"ProblemList-ips.recordedDate",1,1,"",""
"ProblemList-ips","ProblemList-ips.asserter","ProblemList-ips.asserter","","","",1,1,"","","","Reference {[]} {[CanonicalType[http://hl7.org/fhir/StructureDefinition/Practitioner], CanonicalType[http://hl7.org/fhir/StructureDefinition/PractitionerRole]]}
","Person who asserts this condition","Person who asserts this condition","","","","","","","","","",,,,,"",,,,"ProblemList-ips.asserter",1,1,"",""
"SocialHistory-ips","SocialHistory-ips","SocialHistory-ips","","","",0,*,"","","","null {[]} {[]}
","Social History (IPS)","Abbildung der Datenfelder, die für den Entwurf der Datenspezifikation des Rahmenkonzepts Integrierte Versorgung Diabetes Mellitus Typ 2 erforderlich sind, auf dem des IPS-Modul ""Social History"".

Refer to the **[mapping from the logical model of diabetes to the logical model based on the International Patient Summary (IPS)](mappings.html)** in order to get an idea how the IPS relates to diabetes.","","","","","","","","","",,,,,"",,,,"Base",0,*,"",""
"SocialHistory-ips","SocialHistory-ips.code","SocialHistory-ips.code","","","",1,1,"","","","CodeableConcept {[]} {[]}
","Type of observation (code / type)","Type of observation (code / type)","","","","","","","","","",,,,,"",,,,"SocialHistory-ips.code",1,1,"",""
"SocialHistory-ips","SocialHistory-ips.subject","SocialHistory-ips.subject","","","",1,1,"","","","https://fhir.hl7.at/elga-iv-diabetes/StructureDefinition/Subject-ips {[]} {[]}
","Who and/or what the observation is about","Who and/or what the observation is about","","","","","","","","","",,,,,"",,,,"SocialHistory-ips.subject",1,1,"",""
"SocialHistory-ips","SocialHistory-ips.effective[x]","SocialHistory-ips.effective[x]","","","",1,1,"","","","dateTime {[]} {[]}
Period {[]} {[]}","Clinically relevant time/time-period for observation","Clinically relevant time/time-period for observation","","","","","","","","","",,,,,"",,,,"SocialHistory-ips.effective[x]",1,1,"",""
"SocialHistory-ips","SocialHistory-ips.performer","SocialHistory-ips.performer","","","",0,*,"","","","Reference {[]} {[CanonicalType[http://hl7.org/fhir/StructureDefinition/Practitioner], CanonicalType[http://hl7.org/fhir/StructureDefinition/PractitionerRole]]}
","Who is responsible for the observation","Who is responsible for the observation","","","","","","","","","",,,,,"",,,,"SocialHistory-ips.performer",0,*,"",""
"SocialHistory-ips","SocialHistory-ips.value[x]","SocialHistory-ips.value[x]","","","",1,1,"","","","Quantity {[]} {[]}
CodeableConcept {[]} {[]}string {[]} {[]}boolean {[]} {[]}integer {[]} {[]}Range {[]} {[]}Ratio {[]} {[]}SampledData {[]} {[]}time {[]} {[]}dateTime {[]} {[]}Period {[]} {[]}","Actual result","Actual result","","","","","","","","","",,,,,"",,,,"SocialHistory-ips.value[x]",1,1,"",""
"Subject-ips","Subject-ips","Subject-ips","","","",0,*,"","","","null {[]} {[]}
","Subject (IPS)","Abbildung der Datenfelder, die für den Entwurf der Datenspezifikation des Rahmenkonzepts Integrierte Versorgung Diabetes Mellitus Typ 2 erforderlich sind, auf dem des IPS-Modul ""Subject"".

Refer to the **[mapping from the logical model of diabetes to the logical model based on the International Patient Summary (IPS)](mappings.html)** in order to get an idea how the IPS relates to diabetes.","","","","","","","","","",,,,,"",,,,"Base",0,*,"",""
"Subject-ips","Subject-ips.identifier","Subject-ips.identifier","","","",1,*,"","","","Identifier {[]} {[]}
","An identifier for this subject","An identifier for this subject","","","","","","","","","",,,,,"",,,,"Subject-ips.identifier",1,*,"",""
"Subject-ips","Subject-ips.name","Subject-ips.name","","","",1,*,"","","","HumanName {[]} {[]}
","A name associated with the subject","A name associated with the subject","","","","","","","","","",,,,,"",,,,"Subject-ips.name",1,*,"",""
"Subject-ips","Subject-ips.telecom","Subject-ips.telecom","","","",1,*,"","","","ContactPoint {[]} {[]}
","A contact detail for the subject","A contact detail for the subject","","","","","","","","","",,,,,"",,,,"Subject-ips.telecom",1,*,"",""
"Subject-ips","Subject-ips.gender","Subject-ips.gender","","","",1,1,"","","","code {[]} {[]}
","male | female | other | unknown","male | female | other | unknown","","","","","","","","","",,"required","","http://hl7.org/fhir/ValueSet/administrative-gender","",,,,"Subject-ips.gender",1,1,"",""
"Subject-ips","Subject-ips.genderExtension","Subject-ips.genderExtension","","","",0,1,"","","","CodeableConcept {[]} {[]}
","Extension in case gender = other","Extension in case gender = other","","","","","","","","","",,"required","","https://termgit.elga.gv.at/ValueSet/hl7-at-administrativegender-fhir-extension","",,,,"Subject-ips.genderExtension",0,1,"",""
"Subject-ips","Subject-ips.birthDate","Subject-ips.birthDate","","","",1,1,"","","","date {[]} {[]}
","The date of birth for the subject","The date of birth for the subject","","","","","","","","","",,,,,"",,,,"Subject-ips.birthDate",1,1,"",""
"Subject-ips","Subject-ips.address","Subject-ips.address","","","",1,*,"","","","Address {[]} {[]}
","An address for the subject","An address for the subject","","","","","","","","","",,,,,"",,,,"Subject-ips.address",1,*,"",""
"Subject-ips","Subject-ips.contact","Subject-ips.contact","","","",0,*,"","","","BackboneElement {[]} {[]}
","A contact party (e.g. guardian, partner, friend) for the patient","A contact party (e.g. guardian, partner, friend) for the patient","","","","","","","","","",,,,,"",,,,"Subject-ips.contact",0,*,"",""
"Subject-ips","Subject-ips.contactInsurance","Subject-ips.contactInsurance","","","",1,1,"","","","BackboneElement {[]} {[]}
","The insurance company","The insurance company","","","","","","","","","",,,,,"",,,,"Subject-ips.contactInsurance",1,1,"","ele-1:All FHIR elements must have a @value or children {hasValue() or (children().count() > id.count())}
"
"Subject-ips","Subject-ips.contactInsurance.id","Subject-ips.contactInsurance.id","","","",0,1,"","","","string {[]} {[]}
","Unique id for inter-element referencing","Unique id for the element within a resource (for internal references). This may be any string value that does not contain spaces.","","","","","","","","","",,,,,"",,,,"Element.id",0,1,"",""
"Subject-ips","Subject-ips.contactInsurance.extension","Subject-ips.contactInsurance.extension","","extensions
user content","",0,*,"","","","Extension {[]} {[]}
","Additional content defined by implementations","May be used to represent additional information that is not part of the basic definition of the element. To make the use of extensions safe and manageable, there is a strict set of governance  applied to the definition and use of extensions. Though any implementer can define an extension, there is a set of requirements that SHALL be met as part of the definition of the extension.","There can be no stigma associated with the use of extensions by any application, project, or standard - regardless of the institution or jurisdiction that uses or defines the extensions.  The use of extensions is what allows the FHIR specification to retain a core level of simplicity for everyone.","","","","","","","","",,,,,"","value:url}
","Extensions are always sliced by (at least) url",,"open","Element.extension",0,*,"","ele-1:All FHIR elements must have a @value or children {hasValue() or (children().count() > id.count())}
ext-1:Must have either extensions or value[x], not both {extension.exists() != value.exists()}"
"Subject-ips","Subject-ips.contactInsurance.modifierExtension","Subject-ips.contactInsurance.modifierExtension","","extensions
user contentmodifiers","",0,*,"","Y","Y","Extension {[]} {[]}
","Extensions that cannot be ignored even if unrecognized","May be used to represent additional information that is not part of the basic definition of the element and that modifies the understanding of the element in which it is contained and/or the understanding of the containing element's descendants. Usually modifier elements provide negation or qualification. To make the use of extensions safe and manageable, there is a strict set of governance applied to the definition and use of extensions. Though any implementer can define an extension, there is a set of requirements that SHALL be met as part of the definition of the extension. Applications processing a resource are required to check for modifier extensions.

Modifier extensions SHALL NOT change the meaning of any elements on Resource or DomainResource (including cannot change the meaning of modifierExtension itself).","There can be no stigma associated with the use of extensions by any application, project, or standard - regardless of the institution or jurisdiction that uses or defines the extensions.  The use of extensions is what allows the FHIR specification to retain a core level of simplicity for everyone.","Modifier extensions allow for extensions that *cannot* be safely ignored to be clearly distinguished from the vast majority of extensions which can be safely ignored.  This promotes interoperability by eliminating the need for implementers to prohibit the presence of extensions. For further information, see the [definition of modifier extensions](http://hl7.org/fhir/R4/extensibility.html#modifierExtension).","","","","","","","",,,,,"",,,,"BackboneElement.modifierExtension",0,*,"","ele-1:All FHIR elements must have a @value or children {hasValue() or (children().count() > id.count())}
ext-1:Must have either extensions or value[x], not both {extension.exists() != value.exists()}"
"Subject-ips","Subject-ips.contactInsurance.relationship","Subject-ips.contactInsurance.relationship","","","",1,1,"","","","CodeableConcept {[]} {[]}
","The nature of the relationship between a patient and a contact person for that patient.","The nature of the relationship between a patient and a contact person for that patient.","","","","","<valueCodeableConcept xmlns=""http://hl7.org/fhir"">
  <coding>
    <system value=""http://terminology.hl7.org/CodeSystem/v2-0131""/>
    <code value=""I""/>
  </coding>
</valueCodeableConcept>","","","","",,"required","","http://hl7.org/fhir/ValueSet/patient-contactrelationship","",,,,"Subject-ips.contactInsurance.relationship",1,1,"",""
"Subject-ips","Subject-ips.generalPractitioner","Subject-ips.generalPractitioner","","","",0,*,"","","","Reference {[]} {[CanonicalType[http://hl7.org/fhir/StructureDefinition/Organization], CanonicalType[http://hl7.org/fhir/StructureDefinition/Practitioner], CanonicalType[http://hl7.org/fhir/StructureDefinition/PractitionerRole]]}
","Patient's nominated primary care provider","Patient's nominated primary care provider","","","","","","","","","",,,,,"",,,,"Subject-ips.generalPractitioner",0,*,"",""
"VitalSigns-ips","VitalSigns-ips","VitalSigns-ips","","","",0,*,"","","","null {[]} {[]}
","Vital Signs (IPS)","Abbildung der Datenfelder, die für den Entwurf der Datenspezifikation des Rahmenkonzepts Integrierte Versorgung Diabetes Mellitus Typ 2 erforderlich sind, auf dem des IPS-Modul ""Vital Signs"".

Refer to the **[mapping from the logical model of diabetes to the logical model based on the International Patient Summary (IPS)](mappings.html)** in order to get an idea how the IPS relates to diabetes.","","","","","","","","","",,,,,"",,,,"Base",0,*,"",""
"VitalSigns-ips","VitalSigns-ips.code","VitalSigns-ips.code","","","",1,1,"","","","CodeableConcept {[]} {[]}
","Coded Responses from C-CDA Vital Sign Results","Coded Responses from C-CDA Vital Sign Results","","","","","","","","","",,,,,"",,,,"VitalSigns-ips.code",1,1,"",""
"VitalSigns-ips","VitalSigns-ips.subject","VitalSigns-ips.subject","","","",1,1,"","","","https://fhir.hl7.at/elga-iv-diabetes/StructureDefinition/Subject-ips {[]} {[]}
","Who and/or what the observation is about","Who and/or what the observation is about","","","","","","","","","",,,,,"",,,,"VitalSigns-ips.subject",1,1,"",""
"VitalSigns-ips","VitalSigns-ips.performer","VitalSigns-ips.performer","","","",0,*,"","","","Reference {[]} {[CanonicalType[http://hl7.org/fhir/StructureDefinition/Practitioner], CanonicalType[http://hl7.org/fhir/StructureDefinition/PractitionerRole]]}
","Who is responsible for the observation","Who is responsible for the observation","","","","","","","","","",,,,,"",,,,"VitalSigns-ips.performer",0,*,"",""
"VitalSigns-ips","VitalSigns-ips.value[x]","VitalSigns-ips.value[x]","","","",0,1,"","","","Quantity {[]} {[]}
CodeableConcept {[]} {[]}string {[]} {[]}boolean {[]} {[]}integer {[]} {[]}Range {[]} {[]}Ratio {[]} {[]}SampledData {[]} {[]}time {[]} {[]}dateTime {[]} {[]}Period {[]} {[]}","Vital Signs value are recorded using the Quantity data type. For supporting observations such as Cuff size could use other datatypes such as CodeableConcept.","Vital Signs value are recorded using the Quantity data type. For supporting observations such as Cuff size could use other datatypes such as CodeableConcept.","","","","","","","","","",,,,,"",,,,"VitalSigns-ips.value[x]",0,1,"",""
"at-iv-allergyintolerance","AllergyIntolerance","AllergyIntolerance","","Allergy
IntoleranceAdverse Reaction","",0,*,"","","","null {[]} {[]}
","AT IPS AllergyIntolerance","Risk of harmful or undesirable, physiological response which is unique to an individual and associated with exposure to a substance.","Substances include, but are not limited to: a therapeutic substance administered correctly at an appropriate dosage for the individual; food; material derived from plants or animals; or venom from insect stings.","","","","","","","","",,,,,"",,,,"AllergyIntolerance",0,*,"","ait-1:AllergyIntolerance.clinicalStatus SHALL be present if verificationStatus is not entered-in-error. {verificationStatus.coding.where(system = 'http://terminology.hl7.org/CodeSystem/allergyintolerance-verification' and code = 'entered-in-error').exists() or clinicalStatus.exists()}
ait-2:AllergyIntolerance.clinicalStatus SHALL NOT be present if verification Status is entered-in-error {verificationStatus.coding.where(system = 'http://terminology.hl7.org/CodeSystem/allergyintolerance-verification' and code = 'entered-in-error').empty() or clinicalStatus.empty()}dom-2:If the resource is contained in another resource, it SHALL NOT contain nested Resources {contained.contained.empty()}dom-3:If the resource is contained in another resource, it SHALL be referred to from elsewhere in the resource or SHALL refer to the containing resource {contained.where((('#'+id in (%resource.descendants().reference | %resource.descendants().as(canonical) | %resource.descendants().as(uri) | %resource.descendants().as(url))) or descendants().where(reference = '#').exists() or descendants().where(as(canonical) = '#').exists() or descendants().where(as(canonical) = '#').exists()).not()).trace('unmatched', id).empty()}dom-4:If a resource is contained in another resource, it SHALL NOT have a meta.versionId or a meta.lastUpdated {contained.meta.versionId.empty() and contained.meta.lastUpdated.empty()}dom-5:If a resource is contained in another resource, it SHALL NOT have a security label {contained.meta.security.empty()}dom-6:A resource should have narrative for robust management {text.`div`.exists()}"
"at-iv-allergyintolerance","AllergyIntolerance.id","AllergyIntolerance.id","","","",0,1,"","","Y","id {[]} {[]}
","Logical id of this artifact","The logical id of the resource, as used in the URL for the resource. Once assigned, this value never changes.","The only time that a resource does not have an id is when it is being submitted to the server using a create operation.","","","","","","","","",,,,,"",,,,"Resource.id",0,1,"",""
"at-iv-allergyintolerance","AllergyIntolerance.meta","AllergyIntolerance.meta","","","",0,1,"","","Y","Meta {[]} {[]}
","Metadata about the resource","The metadata about the resource. This is content that is maintained by the infrastructure. Changes to the content might not always be associated with version changes to the resource.","","","","","","","","","",,,,,"",,,,"Resource.meta",0,1,"","ele-1:All FHIR elements must have a @value or children {hasValue() or (children().count() > id.count())}
"
"at-iv-allergyintolerance","AllergyIntolerance.implicitRules","AllergyIntolerance.implicitRules","","","",0,1,"","Y","Y","uri {[]} {[]}
","A set of rules under which this content was created","A reference to a set of rules that were followed when the resource was constructed, and which must be understood when processing the content. Often, this is a reference to an implementation guide that defines the special rules along with other profiles etc.","Asserting this rule set restricts the content to be only understood by a limited set of trading partners. This inherently limits the usefulness of the data in the long term. However, the existing health eco-system is highly fractured, and not yet ready to define, collect, and exchange data in a generally computable sense. Wherever possible, implementers and/or specification writers should avoid using this element. Often, when used, the URL is a reference to an implementation guide that defines these special rules as part of it's narrative along with other profiles, value sets, etc.","","","","","","","","",,,,,"",,,,"Resource.implicitRules",0,1,"","ele-1:All FHIR elements must have a @value or children {hasValue() or (children().count() > id.count())}
"
"at-iv-allergyintolerance","AllergyIntolerance.language","AllergyIntolerance.language","","","",0,1,"","","","code {[]} {[]}
","Language of the resource content","The base language in which the resource is written.","Language is provided to support indexing and accessibility (typically, services such as text to speech use the language tag). The html language tag in the narrative applies  to the narrative. The language tag on the resource may be used to specify the language of other presentations generated from the data in the resource. Not all the content has to be in the base language. The Resource.language should not be assumed to apply to the narrative automatically. If a language is specified, it should it also be specified on the div element in the html (see rules in HTML5 for information about the relationship between xml:lang and the html lang attribute).","","","","","","","","",,"preferred","A human language.","http://hl7.org/fhir/ValueSet/languages","",,,,"Resource.language",0,1,"","ele-1:All FHIR elements must have a @value or children {hasValue() or (children().count() > id.count())}
"
"at-iv-allergyintolerance","AllergyIntolerance.text","AllergyIntolerance.text","","narrative
htmlxhtmldisplay","",0,1,"","","","Narrative {[]} {[]}
","Text summary of the resource, for human interpretation","A human-readable narrative that contains a summary of the resource and can be used to represent the content of the resource to a human. The narrative need not encode all the structured data, but is required to contain sufficient detail to make it ""clinically safe"" for a human to just read the narrative. Resource definitions may define what content should be represented in the narrative to ensure clinical safety.","Contained resources do not have narrative. Resources that are not contained SHOULD have a narrative. In some cases, a resource may only have text with little or no additional discrete data (as long as all minOccurs=1 elements are satisfied).  This may be necessary for data from legacy systems where information is captured as a ""text blob"" or where text is additionally entered raw or narrated and encoded information is added later.","","","","","","","","",,,,,"",,,,"DomainResource.text",0,1,"","ele-1:All FHIR elements must have a @value or children {hasValue() or (children().count() > id.count())}
"
"at-iv-allergyintolerance","AllergyIntolerance.contained","AllergyIntolerance.contained","","inline resources
anonymous resourcescontained resources","",0,*,"","","","Resource {[]} {[]}
","Contained, inline Resources","These resources do not have an independent existence apart from the resource that contains them - they cannot be identified independently, and nor can they have their own independent transaction scope.","This should never be done when the content can be identified properly, as once identification is lost, it is extremely difficult (and context dependent) to restore it again. Contained resources may have profiles and tags In their meta elements, but SHALL NOT have security labels.","","","","","","","","",,,,,"",,,,"DomainResource.contained",0,*,"",""
"at-iv-allergyintolerance","AllergyIntolerance.extension","AllergyIntolerance.extension","","extensions
user content","",0,*,"","","","Extension {[]} {[]}
","Additional content defined by implementations","May be used to represent additional information that is not part of the basic definition of the resource. To make the use of extensions safe and manageable, there is a strict set of governance  applied to the definition and use of extensions. Though any implementer can define an extension, there is a set of requirements that SHALL be met as part of the definition of the extension.","There can be no stigma associated with the use of extensions by any application, project, or standard - regardless of the institution or jurisdiction that uses or defines the extensions.  The use of extensions is what allows the FHIR specification to retain a core level of simplicity for everyone.","","","","","","","","",,,,,"",,,,"DomainResource.extension",0,*,"","ele-1:All FHIR elements must have a @value or children {hasValue() or (children().count() > id.count())}
ext-1:Must have either extensions or value[x], not both {extension.exists() != value.exists()}"
"at-iv-allergyintolerance","AllergyIntolerance.modifierExtension","AllergyIntolerance.modifierExtension","","extensions
user content","",0,*,"","Y","","Extension {[]} {[]}
","Extensions that cannot be ignored","May be used to represent additional information that is not part of the basic definition of the resource and that modifies the understanding of the element that contains it and/or the understanding of the containing element's descendants. Usually modifier elements provide negation or qualification. To make the use of extensions safe and manageable, there is a strict set of governance applied to the definition and use of extensions. Though any implementer is allowed to define an extension, there is a set of requirements that SHALL be met as part of the definition of the extension. Applications processing a resource are required to check for modifier extensions.

Modifier extensions SHALL NOT change the meaning of any elements on Resource or DomainResource (including cannot change the meaning of modifierExtension itself).","There can be no stigma associated with the use of extensions by any application, project, or standard - regardless of the institution or jurisdiction that uses or defines the extensions.  The use of extensions is what allows the FHIR specification to retain a core level of simplicity for everyone.","Modifier extensions allow for extensions that *cannot* be safely ignored to be clearly distinguished from the vast majority of extensions which can be safely ignored.  This promotes interoperability by eliminating the need for implementers to prohibit the presence of extensions. For further information, see the [definition of modifier extensions](http://hl7.org/fhir/R4/extensibility.html#modifierExtension).","","","","","","","",,,,,"",,,,"DomainResource.modifierExtension",0,*,"","ele-1:All FHIR elements must have a @value or children {hasValue() or (children().count() > id.count())}
ext-1:Must have either extensions or value[x], not both {extension.exists() != value.exists()}"
"at-iv-allergyintolerance","AllergyIntolerance.identifier","AllergyIntolerance.identifier","","","",0,*,"","","Y","Identifier {[]} {[]}
","External ids for this item","Business identifiers assigned to this AllergyIntolerance by the performer or other systems which remain constant as the resource is updated and propagates from server to server.","This is a business identifier, not a resource identifier (see [discussion](http://hl7.org/fhir/R4/resource.html#identifiers)).  It is best practice for the identifier to only appear on a single resource instance, however business practices may occasionally dictate that multiple resource instances with the same identifier can exist - possibly even with different resource types.  For example, multiple Patient and a Person resource instance might share the same social insurance number.","Allows identification of the AllergyIntolerance as it is known by various participating systems and in a way that remains consistent across servers.","","","","","","","",,,,,"",,,,"AllergyIntolerance.identifier",0,*,"","ele-1:All FHIR elements must have a @value or children {hasValue() or (children().count() > id.count())}
"
"at-iv-allergyintolerance","AllergyIntolerance.clinicalStatus","AllergyIntolerance.clinicalStatus","","","",0,1,"","Y","Y","CodeableConcept {[]} {[]}
","active | inactive | resolved","The clinical status of the allergy or intolerance.","Refer to [discussion](http://hl7.org/fhir/R4/extensibility.html#Special-Case) if clincalStatus is missing data.
The data type is CodeableConcept because clinicalStatus has some clinical judgment involved, such that there might need to be more specificity than the required FHIR value set allows. For example, a SNOMED coding might allow for additional specificity.","","","","","","","","",,"required","The clinical status of the allergy or intolerance.","http://hl7.org/fhir/ValueSet/allergyintolerance-clinical|4.0.1","",,,,"AllergyIntolerance.clinicalStatus",0,1,"ait-1
ait-2","ele-1:All FHIR elements must have a @value or children {hasValue() or (children().count() > id.count())}
"
"at-iv-allergyintolerance","AllergyIntolerance.verificationStatus","AllergyIntolerance.verificationStatus","","","",0,1,"","Y","Y","CodeableConcept {[]} {[]}
","unconfirmed | confirmed | refuted | entered-in-error","Assertion about certainty associated with the propensity, or potential risk, of a reaction to the identified substance (including pharmaceutical product).","The data type is CodeableConcept because verificationStatus has some clinical judgment involved, such that there might need to be more specificity than the required FHIR value set allows. For example, a SNOMED coding might allow for additional specificity.","","","","","","","","",,"required","Assertion about certainty associated with a propensity, or potential risk, of a reaction to the identified substance.","http://hl7.org/fhir/ValueSet/allergyintolerance-verification|4.0.1","",,,,"AllergyIntolerance.verificationStatus",0,1,"ait-1
ait-2","ele-1:All FHIR elements must have a @value or children {hasValue() or (children().count() > id.count())}
"
"at-iv-allergyintolerance","AllergyIntolerance.type","AllergyIntolerance.type","","Category
Class","",0,1,"","","Y","code {[]} {[]}
","allergy | intolerance - Underlying mechanism (if known)","Identification of the underlying physiological mechanism for the reaction risk.","Allergic (typically immune-mediated) reactions have been traditionally regarded as an indicator for potential escalation to significant future risk. Contemporary knowledge suggests that some reactions previously thought to be immune-mediated are, in fact, non-immune, but in some cases can still pose a life threatening risk. It is acknowledged that many clinicians might not be in a position to distinguish the mechanism of a particular reaction. Often the term ""allergy"" is used rather generically and may overlap with the use of ""intolerance"" - in practice the boundaries between these two concepts might not be well-defined or understood. This data element is included nevertheless, because many legacy systems have captured this attribute. Immunologic testing may provide supporting evidence for the basis of the reaction and the causative substance, but no tests are 100% sensitive or specific for sensitivity to a particular substance. If, as is commonly the case, it is unclear whether the reaction is due to an allergy or an intolerance, then the type element should be omitted from the resource.","","","","","","","","",,"required","Identification of the underlying physiological mechanism for a Reaction Risk.","http://hl7.org/fhir/ValueSet/allergy-intolerance-type|4.0.1","",,,,"AllergyIntolerance.type",0,1,"","ele-1:All FHIR elements must have a @value or children {hasValue() or (children().count() > id.count())}
"
"at-iv-allergyintolerance","AllergyIntolerance.category","AllergyIntolerance.category","","Category
TypeReaction TypeClass","",0,*,"","","Y","code {[]} {[]}
","food | medication | environment | biologic","Category of the identified substance.","This data element has been included because it is currently being captured in some clinical systems. This data can be derived from the substance where coding systems are used, and is effectively redundant in that situation.  When searching on category, consider the implications of AllergyIntolerance resources without a category.  For example, when searching on category = medication, medication allergies that don't have a category valued will not be returned.  Refer to [search](http://hl7.org/fhir/R4/search.html) for more information on how to search category with a :missing modifier to get allergies that don't have a category.  Additionally, category should be used with caution because category can be subjective based on the sender.","","","","","","","","",,"required","Category of an identified substance associated with allergies or intolerances.","http://hl7.org/fhir/ValueSet/allergy-intolerance-category|4.0.1","",,,,"AllergyIntolerance.category",0,*,"","ele-1:All FHIR elements must have a @value or children {hasValue() or (children().count() > id.count())}
"
"at-iv-allergyintolerance","AllergyIntolerance.criticality","AllergyIntolerance.criticality","","Severity
SeriousnessContra-indicationRisk","",0,1,"","","Y","code {[]} {[]}
","low | high | unable-to-assess","Estimate of the potential clinical harm, or seriousness, of the reaction to the identified substance.","The default criticality value for any propensity to an adverse reaction should be 'Low Risk', indicating at the very least a relative contraindication to deliberate or voluntary exposure to the substance. 'High Risk' is flagged if the clinician has identified a propensity for a more serious or potentially life-threatening reaction, such as anaphylaxis, and implies an absolute contraindication to deliberate or voluntary exposure to the substance. If this element is missing, the criticality is unknown (though it may be known elsewhere).  Systems that capture a severity at the condition level are actually representing the concept of criticality whereas the severity documented at the reaction level is representing the true reaction severity.  Existing systems that are capturing both condition criticality and reaction severity may use the term ""severity"" to represent both.  Criticality is the worst it could be in the future (i.e. situation-agnostic) whereas severity is situation-dependent.","","","","","","","","",,"required","Estimate of the potential clinical harm, or seriousness, of a reaction to an identified substance.","http://hl7.org/fhir/ValueSet/allergy-intolerance-criticality|4.0.1","",,,,"AllergyIntolerance.criticality",0,1,"","ele-1:All FHIR elements must have a @value or children {hasValue() or (children().count() > id.count())}
"
"at-iv-allergyintolerance","AllergyIntolerance.code","AllergyIntolerance.code","","Code
","",1,1,"","","Y","CodeableConcept {[]} {[]}
","Code that identifies the allergy or intolerance","Code for an allergy or intolerance statement (either a positive or a negated/excluded statement).  This may be a code for a substance or pharmaceutical product that is considered to be responsible for the adverse reaction risk (e.g., ""Latex""), an allergy or intolerance condition (e.g., ""Latex allergy""), or a negated/excluded code for a specific substance or class (e.g., ""No latex allergy"") or a general or categorical negated statement (e.g.,  ""No known allergy"", ""No known drug allergies"").  Note: the substance for a specific reaction may be different from the substance identified as the cause of the risk, but it must be consistent with it. For instance, it may be a more specific substance (e.g. a brand medication) or a composite product that includes the identified substance. It must be clinically safe to only process the 'code' and ignore the 'reaction.substance'.  If a receiving system is unable to confirm that AllergyIntolerance.reaction.substance falls within the semantic scope of AllergyIntolerance.code, then the receiving system should ignore AllergyIntolerance.reaction.substance.","It is strongly recommended that this element be populated using a terminology, where possible. For example, some terminologies used include RxNorm, SNOMED CT, DM+D, NDFRT, ICD-9, IDC-10, UNII, and ATC. Plain text should only be used if there is no appropriate terminology available. Additional details can be specified in the text.When a substance or product code is specified for the 'code' element, the ""default"" semantic context is that this is a positive statement of an allergy or intolerance (depending on the value of the 'type' element, if present) condition to the specified substance/product.  In the corresponding SNOMED CT allergy model, the specified substance/product is the target (destination) of the ""Causative agent"" relationship.The 'substanceExposureRisk' extension is available as a structured and more flexible alternative to the 'code' element for making positive or negative allergy or intolerance statements.  This extension provides the capability to make ""no known allergy"" (or ""no risk of adverse reaction"") statements regarding any coded substance/product (including cases when a pre-coordinated ""no allergy to x"" concept for that substance/product does not exist).  If the 'substanceExposureRisk' extension is present, the AllergyIntolerance.code element SHALL be omitted.","","","","","","","","",,"example","Type of the substance/product, allergy or intolerance condition, or negation/exclusion codes for reporting no known allergies.","http://hl7.org/fhir/ValueSet/allergyintolerance-code","",,,,"AllergyIntolerance.code",0,1,"","ele-1:All FHIR elements must have a @value or children {hasValue() or (children().count() > id.count())}
"
"at-iv-allergyintolerance","AllergyIntolerance.patient","AllergyIntolerance.patient","","Patient
","",1,1,"","","Y","Reference {[]} {[CanonicalType[https://fhir.hl7.at/elga-austrianpatientsummary-r4/StructureDefinition/at-ips-patient]]}
","Who the sensitivity is for","The patient who has the allergy or intolerance.","","","","","","","","","",,,,,"",,,,"AllergyIntolerance.patient",1,1,"","ele-1:All FHIR elements must have a @value or children {hasValue() or (children().count() > id.count())}
"
"at-iv-allergyintolerance","AllergyIntolerance.encounter","AllergyIntolerance.encounter","","","",0,1,"","","","Reference {[]} {[CanonicalType[http://hl7.org/fhir/StructureDefinition/Encounter]]}
","Encounter when the allergy or intolerance was asserted","The encounter when the allergy or intolerance was asserted.","","","","","","","","","",,,,,"",,,,"AllergyIntolerance.encounter",0,1,"","ele-1:All FHIR elements must have a @value or children {hasValue() or (children().count() > id.count())}
"
"at-iv-allergyintolerance","AllergyIntolerance.onset[x]","AllergyIntolerance.onset[x]","","","",0,1,"","","","dateTime {[]} {[]}
Age {[]} {[]}Period {[]} {[]}Range {[]} {[]}string {[]} {[]}","When allergy or intolerance was identified","Estimated or actual date,  date-time, or age when allergy or intolerance was identified.","","","","","","","","","",,,,,"",,,,"AllergyIntolerance.onset[x]",0,1,"","ele-1:All FHIR elements must have a @value or children {hasValue() or (children().count() > id.count())}
"
"at-iv-allergyintolerance","AllergyIntolerance.recordedDate","AllergyIntolerance.recordedDate","","","",0,1,"","","","dateTime {[]} {[]}
","Date first version of the resource instance was recorded","The recordedDate represents when this particular AllergyIntolerance record was created in the system, which is often a system-generated date.","","","","","","","","","",,,,,"",,,,"AllergyIntolerance.recordedDate",0,1,"","ele-1:All FHIR elements must have a @value or children {hasValue() or (children().count() > id.count())}
"
"at-iv-allergyintolerance","AllergyIntolerance.recorder","AllergyIntolerance.recorder","","Author
","",0,1,"","","","Reference {[]} {[CanonicalType[http://hl7.org/fhir/StructureDefinition/Practitioner], CanonicalType[http://hl7.org/fhir/StructureDefinition/PractitionerRole], CanonicalType[http://hl7.org/fhir/StructureDefinition/Patient], CanonicalType[http://hl7.org/fhir/StructureDefinition/RelatedPerson]]}
","Who recorded the sensitivity","Individual who recorded the record and takes responsibility for its content.","","","","","","","","","",,,,,"",,,,"AllergyIntolerance.recorder",0,1,"","ele-1:All FHIR elements must have a @value or children {hasValue() or (children().count() > id.count())}
"
"at-iv-allergyintolerance","AllergyIntolerance.asserter","AllergyIntolerance.asserter","","Source
Informant","",0,1,"","","Y","Reference {[]} {[CanonicalType[http://hl7.org/fhir/StructureDefinition/RelatedPerson], CanonicalType[http://hl7.org/fhir/StructureDefinition/Practitioner], CanonicalType[http://hl7.org/fhir/StructureDefinition/PractitionerRole]]}
","Source of the information about the allergy","The source of the information about the allergy that is recorded.","The recorder takes responsibility for the content, but can reference the source from where they got it.","","","","","","","","",,,,,"",,,,"AllergyIntolerance.asserter",0,1,"","ele-1:All FHIR elements must have a @value or children {hasValue() or (children().count() > id.count())}
"
"at-iv-allergyintolerance","AllergyIntolerance.lastOccurrence","AllergyIntolerance.lastOccurrence","","","",0,1,"","","","dateTime {[]} {[]}
","Date(/time) of last known occurrence of a reaction","Represents the date and/or time of the last known occurrence of a reaction event.","This date may be replicated by one of the Onset of Reaction dates. Where a textual representation of the date of last occurrence is required e.g. 'In Childhood, '10 years ago' the Comment element should be used.","","","","","","","","",,,,,"",,,,"AllergyIntolerance.lastOccurrence",0,1,"","ele-1:All FHIR elements must have a @value or children {hasValue() or (children().count() > id.count())}
"
"at-iv-allergyintolerance","AllergyIntolerance.note","AllergyIntolerance.note","","","",0,*,"","","","Annotation {[]} {[]}
","Additional text not captured in other fields","Additional narrative about the propensity for the Adverse Reaction, not captured in other fields.","For example: including reason for flagging a seriousness of 'High Risk'; and instructions related to future exposure or administration of the substance, such as administration within an Intensive Care Unit or under corticosteroid cover. The notes should be related to an allergy or intolerance as a condition in general and not related to any particular episode of it. For episode notes and descriptions, use AllergyIntolerance.event.description and  AllergyIntolerance.event.notes.","","","","","","","","",,,,,"",,,,"AllergyIntolerance.note",0,*,"","ele-1:All FHIR elements must have a @value or children {hasValue() or (children().count() > id.count())}
"
"at-iv-allergyintolerance","AllergyIntolerance.reaction","AllergyIntolerance.reaction","","","",0,*,"","","","BackboneElement {[]} {[]}
","Adverse Reaction Events linked to exposure to substance","Details about each adverse reaction event linked to exposure to the identified substance.","","","","","","","","","",,,,,"",,,,"AllergyIntolerance.reaction",0,*,"","ele-1:All FHIR elements must have a @value or children {hasValue() or (children().count() > id.count())}
"
"at-iv-allergyintolerance","AllergyIntolerance.reaction.id","AllergyIntolerance.reaction.id","","","",0,1,"","","","string {[]} {[]}
","Unique id for inter-element referencing","Unique id for the element within a resource (for internal references). This may be any string value that does not contain spaces.","","","","","","","","","",,,,,"",,,,"Element.id",0,1,"",""
"at-iv-allergyintolerance","AllergyIntolerance.reaction.extension","AllergyIntolerance.reaction.extension","","extensions
user content","",0,*,"","","","Extension {[]} {[]}
","Additional content defined by implementations","May be used to represent additional information that is not part of the basic definition of the element. To make the use of extensions safe and manageable, there is a strict set of governance  applied to the definition and use of extensions. Though any implementer can define an extension, there is a set of requirements that SHALL be met as part of the definition of the extension.","There can be no stigma associated with the use of extensions by any application, project, or standard - regardless of the institution or jurisdiction that uses or defines the extensions.  The use of extensions is what allows the FHIR specification to retain a core level of simplicity for everyone.","","","","","","","","",,,,,"",,,,"Element.extension",0,*,"","ele-1:All FHIR elements must have a @value or children {hasValue() or (children().count() > id.count())}
ext-1:Must have either extensions or value[x], not both {extension.exists() != value.exists()}"
"at-iv-allergyintolerance","AllergyIntolerance.reaction.modifierExtension","AllergyIntolerance.reaction.modifierExtension","","extensions
user contentmodifiers","",0,*,"","Y","Y","Extension {[]} {[]}
","Extensions that cannot be ignored even if unrecognized","May be used to represent additional information that is not part of the basic definition of the element and that modifies the understanding of the element in which it is contained and/or the understanding of the containing element's descendants. Usually modifier elements provide negation or qualification. To make the use of extensions safe and manageable, there is a strict set of governance applied to the definition and use of extensions. Though any implementer can define an extension, there is a set of requirements that SHALL be met as part of the definition of the extension. Applications processing a resource are required to check for modifier extensions.

Modifier extensions SHALL NOT change the meaning of any elements on Resource or DomainResource (including cannot change the meaning of modifierExtension itself).","There can be no stigma associated with the use of extensions by any application, project, or standard - regardless of the institution or jurisdiction that uses or defines the extensions.  The use of extensions is what allows the FHIR specification to retain a core level of simplicity for everyone.","Modifier extensions allow for extensions that *cannot* be safely ignored to be clearly distinguished from the vast majority of extensions which can be safely ignored.  This promotes interoperability by eliminating the need for implementers to prohibit the presence of extensions. For further information, see the [definition of modifier extensions](http://hl7.org/fhir/R4/extensibility.html#modifierExtension).","","","","","","","",,,,,"",,,,"BackboneElement.modifierExtension",0,*,"","ele-1:All FHIR elements must have a @value or children {hasValue() or (children().count() > id.count())}
ext-1:Must have either extensions or value[x], not both {extension.exists() != value.exists()}"
"at-iv-allergyintolerance","AllergyIntolerance.reaction.substance","AllergyIntolerance.reaction.substance","","","",0,1,"","","","CodeableConcept {[]} {[]}
","Specific substance or pharmaceutical product considered to be responsible for event","Identification of the specific substance (or pharmaceutical product) considered to be responsible for the Adverse Reaction event. Note: the substance for a specific reaction may be different from the substance identified as the cause of the risk, but it must be consistent with it. For instance, it may be a more specific substance (e.g. a brand medication) or a composite product that includes the identified substance. It must be clinically safe to only process the 'code' and ignore the 'reaction.substance'.  If a receiving system is unable to confirm that AllergyIntolerance.reaction.substance falls within the semantic scope of AllergyIntolerance.code, then the receiving system should ignore AllergyIntolerance.reaction.substance.","Coding of the specific substance (or pharmaceutical product) with a terminology capable of triggering decision support should be used wherever possible.  The 'code' element allows for the use of a specific substance or pharmaceutical product, or a group or class of substances. In the case of an allergy or intolerance to a class of substances, (for example, ""penicillins""), the 'reaction.substance' element could be used to code the specific substance that was identified as having caused the reaction (for example, ""amoxycillin""). Duplication of the value in the 'code' and 'reaction.substance' elements is acceptable when a specific substance has been recorded in 'code'.","","","","","","","","",,"example","Codes defining the type of the substance (including pharmaceutical products).","http://hl7.org/fhir/ValueSet/substance-code","",,,,"AllergyIntolerance.reaction.substance",0,1,"","ele-1:All FHIR elements must have a @value or children {hasValue() or (children().count() > id.count())}
"
"at-iv-allergyintolerance","AllergyIntolerance.reaction.manifestation","AllergyIntolerance.reaction.manifestation","","Symptoms
Signs","",1,*,"","","","CodeableConcept {[]} {[]}
","Clinical symptoms/signs associated with the Event","Clinical symptoms and/or signs that are observed or associated with the adverse reaction event.","Manifestation can be expressed as a single word, phrase or brief description. For example: nausea, rash or no reaction. It is preferable that manifestation should be coded with a terminology, where possible. The values entered here may be used to display on an application screen as part of a list of adverse reactions, as recommended in the UK NHS CUI guidelines.  Terminologies commonly used include, but are not limited to, SNOMED CT or ICD10.","","","","","","","","",,"example","Clinical symptoms and/or signs that are observed or associated with an Adverse Reaction Event.","http://hl7.org/fhir/ValueSet/clinical-findings","",,,,"AllergyIntolerance.reaction.manifestation",1,*,"","ele-1:All FHIR elements must have a @value or children {hasValue() or (children().count() > id.count())}
"
"at-iv-allergyintolerance","AllergyIntolerance.reaction.description","AllergyIntolerance.reaction.description","","Narrative
Text","",0,1,"","","","string {[]} {[]}
","Description of the event as a whole","Text description about the reaction as a whole, including details of the manifestation if required.","Use the description to provide any details of a particular event of the occurred reaction such as circumstances, reaction specifics, what happened before/after. Information, related to the event, but not describing a particular care should be captured in the comment field. For example: at the age of four, the patient was given penicillin for strep throat and subsequently developed severe hives.","","","","","","","","",,,,,"",,,,"AllergyIntolerance.reaction.description",0,1,"","ele-1:All FHIR elements must have a @value or children {hasValue() or (children().count() > id.count())}
"
"at-iv-allergyintolerance","AllergyIntolerance.reaction.onset","AllergyIntolerance.reaction.onset","","","",0,1,"","","","dateTime {[]} {[]}
","Date(/time) when manifestations showed","Record of the date and/or time of the onset of the Reaction.","","","","","","","","","",,,,,"",,,,"AllergyIntolerance.reaction.onset",0,1,"","ele-1:All FHIR elements must have a @value or children {hasValue() or (children().count() > id.count())}
"
"at-iv-allergyintolerance","AllergyIntolerance.reaction.severity","AllergyIntolerance.reaction.severity","","","",0,1,"","","","code {[]} {[]}
","mild | moderate | severe (of event as a whole)","Clinical assessment of the severity of the reaction event as a whole, potentially considering multiple different manifestations.","It is acknowledged that this assessment is very subjective. There may be some specific practice domains where objective scales have been applied. Objective scales can be included in this model as extensions.","","","","","","","","",,"required","Clinical assessment of the severity of a reaction event as a whole, potentially considering multiple different manifestations.","http://hl7.org/fhir/ValueSet/reaction-event-severity|4.0.1","",,,,"AllergyIntolerance.reaction.severity",0,1,"","ele-1:All FHIR elements must have a @value or children {hasValue() or (children().count() > id.count())}
"
"at-iv-allergyintolerance","AllergyIntolerance.reaction.exposureRoute","AllergyIntolerance.reaction.exposureRoute","","","",0,1,"","","","CodeableConcept {[]} {[]}
","How the subject was exposed to the substance","Identification of the route by which the subject was exposed to the substance.","Coding of the route of exposure with a terminology should be used wherever possible.","","","","","","","","",,"example","A coded concept describing the route or physiological path of administration of a therapeutic agent into or onto the body of a subject.","http://hl7.org/fhir/ValueSet/route-codes","",,,,"AllergyIntolerance.reaction.exposureRoute",0,1,"","ele-1:All FHIR elements must have a @value or children {hasValue() or (children().count() > id.count())}
"
"at-iv-allergyintolerance","AllergyIntolerance.reaction.note","AllergyIntolerance.reaction.note","","","",0,*,"","","","Annotation {[]} {[]}
","Text about event not captured in other fields","Additional text about the adverse reaction event not captured in other fields.","Use this field to record information indirectly related to a particular event and not captured in the description. For example: Clinical records are no longer available, recorded based on information provided to the patient by her mother and her mother is deceased.","","","","","","","","",,,,,"",,,,"AllergyIntolerance.reaction.note",0,*,"","ele-1:All FHIR elements must have a @value or children {hasValue() or (children().count() > id.count())}
"
